Frequency_MHz,Relative_Power_dB
1805.0,-0.06443440483048857
1805.01953125,0.7454776069138014
1805.0390625,-0.6415559224951461
1805.05859375,0.5867281606468311
1805.078125,-0.2705156519945593
1805.09765625,-5.014320019139693
1805.1171875,-1.0852008793607386
1805.13671875,0.563950624263731
1805.15625,4.361874413369807
1805.17578125,0.7863232634886369
1805.1953125,0.46460297373911513
1805.21484375,1.938365497064312
1805.234375,1.9073797556499208
1805.25390625,-1.652656181227261
1805.2734375,0.8732378114421147
1805.29296875,1.799764530075659
1805.3125,-1.2245042103017902
1805.33203125,1.8476235916141075
1805.3515625,3.607637835920708
1805.37109375,0.6695110820228644
1805.390625,4.0987109202838825
1805.41015625,5.726085748482939
1805.4296875,3.7467511222644894
1805.44921875,-0.9156530835994976
1805.46875,2.129154531381385
1805.48828125,1.8872346793757644
1805.5078125,3.1368153102923406
1805.52734375,2.6495702892805695
1805.546875,-0.3635946369966735
1805.56640625,3.2636494054016567
1805.5859375,0.37210546335415734
1805.60546875,1.1415799066687007
1805.625,2.131319048034609
1805.64453125,4.083618348472578
1805.6640625,3.059423137520488
1805.68359375,4.459422934349641
1805.703125,3.7866563394140194
1805.72265625,1.802177948229334
1805.7421875,2.9198992977466682
1805.76171875,3.369928988309706
1805.78125,1.5938099473109495
1805.80078125,2.776240376211017
1805.8203125,2.777766317431245
1805.83984375,1.744965007872958
1805.859375,3.704828686202435
1805.87890625,4.067281699388413
1805.8984375,1.217459596009196
1805.91796875,3.415899990564416
1805.9375,4.242671243579761
1805.95703125,5.0552483019213525
1805.9765625,7.472055742694866
1805.99609375,9.299881082030481
1806.015625,10.828664162142319
1806.03515625,9.380223213511712
1806.0546875,8.114554871036706
1806.07421875,6.904379923039961
1806.09375,5.1463437223917685
1806.11328125,6.261265350107661
1806.1328125,2.9703597568592106
1806.15234375,2.278210548531913
1806.171875,1.7834103725611208
1806.19140625,4.221124941306634
1806.2109375,1.6904477477777142
1806.23046875,2.8023355747891245
1806.25,4.076219207229661
1806.26953125,4.874378077530283
1806.2890625,2.1018778177304815
1806.30859375,2.7680066593438055
1806.328125,2.849229910917681
1806.34765625,1.490797894106909
1806.3671875,4.055234094443337
1806.38671875,3.3429557172107836
1806.40625,5.835350839877762
1806.42578125,5.7354525908017475
1806.4453125,5.592598714426901
1806.46484375,4.686712767469787
1806.484375,3.856274329272606
1806.50390625,-0.7420315747423812
1806.5234375,3.9640949664754785
1806.54296875,5.157882917683491
1806.5625,4.072328379287362
1806.58203125,4.528676582484038
1806.6015625,2.9919897572064427
1806.62109375,0.5164886785135417
1806.640625,-2.0811004015915495
1806.66015625,-0.6425084841591382
1806.6796875,0.18357774461570556
1806.69921875,3.449885598233833
1806.71875,1.7596808035206375
1806.73828125,-2.4573171371098272
1806.7578125,4.524191298146048
1806.77734375,4.161514761055143
1806.796875,3.540576345468627
1806.81640625,-0.9634881290232581
1806.8359375,-1.0998614985565884
1806.85546875,-2.5249597837224558
1806.875,-0.0628591538474256
1806.89453125,-1.4224837397848935
1806.9140625,-0.022031956163388954
1806.93359375,-0.7225346977467323
1806.953125,3.32469485213261
1806.97265625,4.478726786680075
1806.9921875,3.7112139314569057
1807.01171875,2.796585939318201
1807.03125,2.1214394005392863
1807.05078125,0.7341031057827024
1807.0703125,-2.6990856803641465
1807.08984375,2.2249018454379152
1807.109375,1.5734648151164563
1807.12890625,0.040086131120999194
1807.1484375,-1.163074088343985
1807.16796875,1.2205872410797993
1807.1875,3.9793806440111807
1807.20703125,3.2552650444062663
1807.2265625,3.0179105245905493
1807.24609375,4.23960124346958
1807.265625,4.068820415636533
1807.28515625,3.1645630813495105
1807.3046875,0.7830504147997768
1807.32421875,3.9106600579072883
1807.34375,5.378643886354313
1807.36328125,4.652192792587588
1807.3828125,4.0555526802339195
1807.40234375,4.42566338814142
1807.421875,4.7452413444509505
1807.44140625,3.7715315130098284
1807.4609375,3.4224239785772994
1807.48046875,4.860891314227271
1807.5,4.196194553856179
1807.51953125,1.407104973138928
1807.5390625,2.8932883278005144
1807.55859375,1.510173447271034
1807.578125,4.480597889421029
1807.59765625,2.8731529961103357
1807.6171875,3.168515372593858
1807.63671875,2.4641819518930714
1807.65625,0.9424165702853753
1807.67578125,1.6700935930281395
1807.6953125,1.635636731967449
1807.71484375,2.00172178527107
1807.734375,3.9581415463149283
1807.75390625,5.689323005021601
1807.7734375,5.838590011634564
1807.79296875,4.280576335417519
1807.8125,1.2127526612803874
1807.83203125,3.762532640456336
1807.8515625,3.5803158332940703
1807.87109375,1.1729585351407512
1807.890625,0.5545680639783492
1807.91015625,3.183785402023557
1807.9296875,2.282699655964202
1807.94921875,1.350166695853646
1807.96875,3.8519516318947864
1807.98828125,4.4219919589474275
1808.0078125,6.443444790588609
1808.02734375,6.269050680979582
1808.046875,5.183029705770457
1808.06640625,4.343534570845626
1808.0859375,6.224129348918974
1808.10546875,2.2644397651881563
1808.125,-0.5758994305729013
1808.14453125,2.9345919293049496
1808.1640625,3.7189704397060197
1808.18359375,4.610722390751696
1808.203125,3.4206091739714517
1808.22265625,3.6987802649184203
1808.2421875,4.136485155213645
1808.26171875,3.90593698427733
1808.28125,5.027894146130746
1808.30078125,6.080787751274544
1808.3203125,4.832954910601939
1808.33984375,3.433753774129195
1808.359375,3.959263431283027
1808.37890625,4.404659184314922
1808.3984375,5.489109234311246
1808.41796875,4.907309033603758
1808.4375,4.953466897795281
1808.45703125,4.446468934333222
1808.4765625,7.132858721725586
1808.49609375,7.411301351378863
1808.515625,9.55743275521957
1808.53515625,7.709810360972594
1808.5546875,9.305351254709404
1808.57421875,6.464414928930504
1808.59375,9.331224563593304
1808.61328125,8.427189626028053
1808.6328125,8.17461210718628
1808.65234375,4.557504668480999
1808.671875,8.765605349757102
1808.69140625,5.23974419946982
1808.7109375,7.326349607261458
1808.73046875,7.432170232009179
1808.75,11.97996195577743
1808.76953125,11.613752181261344
1808.7890625,9.078790341492038
1808.80859375,10.274155656093203
1808.828125,10.350701147574826
1808.84765625,10.394955671067146
1808.8671875,9.457655458915925
1808.88671875,11.003818130460026
1808.90625,10.659956249060185
1808.92578125,10.035684219206978
1808.9453125,8.01685286284835
1808.96484375,8.935448964138414
1808.984375,10.822917035562096
1809.00390625,6.609999362599908
1809.0234375,9.196495610140147
1809.04296875,10.499958621593084
1809.0625,9.139203542511545
1809.08203125,8.904542550924564
1809.1015625,10.163296350170771
1809.12109375,12.483091769316037
1809.140625,10.457405845260894
1809.16015625,10.476745417184407
1809.1796875,11.00369951150086
1809.19921875,10.221278100031983
1809.21875,8.603036436189486
1809.23828125,9.027224969342587
1809.2578125,10.91923698400075
1809.27734375,9.976744164308851
1809.296875,10.898836925045448
1809.31640625,10.85803477214134
1809.3359375,8.366328119429792
1809.35546875,11.22410581942021
1809.375,9.75435581082407
1809.39453125,7.531382744461281
1809.4140625,8.759537821197886
1809.43359375,10.00265105119304
1809.453125,11.644530080967765
1809.47265625,9.545659668249485
1809.4921875,11.62417606642869
1809.51171875,11.672638622288297
1809.53125,12.85657753557877
1809.55078125,12.103215625504594
1809.5703125,10.683180148603764
1809.58984375,12.64976957352052
1809.609375,11.339694816040806
1809.62890625,9.309727759278426
1809.6484375,8.490954366774863
1809.66796875,6.199994041443247
1809.6875,11.569347246084158
1809.70703125,13.14323562350819
1809.7265625,13.091104382725891
1809.74609375,12.417014186120145
1809.765625,10.98754960609186
1809.78515625,11.397489078980444
1809.8046875,11.092130245609017
1809.82421875,10.789593597763194
1809.84375,9.218887956796232
1809.86328125,12.494457885423028
1809.8828125,12.972479137074043
1809.90234375,13.837605416154435
1809.921875,13.003568903400737
1809.94140625,12.535778580641399
1809.9609375,12.968218768958351
1809.98046875,9.506597703804683
1810.0,9.414687390297997
1810.01953125,10.774483816816522
1810.0390625,13.255757654763737
1810.05859375,13.400003683225568
1810.078125,13.619614503808176
1810.09765625,11.129747344596392
1810.1171875,9.945025071083426
1810.13671875,13.228743504494554
1810.15625,12.043148980517623
1810.17578125,10.83957749113922
1810.1953125,9.026534268334927
1810.21484375,7.6686756527278845
1810.234375,11.600715076162643
1810.25390625,10.04550891907309
1810.2734375,8.737025059453632
1810.29296875,11.710390462778017
1810.3125,12.646278335465656
1810.33203125,13.372466530021413
1810.3515625,13.97525555907103
1810.37109375,14.924979648079596
1810.390625,10.910647227740762
1810.41015625,10.925059635057831
1810.4296875,12.715351739563973
1810.44921875,12.994701362208719
1810.46875,11.21585920865718
1810.48828125,12.06494795363562
1810.5078125,10.15768448084595
1810.52734375,7.050265665977709
1810.546875,13.24366253074695
1810.56640625,12.276538522094768
1810.5859375,9.427497717197177
1810.60546875,11.959466427459088
1810.625,15.193418510406733
1810.64453125,14.68740008084392
1810.6640625,11.750280752185704
1810.68359375,10.131880983627948
1810.703125,12.823756449659035
1810.72265625,9.345670613135557
1810.7421875,9.942992230908342
1810.76171875,12.312462074050476
1810.78125,13.647684630145942
1810.80078125,15.294378253854523
1810.8203125,13.81238254970377
1810.83984375,13.305573999127176
1810.859375,11.549966659934922
1810.87890625,12.590067077033783
1810.8984375,13.576759766897652
1810.91796875,11.776059726373212
1810.9375,12.081519964637039
1810.95703125,14.827337339602412
1810.9765625,15.586274931294174
1810.99609375,14.825053519144678
1811.015625,14.29107589752924
1811.03515625,12.532949934146114
1811.0546875,12.921097016310421
1811.07421875,12.30287783273145
1811.09375,12.323926907185461
1811.11328125,15.709954213890384
1811.1328125,13.205163935427006
1811.15234375,14.090972969506698
1811.171875,12.63985838903552
1811.19140625,9.578857030157577
1811.2109375,14.181571601674023
1811.23046875,14.119720688682097
1811.25,12.876597729693183
1811.26953125,8.183083027421917
1811.2890625,10.401718795357196
1811.30859375,11.740968355054555
1811.328125,9.870734908336454
1811.34765625,13.534922136840327
1811.3671875,12.635092558817771
1811.38671875,13.816379851421592
1811.40625,13.364655227159892
1811.42578125,13.847453376076297
1811.4453125,9.891199733016467
1811.46484375,11.925415324699822
1811.484375,14.753211743822746
1811.50390625,15.282882044617272
1811.5234375,11.822781260404692
1811.54296875,11.833632834474948
1811.5625,12.327191952095875
1811.58203125,14.71921361900541
1811.6015625,13.226804556074246
1811.62109375,13.369715411594745
1811.640625,12.447987743320082
1811.66015625,14.824310592579213
1811.6796875,15.644446313192358
1811.69921875,16.04279868285695
1811.71875,14.88673671666526
1811.73828125,15.982962118090427
1811.7578125,17.55155039827399
1811.77734375,16.62912634712508
1811.796875,13.937352186203322
1811.81640625,9.936583466153461
1811.8359375,12.835232422050472
1811.85546875,14.613116317813212
1811.875,10.512163183796783
1811.89453125,11.458078116675301
1811.9140625,12.875916149916742
1811.93359375,13.474311550453493
1811.953125,11.242681686855505
1811.97265625,14.495783718188651
1811.9921875,15.847408206240848
1812.01171875,14.42315037043586
1812.03125,15.636732861707667
1812.05078125,13.760563299685643
1812.0703125,14.40559824282992
1812.08984375,12.884280291446
1812.109375,9.990079967472422
1812.12890625,11.050718915459234
1812.1484375,12.858117404987913
1812.16796875,14.065124625559367
1812.1875,13.493308581801088
1812.20703125,14.063326415675286
1812.2265625,11.589159013593726
1812.24609375,14.64824162142346
1812.265625,14.13676883122201
1812.28515625,14.12595984344967
1812.3046875,13.190770783565451
1812.32421875,12.93820040555164
1812.34375,12.400943123908908
1812.36328125,12.58589442058832
1812.3828125,12.10505675306358
1812.40234375,12.79034761831539
1812.421875,14.09734278860833
1812.44140625,12.498305807884266
1812.4609375,16.614877139161756
1812.48046875,14.965388337950822
1812.5,11.616716285595668
1812.51953125,14.683257922523183
1812.5390625,14.135449358919146
1812.55859375,14.325801129858778
1812.578125,12.948761572973769
1812.59765625,12.853796124633266
1812.6171875,13.029819062641886
1812.63671875,13.328190432264673
1812.65625,13.887497412374861
1812.67578125,15.291774341323418
1812.6953125,15.288817186717177
1812.71484375,12.961459332448925
1812.734375,12.036372375412736
1812.75390625,13.32060593087545
1812.7734375,13.472773431837386
1812.79296875,14.982500505521335
1812.8125,13.031614021567822
1812.83203125,13.067023576928637
1812.8515625,14.47904376810954
1812.87109375,15.33208209537332
1812.890625,15.224719703441266
1812.91015625,13.667356261616614
1812.9296875,14.533911999880393
1812.94921875,12.402160693369995
1812.96875,10.219844992012085
1812.98828125,15.393106295066769
1813.0078125,17.29932768908187
1813.02734375,14.866477221543647
1813.046875,14.847048885698849
1813.06640625,14.151061289515235
1813.0859375,14.251951687722178
1813.10546875,11.796399881119672
1813.125,15.217942204214472
1813.14453125,14.032774681548094
1813.1640625,10.946195605458488
1813.18359375,13.565195081538056
1813.203125,11.376527422725797
1813.22265625,12.151939118879111
1813.2421875,11.177735344274819
1813.26171875,9.421102418946464
1813.28125,9.08689618065991
1813.30078125,12.46468815297575
1813.3203125,14.928898570647902
1813.33984375,13.156427805681243
1813.359375,13.341850742179329
1813.37890625,13.592376785852313
1813.3984375,9.612676672796008
1813.41796875,14.355866922936201
1813.4375,15.13234413195651
1813.45703125,11.158767520334118
1813.4765625,12.237821022655194
1813.49609375,12.681751866081212
1813.515625,16.133163372363484
1813.53515625,14.157318874401346
1813.5546875,13.298089513890456
1813.57421875,13.723886159347307
1813.59375,12.118392061350743
1813.61328125,12.28153382376989
1813.6328125,14.234892459042836
1813.65234375,17.038322032725162
1813.671875,16.31586682075139
1813.69140625,12.012426562491855
1813.7109375,12.452814432799155
1813.73046875,13.68720484080951
1813.75,16.798376249167838
1813.76953125,17.662174763985526
1813.7890625,18.857413576991693
1813.80859375,21.138911174671367
1813.828125,20.622572124265957
1813.84765625,18.4153617403828
1813.8671875,21.042904652680257
1813.88671875,16.598102170361145
1813.90625,17.88055955868435
1813.92578125,16.989290727603898
1813.9453125,15.361270468728534
1813.96484375,14.152873370623851
1813.984375,15.410302900696058
1814.00390625,15.74927536809226
1814.0234375,14.87585808754271
1814.04296875,16.78222040196945
1814.0625,11.148346584579366
1814.08203125,13.698378776060968
1814.1015625,15.051501263322596
1814.12109375,14.835915808534306
1814.140625,14.716455701354812
1814.16015625,12.273844879273803
1814.1796875,13.985520712013543
1814.19921875,15.156435513487503
1814.21875,15.207588509277262
1814.23828125,15.745728211809956
1814.2578125,16.72645921211282
1814.27734375,15.87493423597077
1814.296875,13.109862905188384
1814.31640625,13.280329387790934
1814.3359375,16.18581154758014
1814.35546875,17.161194165542813
1814.375,14.335442202739046
1814.39453125,13.96985043799668
1814.4140625,15.700330880150082
1814.43359375,16.12628611467209
1814.453125,17.531553047223646
1814.47265625,17.438481176442497
1814.4921875,18.355488249437077
1814.51171875,14.369528725660079
1814.53125,12.346777423374999
1814.55078125,11.251902246243885
1814.5703125,10.172505495610471
1814.58984375,13.506928653831281
1814.609375,12.077267156972365
1814.62890625,13.839031507140756
1814.6484375,12.431132728240508
1814.66796875,11.915606111869419
1814.6875,14.091259311076746
1814.70703125,14.010508753101428
1814.7265625,14.51330549889766
1814.74609375,17.104656784170174
1814.765625,20.54397858599315
1814.78515625,19.78246244991354
1814.8046875,18.857886025666264
1814.82421875,18.949474408070063
1814.84375,21.860379289507478
1814.86328125,20.85869634523886
1814.8828125,18.85793735771269
1814.90234375,17.09609387635377
1814.921875,15.860793717730498
1814.94140625,14.889685490804272
1814.9609375,15.473622759636807
1814.98046875,15.766153151759479
1815.0,10.763367023655325
1815.01953125,15.521074824872944
1815.0390625,17.183838950381762
1815.05859375,13.404687838938301
1815.078125,11.664246043153701
1815.09765625,15.971837029572026
1815.1171875,17.287345363038863
1815.13671875,15.89640130738999
1815.15625,13.975588352081028
1815.17578125,16.32693370646856
1815.1953125,13.567091368327407
1815.21484375,15.984369628908592
1815.234375,13.627828097679771
1815.25390625,16.796373400319577
1815.2734375,17.57217296384466
1815.29296875,16.08985093930298
1815.3125,15.627519935097116
1815.33203125,13.270569873199795
1815.3515625,16.2257835640869
1815.37109375,17.465278593383868
1815.390625,16.198199964841272
1815.41015625,14.978102602165794
1815.4296875,14.731734712473164
1815.44921875,13.612237164916888
1815.46875,13.64495690251454
1815.48828125,16.704684390346955
1815.5078125,10.921656753421697
1815.52734375,12.743269452703545
1815.546875,16.334902730794433
1815.56640625,18.567586121675276
1815.5859375,14.819987115730632
1815.60546875,14.849524235447948
1815.625,19.001946015806407
1815.64453125,21.215108713159843
1815.6640625,22.29767634760078
1815.68359375,21.722363143680056
1815.703125,17.144523928377044
1815.72265625,14.289820489495776
1815.7421875,16.486464155539746
1815.76171875,15.982325344291644
1815.78125,12.943908328462697
1815.80078125,9.877891908114943
1815.8203125,11.491425850482603
1815.83984375,12.232035010012286
1815.859375,9.560990159200449
1815.87890625,15.422971988406767
1815.8984375,15.472560049604914
1815.91796875,12.82199375685056
1815.9375,10.553636230449497
1815.95703125,12.878278821858387
1815.9765625,10.71551953454261
1815.99609375,15.262502421939379
1816.015625,20.160179746371576
1816.03515625,21.659682731821878
1816.0546875,21.99328224874152
1816.07421875,22.916403643866452
1816.09375,22.96590582471022
1816.11328125,21.023281168489596
1816.1328125,21.31459266774511
1816.15234375,18.82366245145761
1816.171875,18.02810846311794
1816.19140625,17.380556850271905
1816.2109375,21.171822295071443
1816.23046875,19.948802893973294
1816.25,19.977654854716256
1816.26953125,20.645563623190405
1816.2890625,19.594818543119736
1816.30859375,20.340423705877527
1816.328125,21.228943205275495
1816.34765625,20.608163349164222
1816.3671875,21.258458905549748
1816.38671875,19.96860424353072
1816.40625,18.74677229723896
1816.42578125,19.98258908601157
1816.4453125,18.536060233711712
1816.46484375,17.85869898655569
1816.484375,18.88408243865314
1816.50390625,19.14698566611666
1816.5234375,21.884734011200294
1816.54296875,22.36224998770047
1816.5625,21.660336316089747
1816.58203125,18.431341486889515
1816.6015625,18.668858074568874
1816.62109375,20.449078080713907
1816.640625,20.602699849187196
1816.66015625,18.59111307225772
1816.6796875,17.396328586793384
1816.69921875,21.282687827489703
1816.71875,20.56886035953817
1816.73828125,21.128587431586322
1816.7578125,19.49024084237343
1816.77734375,19.27947835978559
1816.796875,18.989488391444898
1816.81640625,19.885535594584997
1816.8359375,20.053834205903538
1816.85546875,21.183073670147856
1816.875,21.15152618592223
1816.89453125,17.481638617182817
1816.9140625,17.99196359677701
1816.93359375,21.361465995624332
1816.953125,21.060272033546553
1816.97265625,20.08656942636515
1816.9921875,19.23917374674512
1817.01171875,18.73194808102928
1817.03125,21.92169774610182
1817.05078125,21.605493413317642
1817.0703125,18.060569050759216
1817.08984375,18.501020936679407
1817.109375,18.104334524467475
1817.12890625,20.519935471632095
1817.1484375,21.082612666420328
1817.16796875,20.37829819873724
1817.1875,20.904330113528893
1817.20703125,17.95539055308552
1817.2265625,17.588983630482524
1817.24609375,16.53268231756598
1817.265625,17.53674411698733
1817.28515625,20.820734561067823
1817.3046875,20.928962543578045
1817.32421875,20.64139067979951
1817.34375,20.231117459137863
1817.36328125,18.608257030693046
1817.3828125,19.455670285073538
1817.40234375,15.40231303157366
1817.421875,19.376865764954736
1817.44140625,17.110062654288917
1817.4609375,19.313585363687086
1817.48046875,18.63253545424317
1817.5,19.485760343853748
1817.51953125,18.088635260582617
1817.5390625,15.316413222695076
1817.55859375,19.126656241979536
1817.578125,18.873616079252223
1817.59765625,16.71568859876637
1817.6171875,18.28441415102001
1817.63671875,18.784463521666005
1817.65625,18.399508441941805
1817.67578125,21.061794468928753
1817.6953125,20.96869933275909
1817.71484375,20.655285020380212
1817.734375,18.54346614465398
1817.75390625,19.21533284263836
1817.7734375,16.67262389053833
1817.79296875,17.708416898910652
1817.8125,18.295380204290996
1817.83203125,19.481258866430807
1817.8515625,16.971259078630954
1817.87109375,15.731244022547731
1817.890625,16.443165523721717
1817.91015625,20.296253444463627
1817.9296875,20.094925022263762
1817.94921875,17.597763744640204
1817.96875,19.57026657178737
1817.98828125,15.553015669033474
1818.0078125,19.211247400785446
1818.02734375,16.097972077384526
1818.046875,15.266367761137278
1818.06640625,17.971911635242314
1818.0859375,19.98713033964312
1818.10546875,18.29340041685935
1818.125,15.860569014329789
1818.14453125,18.467885059840043
1818.1640625,18.55574254591615
1818.18359375,18.621741699460905
1818.203125,18.731584805445017
1818.22265625,18.05224965975546
1818.2421875,17.88421468236448
1818.26171875,19.115274866505416
1818.28125,20.18544408446304
1818.30078125,19.14749281319673
1818.3203125,18.977565354663266
1818.33984375,17.794961008289484
1818.359375,17.64388348145341
1818.37890625,18.1348984171991
1818.3984375,18.357273820760025
1818.41796875,18.890880609718437
1818.4375,19.13993885569601
1818.45703125,17.74935998754457
1818.4765625,19.25121241736029
1818.49609375,21.047093900723947
1818.515625,20.555081214831567
1818.53515625,17.821386346087234
1818.5546875,18.146079552096474
1818.57421875,15.32562473900136
1818.59375,19.07366426952235
1818.61328125,17.967856754991686
1818.6328125,16.261610214206527
1818.65234375,17.59144537717104
1818.671875,15.549091308014814
1818.69140625,17.559029909495585
1818.7109375,19.791903722504887
1818.73046875,19.51166489589873
1818.75,17.05585684349587
1818.76953125,18.020243883914887
1818.7890625,17.25732007874583
1818.80859375,15.082694390321725
1818.828125,18.152650095034836
1818.84765625,18.302879084590344
1818.8671875,17.193933923997708
1818.88671875,18.77238565619036
1818.90625,18.966554587509147
1818.92578125,19.163691632693713
1818.9453125,21.077947283427456
1818.96484375,20.26512167808153
1818.984375,19.211357101907133
1819.00390625,15.413102779876604
1819.0234375,14.986848727032271
1819.04296875,15.651058465181174
1819.0625,20.66809926742399
1819.08203125,18.80480471919021
1819.1015625,17.185899230220844
1819.12109375,15.776676514942096
1819.140625,15.494250153801172
1819.16015625,20.662178169273943
1819.1796875,19.74090038505838
1819.19921875,19.741626399504586
1819.21875,21.34991023859256
1819.23828125,21.563132329203675
1819.2578125,19.86247393787151
1819.27734375,16.883255892873315
1819.296875,16.720443273843404
1819.31640625,16.72966401030134
1819.3359375,19.321233967963394
1819.35546875,20.24728337946059
1819.375,20.367210288385177
1819.39453125,15.654931983661697
1819.4140625,14.746592719354192
1819.43359375,18.31541564616424
1819.453125,22.612492151320943
1819.47265625,20.09955924211594
1819.4921875,18.327598291788096
1819.51171875,19.837600047757206
1819.53125,17.534845574559988
1819.55078125,17.02491733361978
1819.5703125,15.71923001373047
1819.58984375,17.750580372535484
1819.609375,19.818012141848744
1819.62890625,21.4012959312367
1819.6484375,18.140178266063124
1819.66796875,18.409238259353877
1819.6875,19.65582742515942
1819.70703125,19.064496982740245
1819.7265625,15.756810254141067
1819.74609375,12.67023580567498
1819.765625,15.6042379562281
1819.78515625,16.760849768392163
1819.8046875,18.915045085672578
1819.82421875,19.16150525222637
1819.84375,18.641335902430217
1819.86328125,20.531661574463765
1819.8828125,17.94589419398497
1819.90234375,20.190264002513388
1819.921875,17.913284733013242
1819.94140625,18.022047768176623
1819.9609375,19.991061024499643
1819.98046875,18.24295490565718
1820.0,2.5517068207251246
1820.0,18.092171922608202
1820.01953125,17.072834224796274
1820.01953125,2.5450969705062754
1820.0390625,2.5420265074440973
1820.0390625,14.396889890625397
1820.05859375,18.075127643067663
1820.05859375,4.325340040265344
1820.078125,2.5364836228426584
1820.078125,16.48490049797305
1820.09765625,16.35718396341322
1820.09765625,2.3417439247175187
1820.1171875,3.4425512523440887
1820.1171875,15.112212204778421
1820.13671875,17.729528697725996
1820.13671875,3.5290676034082464
1820.15625,1.9525068614797276
1820.15625,14.37212574909309
1820.17578125,20.36306690951959
1820.17578125,3.0584617916620727
1820.1953125,3.480799522869366
1820.1953125,19.951892015375837
1820.21484375,17.895960583114906
1820.21484375,4.788079790485037
1820.234375,4.301182200625843
1820.234375,19.124645802862652
1820.25390625,16.378040483837243
1820.25390625,2.497209076651873
1820.2734375,1.1053858609676117
1820.2734375,14.91205931539576
1820.29296875,19.330693970410756
1820.29296875,4.540266095542553
1820.3125,2.45056775891556
1820.3125,19.151339313929284
1820.33203125,16.155018218867017
1820.33203125,0.706847461351571
1820.3515625,1.8817947640280686
1820.3515625,14.950805307281295
1820.37109375,17.218546904960295
1820.37109375,2.5516993200573017
1820.390625,17.336904897571856
1820.390625,3.7418624087672634
1820.41015625,4.483870342957341
1820.41015625,19.87206541473578
1820.4296875,20.733108176751323
1820.4296875,3.743605741553382
1820.44921875,4.45757327927586
1820.44921875,16.22290579565488
1820.46875,3.3733244419102077
1820.46875,17.080716728279324
1820.48828125,17.495969308537163
1820.48828125,5.7981304052163605
1820.5078125,3.9501344832425054
1820.5078125,17.637023081407072
1820.52734375,16.96610397114474
1820.52734375,4.1043198313706295
1820.546875,16.478749101991877
1820.546875,4.688546034673901
1820.56640625,4.827143324743432
1820.56640625,19.103963317431255
1820.5859375,17.061966666381306
1820.5859375,1.4590666732544413
1820.60546875,7.554763061130712
1820.60546875,15.197786034720668
1820.625,14.106343085220285
1820.625,4.705989615875225
1820.64453125,6.962292766953448
1820.64453125,15.223171058251577
1820.6640625,18.271038134094375
1820.6640625,4.060300127248465
1820.68359375,4.818336718121646
1820.68359375,18.180811515200375
1820.703125,7.6460809892412795
1820.703125,15.489395363751864
1820.72265625,15.744622361904836
1820.72265625,8.039961252132056
1820.7421875,8.35548072163751
1820.7421875,17.390933566885245
1820.76171875,16.320981511347732
1820.76171875,9.5800139128152
1820.78125,4.349759232006187
1820.78125,17.31112206198488
1820.80078125,18.64256974941455
1820.80078125,2.2564425102729535
1820.8203125,5.948856203183621
1820.8203125,16.897910421620857
1820.83984375,16.954780777568562
1820.83984375,9.695920314196085
1820.859375,16.790708249437863
1820.859375,7.899877882208545
1820.87890625,4.327164747105053
1820.87890625,15.659765013457
1820.8984375,18.718308380368285
1820.8984375,4.1383797454013
1820.91796875,5.136556611368813
1820.91796875,17.962061285342457
1820.9375,5.714449641963501
1820.9375,16.104550299634273
1820.95703125,15.37754055155222
1820.95703125,5.933703729354875
1820.9765625,5.065243062906375
1820.9765625,16.501327363129672
1820.99609375,17.71360151358922
1820.99609375,10.311224675272246
1821.015625,8.103153505062615
1821.015625,18.79413632058113
1821.03515625,17.972457714900813
1821.03515625,7.860657529314423
1821.0546875,5.520842669883516
1821.0546875,17.86898436167261
1821.07421875,18.935329678518947
1821.07421875,8.64953660434403
1821.09375,10.436902656367716
1821.09375,19.1026303843877
1821.11328125,15.592495859338857
1821.11328125,8.347521698219834
1821.1328125,7.623996185012042
1821.1328125,14.410657315342926
1821.15234375,17.23747245754244
1821.15234375,9.326821686656459
1821.171875,9.302542917722501
1821.171875,16.34880977567438
1821.19140625,14.079366415653453
1821.19140625,6.517753712507475
1821.2109375,6.86046557679138
1821.2109375,18.215457830383976
1821.23046875,17.1700092457709
1821.23046875,5.543801828835993
1821.25,3.324873086931251
1821.25,15.444298381310267
1821.26953125,16.731472439166055
1821.26953125,8.672769637522503
1821.2890625,8.268622465854742
1821.2890625,14.46584369606291
1821.30859375,16.146747276972164
1821.30859375,6.070901981981698
1821.328125,7.28496789632312
1821.328125,14.475405816660654
1821.34765625,16.89873099307196
1821.34765625,9.446018700143927
1821.3671875,11.323119118337042
1821.3671875,16.001327142469865
1821.38671875,15.664954461588398
1821.38671875,8.786578023001066
1821.40625,7.85220724023492
1821.40625,14.003785648725032
1821.42578125,13.412166196419175
1821.42578125,9.329663248883413
1821.4453125,7.312271988948055
1821.4453125,12.641453148279883
1821.46484375,14.966695790937266
1821.46484375,4.271370496249347
1821.484375,5.387417913332463
1821.484375,16.579008348826115
1821.50390625,13.350593561935089
1821.50390625,6.916190283913409
1821.5234375,7.732345570318254
1821.5234375,15.34363377136718
1821.54296875,15.727871665383887
1821.54296875,6.594728272467444
1821.5625,9.776733167021563
1821.5625,13.790226201206092
1821.58203125,18.231627770126998
1821.58203125,10.626402506998925
1821.6015625,9.768513250183231
1821.6015625,18.580562240762845
1821.62109375,16.688693054768397
1821.62109375,7.663964879389705
1821.640625,7.2481587209184255
1821.640625,12.21050961920263
1821.66015625,8.628503585339285
1821.66015625,14.91973541364402
1821.6796875,16.933930537208873
1821.6796875,8.468204680599529
1821.69921875,9.857672865471267
1821.69921875,15.927954387899257
1821.71875,7.0285448226502725
1821.71875,14.353601643755804
1821.73828125,14.403948976616658
1821.73828125,6.568397420652414
1821.7578125,6.367062142246306
1821.7578125,14.667634777039357
1821.77734375,10.183644234808199
1821.77734375,16.14019305181082
1821.796875,5.086221862542377
1821.796875,13.344407310100944
1821.81640625,14.06849380473651
1821.81640625,10.265900096620632
1821.8359375,13.185638212409685
1821.8359375,10.28982284823606
1821.85546875,10.410321396080551
1821.85546875,9.070268636553772
1821.875,10.689656723694757
1821.875,10.177710393081172
1821.89453125,13.947487638759261
1821.89453125,10.733435062368093
1821.9140625,7.77199756909953
1821.9140625,15.458375419991745
1821.93359375,9.945193006292966
1821.93359375,13.689693398701156
1821.953125,11.234102935233256
1821.953125,8.676051002229098
1821.97265625,10.882213545858622
1821.97265625,11.334147263999615
1821.9921875,13.606360970252464
1821.9921875,12.66060575682596
1822.01171875,10.462707589119187
1822.01171875,17.582219217822363
1822.03125,14.375294134196807
1822.03125,6.290088904372661
1822.05078125,6.588326169288718
1822.05078125,15.020367858136012
1822.0703125,16.01015232032766
1822.0703125,9.125181413624713
1822.08984375,10.752659601430217
1822.08984375,12.117511000546752
1822.109375,14.243367911878243
1822.109375,11.361760640601313
1822.12890625,9.74642979800071
1822.12890625,15.469601743943576
1822.1484375,15.2582019499491
1822.1484375,11.967477765522943
1822.16796875,8.784633537126613
1822.16796875,13.128644164177453
1822.1875,9.960716622350333
1822.1875,13.808944093230457
1822.20703125,16.642159349106606
1822.20703125,12.233741116368282
1822.2265625,10.240340694413897
1822.2265625,15.52009657544708
1822.24609375,12.303445848289725
1822.24609375,11.129231910508992
1822.265625,13.360095625811354
1822.265625,14.496165104031878
1822.28515625,13.395875379535221
1822.28515625,14.692682123567161
1822.3046875,12.527181485447816
1822.3046875,10.684216086362007
1822.32421875,8.50669894897713
1822.32421875,12.591612423646819
1822.34375,13.938491038084
1822.34375,13.353134916305333
1822.36328125,11.609839365252396
1822.36328125,11.286151196685811
1822.3828125,10.368534277067615
1822.3828125,10.567433104226307
1822.40234375,13.155872109368868
1822.40234375,12.254708703383567
1822.421875,12.172954698052546
1822.421875,9.716702367329836
1822.44140625,9.413916837093787
1822.44140625,13.856139258624847
1822.4609375,14.630342302311352
1822.4609375,12.482498223311117
1822.48046875,12.114016753355768
1822.48046875,14.613793030620846
1822.5,12.1393828215328
1822.5,6.917997127876315
1822.51953125,9.953722156077635
1822.51953125,13.272719015273253
1822.5390625,11.503533566305027
1822.5390625,12.0837204788223
1822.55859375,11.993037672401067
1822.55859375,13.044852826343242
1822.578125,12.939350837761747
1822.578125,13.22256316537198
1822.59765625,11.489867258439677
1822.59765625,14.186480264742508
1822.6171875,13.85226912763294
1822.6171875,11.14676394404145
1822.63671875,10.575093909878959
1822.63671875,12.794253109125062
1822.65625,11.020968142223477
1822.65625,11.283460101000227
1822.67578125,13.481679677837132
1822.67578125,11.371527041845383
1822.6953125,10.965520183758981
1822.6953125,11.793983376553538
1822.71484375,12.703271614773726
1822.71484375,10.86848486619098
1822.734375,11.96161740388347
1822.734375,15.28367733536175
1822.75390625,13.720672952866067
1822.75390625,12.917216165633814
1822.7734375,12.427172515617428
1822.7734375,11.613103818826522
1822.79296875,11.365788171383477
1822.79296875,11.519243233612293
1822.8125,11.141652314663272
1822.8125,12.949820719381089
1822.83203125,10.644368943183208
1822.83203125,10.586148312305436
1822.8515625,11.425217075834901
1822.8515625,14.80619059113092
1822.87109375,13.195937890640076
1822.87109375,14.236657272074094
1822.890625,12.505584884556288
1822.890625,12.356150103533242
1822.91015625,12.213874747567075
1822.91015625,12.44904316324284
1822.9296875,10.400503999284673
1822.9296875,13.47524555960122
1822.94921875,11.713272132482256
1822.94921875,12.284432324348996
1822.96875,8.931945102349832
1822.96875,14.519322087658292
1822.98828125,13.315852647468063
1822.98828125,13.512976245186508
1823.0078125,11.363899502204113
1823.0078125,13.625024226641589
1823.02734375,11.090875635849796
1823.02734375,12.54201906549775
1823.046875,13.21056577375171
1823.046875,13.771451767497094
1823.06640625,14.654148451970707
1823.06640625,12.497471383121356
1823.0859375,12.791812457230332
1823.0859375,13.709005523630427
1823.10546875,12.315554986622729
1823.10546875,11.122102632637256
1823.125,12.37396759884461
1823.125,8.340347622270704
1823.14453125,12.029165583742724
1823.14453125,11.696309970947652
1823.1640625,11.227829231921303
1823.1640625,12.374469809725944
1823.18359375,11.171995853182338
1823.18359375,11.064793627709875
1823.203125,7.910950272343875
1823.203125,14.815989705477033
1823.22265625,11.9889801424198
1823.22265625,12.872271149031253
1823.2421875,11.365453402490306
1823.2421875,10.694663842984856
1823.26171875,7.445167499235927
1823.26171875,9.023890482412039
1823.28125,13.343973860014154
1823.28125,9.238107322673915
1823.30078125,11.89345062813303
1823.30078125,13.011578714955181
1823.3203125,14.540301005752202
1823.3203125,11.751585245964524
1823.33984375,11.569296548011653
1823.33984375,10.577251654680426
1823.359375,14.643225154417973
1823.359375,6.3548171359351695
1823.37890625,4.429193529451341
1823.37890625,15.189693960503607
1823.3984375,15.752013406087162
1823.3984375,7.223143045669074
1823.41796875,10.546650218842915
1823.41796875,10.338591969112324
1823.4375,12.32183496903841
1823.4375,11.06814870405076
1823.45703125,12.380190301373235
1823.45703125,12.017743356399945
1823.4765625,14.330794408139647
1823.4765625,9.057306250431967
1823.49609375,8.101780795259788
1823.49609375,15.835604383649414
1823.515625,13.635331536766813
1823.515625,7.2687578755182525
1823.53515625,8.27726630879923
1823.53515625,13.296031237614088
1823.5546875,15.35372431343843
1823.5546875,7.6495484198653845
1823.57421875,7.794497243260142
1823.57421875,14.320658847288598
1823.59375,12.179306577610927
1823.59375,8.380444412457884
1823.61328125,9.259612480927776
1823.61328125,12.656153119932416
1823.6328125,10.871199893983484
1823.6328125,8.383216949855267
1823.65234375,7.9252397488412925
1823.65234375,10.982077544932435
1823.671875,10.287274628127392
1823.671875,10.480423941948857
1823.69140625,7.84494878888529
1823.69140625,10.646625976433862
1823.7109375,12.505894881076268
1823.7109375,9.333992368284978
1823.73046875,8.740440351507996
1823.73046875,13.896843012599874
1823.75,14.299479767773288
1823.75,8.463514169787677
1823.76953125,9.150633953988855
1823.76953125,14.823599757570765
1823.7890625,14.463073164561532
1823.7890625,5.826870986908733
1823.80859375,8.719604984350344
1823.80859375,13.170596027091232
1823.828125,12.880626578803907
1823.828125,8.61871337237026
1823.84765625,5.700904143405628
1823.84765625,10.334078860788825
1823.8671875,11.968478992853983
1823.8671875,7.056735244090918
1823.88671875,8.822530607089833
1823.88671875,11.30561498852054
1823.90625,10.135990017757717
1823.90625,12.538171700236216
1823.92578125,12.308714778118715
1823.92578125,8.839199026892135
1823.9453125,7.451439464641865
1823.9453125,12.953642388648195
1823.96484375,14.614922448399408
1823.96484375,7.873411128739979
1823.984375,8.374013115742848
1823.984375,16.064876546995226
1824.00390625,14.834142788411716
1824.00390625,8.22260148267908
1824.0234375,16.417893848505948
1824.0234375,5.8373000028251365
1824.04296875,5.0913451340910445
1824.04296875,15.514175233612104
1824.0625,15.144449481225653
1824.0625,4.462638174183949
1824.08203125,3.9761120658096942
1824.08203125,15.387287662220166
1824.1015625,17.088127653574432
1824.1015625,5.338263844627539
1824.12109375,7.052849198670586
1824.12109375,15.150704820060213
1824.140625,15.681360667745277
1824.140625,8.270593691402043
1824.16015625,4.855490360890099
1824.16015625,13.346850377725023
1824.1796875,14.423092382848115
1824.1796875,1.8321206487736013
1824.19921875,15.703558500757897
1824.19921875,6.259704518505734
1824.21875,6.713698455899961
1824.21875,13.313554292867508
1824.23828125,14.662971615766129
1824.23828125,7.850695845308482
1824.2578125,6.534509575194623
1824.2578125,12.717210175038037
1824.27734375,15.342436106417477
1824.27734375,3.6045286419780993
1824.296875,1.7958258098905489
1824.296875,15.61563356088657
1824.31640625,12.93085970097815
1824.31640625,5.292354153229185
1824.3359375,5.87274269965732
1824.3359375,8.234384233236028
1824.35546875,12.227365407117423
1824.35546875,3.4853509462079595
1824.375,2.3025812470690927
1824.375,11.303985004441298
1824.39453125,13.259121369411321
1824.39453125,2.426358580017415
1824.4140625,7.069809312090078
1824.4140625,11.019763034621363
1824.43359375,13.329146560866795
1824.43359375,5.10557474953138
1824.453125,5.746623916821196
1824.453125,12.158594227705516
1824.47265625,13.443103806838845
1824.47265625,5.696119105527643
1824.4921875,5.28090673570394
1824.4921875,17.466624253449034
1824.51171875,3.926988392278772
1824.51171875,15.781842694249866
1824.53125,14.568664274658762
1824.53125,0.7248858196291174
1824.55078125,6.165290414300995
1824.55078125,13.759966423910338
1824.5703125,7.034082738454377
1824.5703125,15.522339017977401
1824.58984375,16.168436340655298
1824.58984375,3.1033217613692314
1824.609375,7.080888047752573
1824.609375,12.984045843941436
1824.62890625,14.869241886347012
1824.62890625,4.163477022253277
1824.6484375,5.380533755435893
1824.6484375,12.897491516028623
1824.66796875,12.533479524301425
1824.66796875,3.350296876020945
1824.6875,4.708024253248071
1824.6875,15.979071750735875
1824.70703125,14.399060403799933
1824.70703125,2.8944785031265488
1824.7265625,5.567386303144782
1824.7265625,14.990676684747388
1824.74609375,17.066052603401342
1824.74609375,7.375347116536446
1824.765625,5.809215314204838
1824.765625,18.21081976084028
1824.78515625,16.284313039176645
1824.78515625,3.901920128029456
1824.8046875,2.5623447554206424
1824.8046875,16.196601881620747
1824.82421875,17.775854823086927
1824.82421875,1.4437704347853038
1824.84375,3.8716700155502437
1824.84375,18.059492856431937
1824.86328125,17.74940634021508
1824.86328125,4.985094152221473
1824.8828125,2.764284916031452
1824.8828125,17.029797745602288
1824.90234375,16.46977314017945
1824.90234375,4.0362722586398485
1824.921875,3.8662564195615703
1824.921875,15.17401648159812
1824.94140625,17.05395886822483
1824.94140625,4.041225795567848
1824.9609375,3.9841173564737504
1824.9609375,17.63734424040673
1824.98046875,15.474148068768468
1824.98046875,0.9715305139985381
1825.0,14.41735226529184
1825.01953125,14.34585209288079
1825.0390625,15.603815033154353
1825.05859375,15.041858827328543
1825.078125,15.756990504124555
1825.09765625,17.970274770120128
1825.1171875,19.361757914978746
1825.13671875,15.246062864529398
1825.15625,16.12646564868878
1825.17578125,17.085314498349835
1825.1953125,17.865180630991706
1825.21484375,15.150094707171547
1825.234375,16.825989841319746
1825.25390625,16.24643837779473
1825.2734375,14.455112261224599
1825.29296875,14.894273673047772
1825.3125,17.355165341360966
1825.33203125,17.057585060947364
1825.3515625,19.359048255279102
1825.37109375,15.568912072726249
1825.390625,15.334536794259327
1825.41015625,15.536746927807153
1825.4296875,15.029101782974934
1825.44921875,15.957913041111208
1825.46875,16.368669822397486
1825.48828125,12.482438587040784
1825.5078125,14.264715246856458
1825.52734375,16.535360505158568
1825.546875,15.264031871393167
1825.56640625,15.55470280975915
1825.5859375,18.61939023110821
1825.60546875,16.59251036817178
1825.625,19.073648978191063
1825.64453125,13.610831133817232
1825.6640625,17.554733256892774
1825.68359375,18.175211501146435
1825.703125,19.492374583978386
1825.72265625,17.99927262718984
1825.7421875,14.557209267636505
1825.76171875,18.896623990410493
1825.78125,18.78199505791996
1825.80078125,19.264084893413134
1825.8203125,19.296078778863365
1825.83984375,15.210366164660133
1825.859375,11.421463357869602
1825.87890625,16.859184564053272
1825.8984375,18.43421028546151
1825.91796875,17.838832607219555
1825.9375,17.489966319496858
1825.95703125,16.4492278640812
1825.9765625,16.033512342319035
1825.99609375,14.042090219773684
1826.015625,14.67236889043247
1826.03515625,13.853117610624912
1826.0546875,13.436664967238494
1826.07421875,15.450425775496953
1826.09375,15.999030367360726
1826.11328125,16.82402104969589
1826.1328125,17.53149104345602
1826.15234375,16.31932909339573
1826.171875,17.935399097278808
1826.19140625,19.430757868268977
1826.2109375,18.493634885467966
1826.23046875,17.8947334547819
1826.25,19.567231215099877
1826.26953125,16.473441872270985
1826.2890625,16.39856620862945
1826.30859375,16.698051168981685
1826.328125,18.17340657260877
1826.34765625,20.041257129894863
1826.3671875,18.16569416370001
1826.38671875,14.690574808888448
1826.40625,18.669400830654507
1826.42578125,21.190651387451435
1826.4453125,18.81466142836973
1826.46484375,17.460623581465523
1826.484375,14.889060163828702
1826.50390625,18.44443502813194
1826.5234375,19.37473982933856
1826.54296875,17.119579323737888
1826.5625,16.07713232232763
1826.58203125,17.588561862450298
1826.6015625,19.28053422479133
1826.62109375,17.638148357654313
1826.640625,18.883872513706883
1826.66015625,17.67045082283746
1826.6796875,16.109356684026974
1826.69921875,16.74666077579767
1826.71875,17.66106950395308
1826.73828125,16.444031892236048
1826.7578125,15.401209284063947
1826.77734375,15.889918491960568
1826.796875,16.775586392654542
1826.81640625,18.243726114134535
1826.8359375,18.58981612644313
1826.85546875,15.466878558053173
1826.875,18.505464193756534
1826.89453125,16.626782932187798
1826.9140625,19.01631099080029
1826.93359375,17.76020791541924
1826.953125,17.287304488008754
1826.97265625,17.617456315185457
1826.9921875,15.657471343848254
1827.01171875,18.953504239856766
1827.03125,14.92258440437675
1827.05078125,14.547655790145555
1827.0703125,16.066654164489574
1827.08984375,17.14193397007147
1827.109375,19.402805494417088
1827.12890625,15.881038340183565
1827.1484375,17.82473096855835
1827.16796875,15.717237359874394
1827.1875,16.337972025634826
1827.20703125,16.279145550371883
1827.2265625,15.528419360477304
1827.24609375,15.922627307536143
1827.265625,17.398075639675483
1827.28515625,16.139893820268664
1827.3046875,16.08802586931387
1827.32421875,16.919939813435626
1827.34375,16.421197941070623
1827.36328125,17.577143376944797
1827.3828125,18.990879603107295
1827.40234375,15.71408457289905
1827.421875,17.705236460765697
1827.44140625,17.96832781527737
1827.4609375,14.094659040582519
1827.48046875,18.91020955453673
1827.5,19.200831866909574
1827.51953125,17.737308606077683
1827.5390625,17.524203706512086
1827.55859375,18.693049447019234
1827.578125,17.957968282812395
1827.59765625,19.153661182732538
1827.6171875,18.545629807585826
1827.63671875,16.117212318784443
1827.65625,17.576271579689454
1827.67578125,17.131645340798634
1827.6953125,16.466945551750023
1827.71484375,19.171021662468586
1827.734375,18.90951982964362
1827.75390625,17.469833930946585
1827.7734375,17.405716857222785
1827.79296875,18.06994135376901
1827.8125,15.098052116189844
1827.83203125,17.3904690069043
1827.8515625,19.141102620726897
1827.87109375,17.67607846752421
1827.890625,18.62979172934663
1827.91015625,20.401184041022418
1827.9296875,19.692655760941367
1827.94921875,21.30816256719508
1827.96875,20.20069305696263
1827.98828125,20.304336966359337
1828.0078125,18.942063901871443
1828.02734375,18.247044491819636
1828.046875,16.950065560469355
1828.06640625,19.81159502543386
1828.0859375,18.424931054772465
1828.10546875,15.00304538675492
1828.125,15.735051561700214
1828.14453125,19.565742228723245
1828.1640625,20.011635072166257
1828.18359375,17.696563912054664
1828.203125,17.635685665249646
1828.22265625,20.27887217725539
1828.2421875,17.619152280267556
1828.26171875,16.691299404965378
1828.28125,14.756271848422548
1828.30078125,15.75117200970864
1828.3203125,18.49531311748426
1828.33984375,19.071399148012723
1828.359375,18.212449787655284
1828.37890625,17.50963904699693
1828.3984375,18.107255109509328
1828.41796875,19.640413118842336
1828.4375,16.743722100406348
1828.45703125,17.334291203823845
1828.4765625,19.21151157887008
1828.49609375,20.20432723048523
1828.515625,20.55695339333458
1828.53515625,19.752937402270838
1828.5546875,15.885897793647
1828.57421875,18.14123343932994
1828.59375,18.50565473359936
1828.61328125,19.05786985793217
1828.6328125,14.441070291844909
1828.65234375,15.260501177901883
1828.671875,16.183968360662988
1828.69140625,18.36882515335659
1828.7109375,18.340797670858084
1828.73046875,16.37035366816318
1828.75,16.308716649900603
1828.76953125,17.88628150681898
1828.7890625,19.204847372382083
1828.80859375,21.20728544453368
1828.828125,20.494139037252502
1828.84765625,21.021513908077935
1828.8671875,21.2289121899793
1828.88671875,17.84775607686392
1828.90625,18.02129490454771
1828.92578125,18.176733530438277
1828.9453125,17.84645318557608
1828.96484375,17.19330788658695
1828.984375,19.420903853134078
1829.00390625,16.758956671132644
1829.0234375,17.26240952282351
1829.04296875,18.616345730324543
1829.0625,18.177257164992422
1829.08203125,17.121332572262208
1829.1015625,16.799926725266566
1829.12109375,19.478060072555547
1829.140625,17.332366081922096
1829.16015625,16.264804212029457
1829.1796875,18.932932711312002
1829.19921875,20.959494283480712
1829.21875,20.814328791264867
1829.23828125,19.19169844707811
1829.2578125,18.685662322288863
1829.27734375,18.538149388231208
1829.296875,15.205377263902752
1829.31640625,17.711068488294533
1829.3359375,19.942567982195307
1829.35546875,20.030760847944315
1829.375,19.71752781311259
1829.39453125,15.818927976035743
1829.4140625,20.360600704129553
1829.43359375,17.323222312622296
1829.453125,18.18623610845138
1829.47265625,16.691700740496486
1829.4921875,14.605780706651625
1829.51171875,17.71816548027001
1829.53125,16.76670406517344
1829.55078125,14.296187858462256
1829.5703125,17.44066702665301
1829.58984375,19.75889669009342
1829.609375,21.224209064347715
1829.62890625,21.225813042499226
1829.6484375,19.44297419248482
1829.66796875,18.481109733229424
1829.6875,19.099974331442745
1829.70703125,16.20541170875
1829.7265625,17.939022681085127
1829.74609375,18.19444501699692
1829.765625,18.43611648546179
1829.78515625,16.33763351320418
1829.8046875,18.304716119488525
1829.82421875,18.944826497790025
1829.84375,19.12527807777484
1829.86328125,20.053241445730606
1829.8828125,20.59820464577951
1829.90234375,22.06328153838255
1829.921875,20.844499470272684
1829.94140625,18.201631375886556
1829.9609375,17.099769413192497
1829.98046875,17.284071907353542
1830.0,12.373288195368811
1830.01953125,18.59951200096019
1830.0390625,21.000270970775116
1830.05859375,20.176153532933
1830.078125,16.440432033551833
1830.09765625,20.40770129262055
1830.1171875,20.50200336888681
1830.13671875,20.54184060718943
1830.15625,18.689907159962367
1830.17578125,19.86058630831237
1830.1953125,18.273002214503773
1830.21484375,17.577044677679307
1830.234375,16.520102697107347
1830.25390625,17.07468385969625
1830.2734375,17.71403332675147
1830.29296875,16.168101557482597
1830.3125,17.62361197920784
1830.33203125,14.066767249835255
1830.3515625,15.958995414335178
1830.37109375,18.57025175110686
1830.390625,18.580385683211194
1830.41015625,19.91436351883919
1830.4296875,20.592848385411713
1830.44921875,19.25214166962424
1830.46875,16.734874650396186
1830.48828125,19.022484082860082
1830.5078125,19.204101430470097
1830.52734375,18.044863516283066
1830.546875,18.604207213116783
1830.56640625,21.506007109125836
1830.5859375,19.675621522630784
1830.60546875,20.995558279741005
1830.625,18.781156989670166
1830.64453125,21.325737739031734
1830.6640625,21.367923107695514
1830.68359375,20.71784283126994
1830.703125,19.41827686389954
1830.72265625,19.546545742452384
1830.7421875,17.47029126775997
1830.76171875,14.240657382824518
1830.78125,18.799203887933974
1830.80078125,16.327471768664772
1830.8203125,17.481821951835624
1830.83984375,17.294650148724376
1830.859375,17.484630843986697
1830.87890625,19.751073047973087
1830.8984375,19.01374845669504
1830.91796875,19.428485277772673
1830.9375,18.95286239834121
1830.95703125,19.038112782671757
1830.9765625,20.149290706334448
1830.99609375,16.842156816004668
1831.015625,20.550891971651513
1831.03515625,20.618767959896452
1831.0546875,19.873741538732503
1831.07421875,21.850073867756624
1831.09375,21.393572818594144
1831.11328125,23.454566410916105
1831.1328125,22.623776213428943
1831.15234375,22.84961632362463
1831.171875,20.67523819395407
1831.19140625,21.00623532998274
1831.2109375,21.39736422901084
1831.23046875,23.858499035164293
1831.25,21.043979594232635
1831.26953125,20.56341021244636
1831.2890625,20.61452887114583
1831.30859375,21.89216528446192
1831.328125,21.91755912451295
1831.34765625,22.764801813016028
1831.3671875,23.69110467851568
1831.38671875,21.425557465954245
1831.40625,17.826934141115498
1831.42578125,19.972928808359303
1831.4453125,22.66256848088883
1831.46484375,19.662216957093342
1831.484375,19.748727468443683
1831.50390625,18.8045672623969
1831.5234375,17.58742552578766
1831.54296875,18.53875688902564
1831.5625,19.705093779804766
1831.58203125,20.169790471929655
1831.6015625,18.031447565894087
1831.62109375,21.642581201177315
1831.640625,20.348493274304
1831.66015625,22.326488316360006
1831.6796875,22.61990150405797
1831.69921875,20.323421917540195
1831.71875,22.733342717188112
1831.73828125,20.239079147231788
1831.7578125,21.5142917018919
1831.77734375,22.58898458981786
1831.796875,23.542210315826956
1831.81640625,23.505996807575617
1831.8359375,23.516187282585694
1831.85546875,22.306459761515473
1831.875,18.72278822391031
1831.89453125,21.079577420807066
1831.9140625,23.307909650883424
1831.93359375,23.28440918215151
1831.953125,22.244708231043067
1831.97265625,20.058903803318863
1831.9921875,19.328244888804228
1832.01171875,17.789504907649018
1832.03125,17.412491150440168
1832.05078125,17.213733736301037
1832.0703125,19.977251304260673
1832.08984375,21.92968567299309
1832.109375,19.374392469429736
1832.12890625,18.791270688860244
1832.1484375,16.015272146224657
1832.16796875,18.05783260422434
1832.1875,18.27557275716787
1832.20703125,20.068086428755876
1832.2265625,19.771637732670673
1832.24609375,21.241634190875196
1832.265625,22.95050523464215
1832.28515625,17.788920097784747
1832.3046875,20.965475848200075
1832.32421875,20.223283260475736
1832.34375,22.81855972591173
1832.36328125,24.631623716947463
1832.3828125,23.316697794228936
1832.40234375,22.26287292197603
1832.421875,22.612795799761358
1832.44140625,21.683896740689853
1832.4609375,18.25854602121534
1832.48046875,18.29904110529906
1832.5,16.45433460350132
1832.51953125,14.026208554770289
1832.5390625,17.22253611049852
1832.55859375,21.564252574838765
1832.578125,22.634221750082837
1832.59765625,19.699349026285727
1832.6171875,20.847931504484848
1832.63671875,22.563130040259058
1832.65625,23.13598516988489
1832.67578125,21.684860759069586
1832.6953125,23.48240392272026
1832.71484375,21.81811235835274
1832.734375,22.962477240744285
1832.75390625,18.44004948019011
1832.7734375,22.72054274308058
1832.79296875,20.332164064161145
1832.8125,18.82610833609628
1832.83203125,19.11777494303126
1832.8515625,20.815938364243113
1832.87109375,22.45120112069568
1832.890625,19.678273151586104
1832.91015625,19.88651648773702
1832.9296875,20.38783213184733
1832.94921875,19.147773787840727
1832.96875,20.780133407508828
1832.98828125,21.63308255996397
1833.0078125,22.403657207438144
1833.02734375,21.810229204963942
1833.046875,22.713262658864565
1833.06640625,21.461035002172462
1833.0859375,21.656794085876108
1833.10546875,22.75098240840476
1833.125,21.103209618292233
1833.14453125,20.547425370257454
1833.1640625,20.49557308716015
1833.18359375,20.818997038708194
1833.203125,22.38578693410918
1833.22265625,20.590144585688655
1833.2421875,19.841876526061764
1833.26171875,23.24952657397163
1833.28125,23.005813419878933
1833.30078125,20.50441647889845
1833.3203125,21.74980878653944
1833.33984375,20.774266970551786
1833.359375,21.368792565360398
1833.37890625,22.217593345183804
1833.3984375,16.12053923889009
1833.41796875,17.042716478543507
1833.4375,19.88867459053848
1833.45703125,21.232857261330118
1833.4765625,20.011385010870576
1833.49609375,23.04853480981371
1833.515625,23.84652237279238
1833.53515625,20.79695886879139
1833.5546875,21.190277036214162
1833.57421875,19.88918911767531
1833.59375,19.7280278712231
1833.61328125,17.20812714154904
1833.6328125,20.72225142311884
1833.65234375,19.239558545544085
1833.671875,18.44087155444109
1833.69140625,16.336407364455923
1833.7109375,19.017626219695806
1833.73046875,22.208276028725912
1833.75,19.151778193411225
1833.76953125,17.183808178717978
1833.7890625,15.975527350797586
1833.80859375,20.313011580290983
1833.828125,20.862875923378773
1833.84765625,20.86480003561383
1833.8671875,17.48463674175222
1833.88671875,22.572212784976134
1833.90625,21.33508142608389
1833.92578125,22.609522906618984
1833.9453125,21.78003430149125
1833.96484375,23.328866946461915
1833.984375,18.905493989964388
1834.00390625,17.071862767810206
1834.0234375,21.37033190860263
1834.04296875,18.58352886646499
1834.0625,14.71349118825693
1834.08203125,15.890757277143177
1834.1015625,15.030513314924406
1834.12109375,14.546151402653559
1834.140625,11.853671469438412
1834.16015625,12.783121677841761
1834.1796875,16.752698351269444
1834.19921875,16.381179622812873
1834.21875,14.95020643878099
1834.23828125,9.742657955803514
1834.2578125,11.532066364399974
1834.27734375,12.12590975852342
1834.296875,8.684381307979185
1834.31640625,9.016500835660683
1834.3359375,9.874445415944823
1834.35546875,10.234921758427346
1834.375,10.23151743804138
1834.39453125,10.835344873857137
1834.4140625,11.74228782125848
1834.43359375,9.666330874591448
1834.453125,12.620944334961568
1834.47265625,9.103390836884895
1834.4921875,8.57835168778387
1834.51171875,7.320497447530681
1834.53125,8.32289247949122
1834.55078125,8.369087493083637
1834.5703125,7.38525945226709
1834.58984375,8.944061002751175
1834.609375,8.768585447578578
1834.62890625,8.899424646735604
1834.6484375,12.419134132072985
1834.66796875,13.934663856270799
1834.6875,11.068356896344167
1834.70703125,10.762478830757368
1834.7265625,7.693355125382896
1834.74609375,10.14620580815648
1834.765625,7.9723690159658265
1834.78515625,10.89655907953526
1834.8046875,7.463986336057177
1834.82421875,12.378810279624245
1834.84375,10.711355658892188
1834.86328125,12.544278834952696
1834.8828125,12.201760694532961
1834.90234375,12.625030777645849
1834.921875,11.232783608498668
1834.94140625,12.707217890308144
1834.9609375,9.286560746004572
1834.98046875,10.241977346323662
1835.0,-4.742178332825317
1835.0,8.11023806168986
1835.01953125,-2.6972039002588883
1835.01953125,7.54223268004453
1835.0390625,10.828031888984645
1835.0390625,-2.8217139982375805
1835.05859375,-5.820863016896526
1835.05859375,10.178145645538462
1835.078125,-7.654419611682448
1835.078125,5.4489282315724905
1835.09765625,9.192010927617828
1835.09765625,-0.6907615043073536
1835.1171875,8.138322407655497
1835.1171875,-2.3195186216584993
1835.13671875,9.235723202256446
1835.13671875,-2.7513227450584368
1835.15625,-2.1903083880185252
1835.15625,10.502619062024943
1835.17578125,7.931243707536774
1835.17578125,-3.4979728277414055
1835.1953125,8.07590234395958
1835.1953125,-4.650919551873656
1835.21484375,-3.4535739846010984
1835.21484375,10.570916968487037
1835.234375,9.526808631883553
1835.234375,-2.6092341499990224
1835.25390625,-2.646444094015296
1835.25390625,8.486760453473222
1835.2734375,-5.528935343668179
1835.2734375,9.313435978484778
1835.29296875,8.01575119165891
1835.29296875,-2.614801752453189
1835.3125,-0.6771148437212827
1835.3125,8.063905282487637
1835.33203125,9.617706170956632
1835.33203125,-2.8218365873312568
1835.3515625,0.6129540091453378
1835.3515625,12.173437117084251
1835.37109375,10.819540852810654
1835.37109375,-0.8793653435738003
1835.390625,-2.1544494694952396
1835.390625,6.85876936417579
1835.41015625,10.612524880182807
1835.41015625,-2.6202600836299563
1835.4296875,-2.314454744059753
1835.4296875,9.66791426172332
1835.44921875,8.174460365998105
1835.44921875,-1.7264466363147908
1835.46875,-1.001856523694766
1835.46875,8.720731177718296
1835.48828125,9.359854510086965
1835.48828125,0.41969933709319074
1835.5078125,1.3859924790160136
1835.5078125,7.061417322000281
1835.52734375,8.601943491545654
1835.52734375,-1.2890123525604287
1835.546875,-2.183161411019821
1835.546875,8.340501888868033
1835.56640625,9.523220012035972
1835.56640625,-2.274553495831158
1835.5859375,-2.7766712523267985
1835.5859375,10.348439430544213
1835.60546875,9.622376215816393
1835.60546875,-3.056134257588419
1835.625,0.8282586908649632
1835.625,7.479019953070447
1835.64453125,7.447453275281537
1835.64453125,0.9127075010611552
1835.6640625,8.499060720120825
1835.6640625,0.95223175032176
1835.68359375,1.6050120046516434
1835.68359375,9.153557728271606
1835.703125,2.4050428783849855
1835.703125,6.8519134787136124
1835.72265625,7.853416977465327
1835.72265625,0.007296451580165808
1835.7421875,0.44041212417115905
1835.7421875,9.416965934366232
1835.76171875,7.910240639387683
1835.76171875,2.106093663695647
1835.78125,1.0825305694643383
1835.78125,9.847351623937346
1835.80078125,9.381686592097978
1835.80078125,0.630928160808726
1835.8203125,1.6214701236652345
1835.8203125,8.64669161586163
1835.83984375,6.375253635956286
1835.83984375,1.4581297513129514
1835.859375,8.656090993392501
1835.859375,2.7696599474095014
1835.87890625,3.6948942003960115
1835.87890625,10.470513131103647
1835.8984375,8.841163413259931
1835.8984375,4.111125063514468
1835.91796875,0.41753070424506583
1835.91796875,10.519245326025821
1835.9375,10.355350774518172
1835.9375,2.4908278871637672
1835.95703125,4.709201355750924
1835.95703125,10.185200971049017
1835.9765625,9.147146543618323
1835.9765625,4.063478012932552
1835.99609375,7.640782608853499
1835.99609375,4.08963517115193
1836.015625,6.009864820629007
1836.015625,10.418675641901945
1836.03515625,14.437549225865263
1836.03515625,9.62435256473901
1836.0546875,10.711197102547391
1836.0546875,15.456442581790814
1836.07421875,17.25600813131952
1836.07421875,9.828611190879915
1836.09375,10.01565614611697
1836.09375,16.138331031076778
1836.11328125,12.93835790443355
1836.11328125,8.750118588906826
1836.1328125,15.531507011035183
1836.1328125,12.059792923059657
1836.15234375,11.611852194976805
1836.15234375,14.200323936130781
1836.171875,15.016205346973411
1836.171875,10.596878814278073
1836.19140625,12.574651234810904
1836.19140625,16.652985466782695
1836.2109375,13.799519531344618
1836.2109375,8.991588316983279
1836.23046875,12.977413965933403
1836.23046875,14.572396591083864
1836.25,17.05541565666099
1836.25,14.295622788651968
1836.26953125,12.663461099958894
1836.26953125,14.964790536088909
1836.2890625,12.9810401232158
1836.2890625,12.952730428221091
1836.30859375,12.594795409709814
1836.30859375,13.2322627318303
1836.328125,12.509072858823444
1836.328125,10.106368583942634
1836.34765625,10.334651686142875
1836.34765625,15.410222109005701
1836.3671875,15.653290223571428
1836.3671875,9.01744603214578
1836.38671875,10.015985581568916
1836.38671875,15.683766524011777
1836.40625,9.663315441732772
1836.40625,15.976655963904161
1836.42578125,14.455519887739303
1836.42578125,7.6264040596731535
1836.4453125,8.029053419877178
1836.4453125,14.062656998977065
1836.46484375,10.132973414403201
1836.46484375,18.161552390153506
1836.484375,17.499497108398643
1836.484375,9.005876015566278
1836.50390625,11.971552716282435
1836.50390625,17.374822494301156
1836.5234375,15.202483359450275
1836.5234375,10.218953757306991
1836.54296875,11.157518617474098
1836.54296875,14.635388947339331
1836.5625,14.095095066466087
1836.5625,12.399421269458283
1836.58203125,13.864442127509406
1836.58203125,13.574222015220602
1836.6015625,14.670027997313213
1836.6015625,11.859853421147186
1836.62109375,11.159485350520486
1836.62109375,15.824876258382298
1836.640625,15.458580101849918
1836.640625,11.618236825344415
1836.66015625,13.093612769047109
1836.66015625,16.621169605361462
1836.6796875,12.803890000929153
1836.6796875,9.247899222569021
1836.69921875,10.50098285516012
1836.69921875,14.45982692565833
1836.71875,15.208782490133851
1836.71875,13.463953261534106
1836.73828125,12.098593711256525
1836.73828125,16.63000030681348
1836.7578125,13.778471741338972
1836.7578125,10.697023743162898
1836.77734375,9.389553569112369
1836.77734375,13.733356636460138
1836.796875,12.943860259272148
1836.796875,12.080060723902738
1836.81640625,12.148278587387917
1836.81640625,10.76677463224517
1836.8359375,12.216573387337244
1836.8359375,10.895426370142138
1836.85546875,9.964767648715291
1836.85546875,11.112817534206902
1836.875,12.669333678369588
1836.875,13.3202682936581
1836.89453125,13.500193812066357
1836.89453125,10.25158796222974
1836.9140625,11.990558957754331
1836.9140625,12.407584845917743
1836.93359375,13.224060709319653
1836.93359375,15.043712759768875
1836.953125,14.415503982152705
1836.953125,9.261695990557792
1836.97265625,12.557830734154527
1836.97265625,10.359418691585493
1836.9921875,10.487297242942606
1836.9921875,14.213892861710118
1837.01171875,13.955709020527184
1837.01171875,11.27302735365711
1837.03125,11.6442677771085
1837.03125,14.474828958781675
1837.05078125,10.080391236210698
1837.05078125,14.748465947863604
1837.0703125,15.49084879593776
1837.0703125,12.640646160968936
1837.08984375,10.959805264886878
1837.08984375,16.407171618590784
1837.109375,15.243079829781454
1837.109375,14.087018744234665
1837.12890625,13.122291005355308
1837.12890625,11.79419916288621
1837.1484375,12.388075688524612
1837.1484375,15.607292899423147
1837.16796875,13.861270161810046
1837.16796875,12.638689626574536
1837.1875,14.558197747513484
1837.1875,13.491393321160263
1837.20703125,10.273538234886702
1837.20703125,15.10730538838196
1837.2265625,15.354143667885788
1837.2265625,11.061365821748938
1837.24609375,11.976615454718658
1837.24609375,12.192546808462417
1837.265625,14.36919646770927
1837.265625,10.887489619599425
1837.28515625,13.976784837482844
1837.28515625,11.104830400487646
1837.3046875,12.383306960571861
1837.3046875,13.22353732432644
1837.32421875,14.285994817309415
1837.32421875,13.867508856295649
1837.34375,14.101586084408599
1837.34375,13.17634343642078
1837.36328125,12.662711769810606
1837.36328125,13.266507007229219
1837.3828125,6.778411086006477
1837.3828125,10.042854582135465
1837.40234375,12.220368131961651
1837.40234375,11.384795823039003
1837.421875,9.807675677815574
1837.421875,12.72037466025829
1837.44140625,9.080015255697955
1837.44140625,14.75783935310277
1837.4609375,10.432314194206318
1837.4609375,13.592339977475348
1837.48046875,11.50193601066375
1837.48046875,12.836070562513218
1837.5,13.544828109600791
1837.5,10.697105929738125
1837.51953125,14.39683606902687
1837.51953125,8.508823588514073
1837.5390625,13.697491764173298
1837.5390625,16.932069971614414
1837.55859375,14.310502036495851
1837.55859375,14.630776635302173
1837.578125,12.311347506080399
1837.578125,11.79412776596664
1837.59765625,12.184636250340688
1837.59765625,10.659482952547174
1837.6171875,13.908440813688708
1837.6171875,13.277783885988603
1837.63671875,10.010341414258766
1837.63671875,15.309886445126065
1837.65625,12.509621710374912
1837.65625,14.936008721318714
1837.67578125,13.667334112361933
1837.67578125,12.817432220707511
1837.6953125,15.425797869116062
1837.6953125,12.067664379065723
1837.71484375,12.310321973191183
1837.71484375,15.376952616147204
1837.734375,12.760216458275504
1837.734375,9.431371510996744
1837.75390625,12.664253942157082
1837.75390625,11.85432617039694
1837.7734375,13.67089168376244
1837.7734375,10.97473017897263
1837.79296875,13.014296957679855
1837.79296875,16.033961516729015
1837.8125,16.178410252846557
1837.8125,12.330497167877079
1837.83203125,12.026441299863327
1837.83203125,16.103038046377815
1837.8515625,15.450954282733687
1837.8515625,14.592803133800988
1837.87109375,16.95721339151011
1837.87109375,16.05690974998644
1837.890625,13.712795842013497
1837.890625,14.25314046612417
1837.91015625,9.008273849606056
1837.91015625,14.916862203592498
1837.9296875,14.405698356556684
1837.9296875,10.021392503875566
1837.94921875,10.472885750012555
1837.94921875,10.818499041498054
1837.96875,13.980205394677913
1837.96875,11.130969149752742
1837.98828125,11.999914567382293
1837.98828125,14.683457554799551
1838.0078125,15.587219299748956
1838.0078125,9.63947463549973
1838.02734375,10.850728496863779
1838.02734375,12.45753626319087
1838.046875,15.21135252982846
1838.046875,13.020427792184003
1838.06640625,12.865606313339375
1838.06640625,11.52855411892385
1838.0859375,12.868075191585723
1838.0859375,10.914331259797672
1838.10546875,11.898568542870763
1838.10546875,13.804973206168128
1838.125,17.33892597705891
1838.125,12.511482628787393
1838.14453125,12.484130100156857
1838.14453125,15.797567697791868
1838.1640625,15.500465724757607
1838.1640625,9.999037821040252
1838.18359375,11.788967475620826
1838.18359375,16.519634945400906
1838.203125,12.949232135872336
1838.203125,11.784443239170084
1838.22265625,12.325673438356565
1838.22265625,13.746517050187638
1838.2421875,12.443300723361421
1838.2421875,7.9685523191604135
1838.26171875,10.456726196103006
1838.26171875,16.568053172702292
1838.28125,15.365176002751792
1838.28125,9.109236961717338
1838.30078125,11.07602853360425
1838.30078125,14.350165894755298
1838.3203125,9.368142086249069
1838.3203125,11.541991179666624
1838.33984375,13.81857456812217
1838.33984375,11.930744978222444
1838.359375,7.134309575572743
1838.359375,17.50237855760071
1838.37890625,15.115610517672152
1838.37890625,7.329700187647916
1838.3984375,9.436629867387996
1838.3984375,15.450244668790495
1838.41796875,15.291961446221276
1838.41796875,9.572863845844733
1838.4375,8.433624777585099
1838.4375,14.680506689918039
1838.45703125,12.947047369225809
1838.45703125,11.011113265437675
1838.4765625,10.863463530674357
1838.4765625,17.326150885595528
1838.49609375,14.769990489835035
1838.49609375,9.998522104797987
1838.515625,10.333848601430962
1838.515625,16.541387671654537
1838.53515625,13.713389723033734
1838.53515625,7.721539484371765
1838.5546875,6.399585165031916
1838.5546875,12.217150816372927
1838.57421875,14.838451625372112
1838.57421875,7.454117223184899
1838.59375,9.413422885023353
1838.59375,14.360897815973104
1838.61328125,16.111369160976025
1838.61328125,10.07204086117367
1838.6328125,7.690594622453244
1838.6328125,12.472740687714623
1838.65234375,14.546787408082642
1838.65234375,10.96951047466215
1838.671875,16.070481703966514
1838.671875,9.812632841577642
1838.69140625,6.309117748100053
1838.69140625,16.768178614060453
1838.7109375,15.496056687953162
1838.7109375,7.322569048512264
1838.73046875,8.591257360819723
1838.73046875,15.397087219449322
1838.75,17.202857041058095
1838.75,10.302458208984994
1838.76953125,10.665637369891988
1838.76953125,16.74276591258091
1838.7890625,18.413482483300808
1838.7890625,9.862031729910067
1838.80859375,8.736187698759071
1838.80859375,13.687996750652118
1838.828125,14.478028168509042
1838.828125,6.119385010477766
1838.84765625,4.769166049105584
1838.84765625,16.880427200001503
1838.8671875,16.917392383623245
1838.8671875,5.898884450915732
1838.88671875,9.851099337958868
1838.88671875,15.645329753420436
1838.90625,18.072312756619095
1838.90625,8.940242911724287
1838.92578125,8.472363790324836
1838.92578125,17.57274524733728
1838.9453125,7.364066695480416
1838.9453125,18.710549724394475
1838.96484375,17.38003504386322
1838.96484375,9.025903335663648
1838.984375,6.721754711388141
1838.984375,16.008058007820047
1839.00390625,14.80940098442097
1839.00390625,11.668037211435218
1839.0234375,18.962740272595635
1839.0234375,11.864738615675195
1839.04296875,7.079011695704557
1839.04296875,18.20710081780317
1839.0625,7.700462899080273
1839.0625,17.90468279274127
1839.08203125,14.77035435379037
1839.08203125,8.523284748166523
1839.1015625,7.817342385403448
1839.1015625,13.944198083907349
1839.12109375,18.385888423918416
1839.12109375,7.488271474975055
1839.140625,6.004546140599371
1839.140625,16.305580599050682
1839.16015625,14.977918673091688
1839.16015625,5.020636765214816
1839.1796875,9.81192933071102
1839.1796875,16.656359099293446
1839.19921875,19.0302509083235
1839.19921875,10.15411855624671
1839.21875,8.239473719634605
1839.21875,19.103020241400493
1839.23828125,17.74468058327551
1839.23828125,6.048003580492447
1839.2578125,18.776065513881253
1839.2578125,8.005297478461571
1839.27734375,6.347990772699212
1839.27734375,18.557991236375376
1839.296875,21.0541451314206
1839.296875,7.339530750155845
1839.31640625,7.193674160138727
1839.31640625,19.974402306256515
1839.3359375,18.29479331897734
1839.3359375,8.905921713659682
1839.35546875,9.760616108885282
1839.35546875,15.808829027115545
1839.375,18.752441216086467
1839.375,7.68461093839759
1839.39453125,7.19505675196785
1839.39453125,14.614609204762871
1839.4140625,16.97735615213439
1839.4140625,6.660740947292192
1839.43359375,4.520622065589622
1839.43359375,15.674949449411688
1839.453125,18.52624881752354
1839.453125,5.446535832646849
1839.47265625,18.463633111841013
1839.47265625,4.019431863831182
1839.4921875,6.6120505245204555
1839.4921875,17.173965910240394
1839.51171875,16.331044944364173
1839.51171875,4.47725036600629
1839.53125,3.790579319681566
1839.53125,15.507081278859726
1839.55078125,19.939224637652508
1839.55078125,0.7145077562562293
1839.5703125,20.043588397161564
1839.5703125,3.4778242124072785
1839.58984375,7.388969459624898
1839.58984375,22.413678069843396
1839.609375,19.816816409740163
1839.609375,7.273000368393463
1839.62890625,7.314625684253487
1839.62890625,20.33325107835056
1839.6484375,21.97442265395018
1839.6484375,2.7350815375738042
1839.66796875,2.437036309521986
1839.66796875,20.393684090954757
1839.6875,21.122482820316492
1839.6875,0.8062477175227019
1839.70703125,-0.8266446739054272
1839.70703125,17.729270446185456
1839.7265625,18.930485448469177
1839.7265625,5.846458824101342
1839.74609375,6.041500578488287
1839.74609375,18.700149186642083
1839.765625,19.121912128140572
1839.765625,4.269155100496335
1839.78515625,3.459265278391622
1839.78515625,20.093411581722915
1839.8046875,20.34868400957707
1839.8046875,3.3811703732445593
1839.82421875,4.5435278843212785
1839.82421875,19.699358298416875
1839.84375,20.239359149499837
1839.84375,4.978151651773645
1839.86328125,21.115772300607386
1839.86328125,5.669989779444622
1839.8828125,5.525375547971655
1839.8828125,19.65358574464016
1839.90234375,20.317759662414293
1839.90234375,3.9577221439147285
1839.921875,3.3583663369046177
1839.921875,19.749279675315712
1839.94140625,21.2925785757744
1839.94140625,2.05027414650774
1839.9609375,1.1414720156568563
1839.9609375,19.050657297163934
1839.98046875,20.049056677219546
1839.98046875,3.69051886451253
1840.0,22.934336624534986
1840.01953125,24.15806548489013
1840.0390625,22.190481349952325
1840.05859375,16.90166312895652
1840.078125,18.40034433911913
1840.09765625,22.958157652154803
1840.1171875,22.680881304224418
1840.13671875,21.309600076243573
1840.15625,19.275432438565105
1840.17578125,21.809848871431058
1840.1953125,23.41935737058585
1840.21484375,23.14259693736422
1840.234375,24.369657207028492
1840.25390625,23.169652799625972
1840.2734375,23.877687720934805
1840.29296875,21.702314207649035
1840.3125,21.00022810050488
1840.33203125,21.590792260818006
1840.3515625,21.32434941369279
1840.37109375,21.559058154503678
1840.390625,21.08293561205782
1840.41015625,17.899750678833193
1840.4296875,21.94879977144476
1840.44921875,22.761594127385145
1840.46875,21.964699290332184
1840.48828125,20.056800272411056
1840.5078125,22.448470022552
1840.52734375,20.28471150341698
1840.546875,21.552002640087462
1840.56640625,24.611113222861395
1840.5859375,23.223380698803638
1840.60546875,19.406946597295864
1840.625,19.49166520571273
1840.64453125,21.059596363820695
1840.6640625,17.36488957253027
1840.68359375,21.47454398810965
1840.703125,24.005232147278228
1840.72265625,23.904922713706405
1840.7421875,21.03850703457973
1840.76171875,20.338884906818762
1840.78125,21.76640368904764
1840.80078125,20.809708985823892
1840.8203125,19.417040839104704
1840.83984375,22.171961810354137
1840.859375,22.686183568166516
1840.87890625,21.174418136580748
1840.8984375,19.747867028886166
1840.91796875,22.109427613683206
1840.9375,24.755921340845553
1840.95703125,21.411949921538287
1840.9765625,20.997611011765294
1840.99609375,22.24267789052174
1841.015625,23.144473980063772
1841.03515625,20.563895816049005
1841.0546875,19.988700081572247
1841.07421875,17.462584008908056
1841.09375,19.78901076668781
1841.11328125,21.234781840857515
1841.1328125,20.939869051782676
1841.15234375,21.641882943664704
1841.171875,23.913791983629817
1841.19140625,20.736576871119016
1841.2109375,20.670815391621556
1841.23046875,21.406235308943533
1841.25,23.09149610717553
1841.26953125,22.08719650636454
1841.2890625,21.890499330040278
1841.30859375,23.750121105179236
1841.328125,24.76076516246551
1841.34765625,21.466715499299884
1841.3671875,22.229632057269423
1841.38671875,20.643406925420415
1841.40625,23.95658625030704
1841.42578125,22.372391808073807
1841.4453125,21.078083884396026
1841.46484375,18.697980640901704
1841.484375,17.409161684066287
1841.50390625,21.12769624452113
1841.5234375,23.631721257419642
1841.54296875,24.43303264605014
1841.5625,17.950427624332015
1841.58203125,21.513747582750828
1841.6015625,21.571703585387006
1841.62109375,22.00852808044275
1841.640625,23.495420724696608
1841.66015625,26.18849234703854
1841.6796875,24.237458335209
1841.69921875,19.067075434697607
1841.71875,20.859891546422126
1841.73828125,23.52280458381895
1841.7578125,20.69283846731513
1841.77734375,22.538073953200037
1841.796875,23.551358816659658
1841.81640625,22.983536250541768
1841.8359375,20.810309303099263
1841.85546875,21.444382124767362
1841.875,25.15924509122293
1841.89453125,24.600512371062287
1841.9140625,21.15588378372841
1841.93359375,19.950494796735182
1841.953125,23.509237673527842
1841.97265625,20.5305908954416
1841.9921875,22.131929221212495
1842.01171875,21.42124427795064
1842.03125,24.51984816297837
1842.05078125,22.110390970202555
1842.0703125,20.110473198395194
1842.08984375,20.98812958231823
1842.109375,24.117095944666456
1842.12890625,24.888244871733754
1842.1484375,25.16186814061029
1842.16796875,25.263089554503743
1842.1875,22.937931646324497
1842.20703125,22.908924280527238
1842.2265625,23.491925467866817
1842.24609375,26.87129315741073
1842.265625,24.90094102212037
1842.28515625,23.20995698134267
1842.3046875,22.952535059487882
1842.32421875,24.385581808621225
1842.34375,22.21383316603618
1842.36328125,22.63170622013089
1842.3828125,23.093274796328185
1842.40234375,23.420369665920884
1842.421875,22.70713799437578
1842.44140625,20.418312944012182
1842.4609375,22.6399400562768
1842.48046875,24.013504580025998
1842.5,19.06979901292562
1842.51953125,19.293028638369442
1842.5390625,23.231502206410244
1842.55859375,19.14822384789489
1842.578125,20.43310840290127
1842.59765625,23.63930924091398
1842.6171875,22.73258682034919
1842.63671875,24.899745859609588
1842.65625,20.58042157792171
1842.67578125,22.981234454263603
1842.6953125,22.159271950249213
1842.71484375,22.22150783840042
1842.734375,24.33712850202442
1842.75390625,26.033001723540973
1842.7734375,26.125896091732322
1842.79296875,24.340443353226355
1842.8125,22.429499722354514
1842.83203125,19.394478762465774
1842.8515625,23.226107345432318
1842.87109375,21.715692389964836
1842.890625,23.57543252005503
1842.91015625,24.093215577440617
1842.9296875,25.22940186412104
1842.94921875,21.80403553711864
1842.96875,23.285477707862764
1842.98828125,24.559566992088435
1843.0078125,23.91261641205077
1843.02734375,24.561786439586424
1843.046875,24.46161655207362
1843.06640625,23.804007924852613
1843.0859375,22.858439742353834
1843.10546875,22.826588764305345
1843.125,23.80275610587116
1843.14453125,24.383747155638652
1843.1640625,24.214759404481978
1843.18359375,24.64777901950416
1843.203125,22.511804344382277
1843.22265625,26.26467427730507
1843.2421875,25.851256353129536
1843.26171875,24.68070851064328
1843.28125,20.250543479864238
1843.30078125,24.00495027979195
1843.3203125,22.566481085710596
1843.33984375,22.47241404157885
1843.359375,21.260679859616165
1843.37890625,22.305540939101533
1843.3984375,23.897387804375075
1843.41796875,23.352763218486817
1843.4375,20.803556163748475
1843.45703125,21.5407208167889
1843.4765625,23.025207783039455
1843.49609375,18.843363921053292
1843.515625,19.941592772323617
1843.53515625,23.47178566299982
1843.5546875,22.649069716039694
1843.57421875,22.07846793305532
1843.59375,22.437646442395206
1843.61328125,21.02789192369311
1843.6328125,21.686822282460977
1843.65234375,20.302810476309382
1843.671875,23.396184865511724
1843.69140625,25.887533436457307
1843.7109375,22.61066200942058
1843.73046875,22.40552621662883
1843.75,22.39655602876329
1843.76953125,19.125413401465263
1843.7890625,24.268269600587693
1843.80859375,22.323935014624585
1843.828125,21.87103397513587
1843.84765625,22.947409250245617
1843.8671875,23.86466864112061
1843.88671875,22.312871224784523
1843.90625,20.379732996479877
1843.92578125,22.590444629175074
1843.9453125,22.562408044318616
1843.96484375,24.563851265565198
1843.984375,23.363725766273554
1844.00390625,21.675802875652494
1844.0234375,24.022508383902892
1844.04296875,21.717410729564346
1844.0625,22.123595695961658
1844.08203125,19.684242235378953
1844.1015625,22.50227379851669
1844.12109375,20.045318335037983
1844.140625,21.775397172752758
1844.16015625,22.23020121306417
1844.1796875,24.509699065576278
1844.19921875,22.85768829552327
1844.21875,22.816650498873756
1844.23828125,23.26966282011199
1844.2578125,22.071425569500075
1844.27734375,22.097771925869413
1844.296875,23.95412090619147
1844.31640625,24.014483264898193
1844.3359375,19.964375893342854
1844.35546875,19.31894333561483
1844.375,22.598442823743973
1844.39453125,20.8302553805195
1844.4140625,18.55060566587677
1844.43359375,21.19565643765318
1844.453125,21.985732825750183
1844.47265625,23.410667832084517
1844.4921875,23.772808680069215
1844.51171875,20.370601210820983
1844.53125,19.33584784863286
1844.55078125,16.21029646240589
1844.5703125,20.994291323277483
1844.58984375,20.104413957074463
1844.609375,20.463143013924732
1844.62890625,21.29375680311016
1844.6484375,21.69601255709062
1844.66796875,23.483843496754048
1844.6875,23.198876115789794
1844.70703125,20.46367357688606
1844.7265625,17.69627215858133
1844.74609375,21.856961478818956
1844.765625,20.14075225895143
1844.78515625,21.43466272635991
1844.8046875,19.268633233676745
1844.82421875,20.638430499191877
1844.84375,19.134315348647164
1844.86328125,21.819937845195213
1844.8828125,23.738980013716528
1844.90234375,20.582292041459123
1844.921875,22.565575160210866
1844.94140625,22.263556419017277
1844.9609375,20.591704057160758
1844.98046875,20.384770268136407
1845.0,12.755885355893612
1845.01953125,17.9879076777112
1845.0390625,20.065943338111772
1845.05859375,23.5526701745841
1845.078125,21.614429631821785
1845.09765625,21.029153938632838
1845.1171875,22.188171279601143
1845.13671875,22.059031695189415
1845.15625,24.312220362436232
1845.17578125,21.102881927972128
1845.1953125,23.914221910895275
1845.21484375,24.300367060508385
1845.234375,18.33443418663079
1845.25390625,21.081609830218877
1845.2734375,20.153298410541456
1845.29296875,20.581928000727274
1845.3125,22.605865669461735
1845.33203125,20.61366175048589
1845.3515625,17.466139932057036
1845.37109375,21.136632587578102
1845.390625,19.01321252345029
1845.41015625,19.67015178307048
1845.4296875,21.32840491876598
1845.44921875,22.477483580890077
1845.46875,22.975128619094626
1845.48828125,21.73701179104595
1845.5078125,19.797942165011722
1845.52734375,17.936809151516403
1845.546875,22.206628773360286
1845.56640625,22.019587489839534
1845.5859375,21.963107607012276
1845.60546875,23.496748685055504
1845.625,21.646103645402953
1845.64453125,21.71595054490483
1845.6640625,24.816409645390884
1845.68359375,21.496026931104133
1845.703125,23.12492861632505
1845.72265625,22.684860898668244
1845.7421875,23.766135308522077
1845.76171875,21.53696186116604
1845.78125,19.417651451900056
1845.80078125,19.290408933784825
1845.8203125,17.799607724275425
1845.83984375,17.699211170005974
1845.859375,22.472277004975897
1845.87890625,22.293478922530234
1845.8984375,20.728818501091105
1845.91796875,21.9156394054366
1845.9375,23.888996255674538
1845.95703125,18.073483495097314
1845.9765625,21.83715854157116
1845.99609375,21.820450312141812
1846.015625,20.84904839021605
1846.03515625,21.22521144768364
1846.0546875,21.766139580328925
1846.07421875,22.3023875464336
1846.09375,24.813289416373205
1846.11328125,21.37763591171674
1846.1328125,18.548103275242156
1846.15234375,20.865880774364456
1846.171875,23.399829187733477
1846.19140625,23.005736817618903
1846.2109375,18.112204137163282
1846.23046875,19.844665404953908
1846.25,23.343899431612506
1846.26953125,25.21067305465898
1846.2890625,23.229656161841383
1846.30859375,21.382371701789957
1846.328125,20.696022249538554
1846.34765625,20.1597195463061
1846.3671875,23.381888661093477
1846.38671875,21.779654097069038
1846.40625,19.619514042237736
1846.42578125,20.169667461861657
1846.4453125,22.36280162303324
1846.46484375,23.700178239920582
1846.484375,18.329366240551007
1846.50390625,20.643171246833372
1846.5234375,21.608164932893953
1846.54296875,23.180750443181914
1846.5625,22.863006049943497
1846.58203125,22.475517421169247
1846.6015625,20.255773737526134
1846.62109375,22.276725234163695
1846.640625,22.578964544609715
1846.66015625,20.453819318046808
1846.6796875,22.50961190006095
1846.69921875,23.954397311962158
1846.71875,20.4421183604636
1846.73828125,23.015105614376285
1846.7578125,23.68326444123055
1846.77734375,23.5839708142114
1846.796875,23.30352264175651
1846.81640625,20.153126389817913
1846.8359375,23.890106069365896
1846.85546875,21.41080739458905
1846.875,20.069864405263576
1846.89453125,21.044474569098323
1846.9140625,22.245453470330563
1846.93359375,18.40436346618973
1846.953125,19.46707052804823
1846.97265625,20.07770033200675
1846.9921875,21.834942443510233
1847.01171875,22.968477732780542
1847.03125,22.53463936423507
1847.05078125,24.907470845213975
1847.0703125,24.031157312073546
1847.08984375,21.15781517836117
1847.109375,21.060493412629622
1847.12890625,21.327604248780926
1847.1484375,22.62845996165071
1847.16796875,21.004594018448213
1847.1875,25.269812457337295
1847.20703125,22.741605265481738
1847.2265625,24.10181633865501
1847.24609375,21.140816202858367
1847.265625,21.97342719972453
1847.28515625,23.225336585161664
1847.3046875,22.24368605344805
1847.32421875,22.63186585570608
1847.34375,21.699663196743387
1847.36328125,22.363199155501434
1847.3828125,22.61969906586982
1847.40234375,23.12609563916763
1847.421875,22.57570003942668
1847.44140625,21.599666785286043
1847.4609375,24.308678885314787
1847.48046875,23.54414628735756
1847.5,21.614555586463332
1847.51953125,21.708745192697428
1847.5390625,21.61720881169716
1847.55859375,19.317896692735598
1847.578125,18.715121455610028
1847.59765625,18.50095195545322
1847.6171875,20.192309161814755
1847.63671875,21.74975337202475
1847.65625,17.3193884194094
1847.67578125,19.556598999235526
1847.6953125,22.458673957478645
1847.71484375,23.287522204457744
1847.734375,20.988470971517984
1847.75390625,18.974792070302282
1847.7734375,21.760093206553655
1847.79296875,21.643899253533313
1847.8125,23.520718476003843
1847.83203125,20.488607076738493
1847.8515625,20.706391456049914
1847.87109375,21.459170807532097
1847.890625,17.62770032235905
1847.91015625,23.889633582064537
1847.9296875,21.950774026568578
1847.94921875,22.24161444999161
1847.96875,21.465937000024407
1847.98828125,22.104606340794884
1848.0078125,20.99798401131318
1848.02734375,21.64161823495676
1848.046875,19.59695216494893
1848.06640625,18.5859763775346
1848.0859375,21.482254568746722
1848.10546875,19.36846975754643
1848.125,17.696935774961833
1848.14453125,21.143352632225938
1848.1640625,21.00020416206942
1848.18359375,22.767377209728544
1848.203125,20.747343918975066
1848.22265625,18.54087775591299
1848.2421875,22.075334510899502
1848.26171875,21.74579575028287
1848.28125,19.75629124932065
1848.30078125,20.49986753246639
1848.3203125,22.845329426565918
1848.33984375,16.74776591518109
1848.359375,20.47932399686146
1848.37890625,20.0539381761574
1848.3984375,18.915283372348235
1848.41796875,19.46813050794536
1848.4375,19.721797017820546
1848.45703125,18.693921034744847
1848.4765625,17.31507030026065
1848.49609375,18.363843185637542
1848.515625,21.195525253385792
1848.53515625,22.188556961698957
1848.5546875,20.295704650109393
1848.57421875,20.874637699798768
1848.59375,20.617832633671107
1848.61328125,23.245164003516685
1848.6328125,22.35870158738782
1848.65234375,20.45294778385416
1848.671875,20.7291062902031
1848.69140625,21.179197559237856
1848.7109375,20.68248671171346
1848.73046875,19.02461944866873
1848.75,19.209367015882318
1848.76953125,22.635308886085113
1848.7890625,20.239402075708284
1848.80859375,20.306882616158482
1848.828125,17.495081284644595
1848.84765625,20.939867952750255
1848.8671875,20.79362853068978
1848.88671875,21.824142176359395
1848.90625,21.622067321159488
1848.92578125,19.128698129606086
1848.9453125,18.669871554430813
1848.96484375,18.743256993812704
1848.984375,19.308824521098032
1849.00390625,20.465277452828794
1849.0234375,22.304786144166574
1849.04296875,19.593662733136377
1849.0625,19.87002417632198
1849.08203125,21.69191760446094
1849.1015625,19.441919162148885
1849.12109375,17.24932948760632
1849.140625,20.087677218303757
1849.16015625,21.51645668641789
1849.1796875,19.055320683998545
1849.19921875,18.57046799959303
1849.21875,17.443142639872892
1849.23828125,17.87986258721146
1849.2578125,17.52832505483231
1849.27734375,13.873379448292301
1849.296875,14.443229239779976
1849.31640625,15.73833134345737
1849.3359375,14.887557630790464
1849.35546875,14.079767689811854
1849.375,13.269954751490815
1849.39453125,17.83999301591828
1849.4140625,14.966452819952414
1849.43359375,12.862052493594764
1849.453125,11.190188252970046
1849.47265625,13.354996758253511
1849.4921875,15.290958880047578
1849.51171875,14.349598201833107
1849.53125,13.787223714987277
1849.55078125,16.634789394176618
1849.5703125,15.393267440269259
1849.58984375,17.435267355930545
1849.609375,16.610904227759708
1849.62890625,13.800575974339392
1849.6484375,15.639375130006192
1849.66796875,13.831989720829384
1849.6875,13.825375137008086
1849.70703125,14.165386425577358
1849.7265625,14.563428519462965
1849.74609375,14.490336610981014
1849.765625,16.40570751960518
1849.78515625,17.21573811112808
1849.8046875,16.111542609797645
1849.82421875,14.635537762263453
1849.84375,11.985362763852496
1849.86328125,14.505675564421143
1849.8828125,17.365976911721297
1849.90234375,14.86898220033388
1849.921875,15.422018015712121
1849.94140625,17.671727493547944
1849.9609375,15.347301808922433
1849.98046875,16.107421449476192
1850.0,16.50083821521209
1850.0,-1.5406008956312298
1850.01953125,13.649407144846737
1850.01953125,-0.33767920436294296
1850.0390625,11.954244270817119
1850.0390625,-0.6339119989326061
1850.05859375,-0.5135146611714001
1850.05859375,13.45513337752602
1850.078125,-1.358833879110637
1850.078125,14.55621350908334
1850.09765625,13.815098768828358
1850.09765625,-2.4478103607603368
1850.1171875,-0.3610713325827381
1850.1171875,13.831971642315626
1850.13671875,13.32554392782929
1850.13671875,0.5272372988456107
1850.15625,2.077212705354652
1850.15625,16.336228833319417
1850.17578125,17.857516133702138
1850.17578125,1.469774973152255
1850.1953125,15.628765963327282
1850.1953125,3.3588179363405835
1850.21484375,2.047314830067665
1850.21484375,15.803904202452719
1850.234375,0.9315212977487807
1850.234375,14.807489197217816
1850.25390625,12.982001488234925
1850.25390625,3.313497399915555
1850.2734375,2.2999471343307962
1850.2734375,13.022968597723807
1850.29296875,14.857556041347431
1850.29296875,3.0214930034375427
1850.3125,2.7205059863636483
1850.3125,13.356609930246947
1850.33203125,12.694848985410454
1850.33203125,3.3347183986658786
1850.3515625,3.2409043960215
1850.3515625,14.966399266934417
1850.37109375,12.281650963521042
1850.37109375,3.013661749150912
1850.390625,8.994326628415273
1850.390625,2.112441137231353
1850.41015625,-0.8881047479277882
1850.41015625,10.872581727489424
1850.4296875,11.315897597479017
1850.4296875,3.014978565363861
1850.44921875,2.5869067836491113
1850.44921875,13.738685170615835
1850.46875,12.425679474957514
1850.46875,2.4953264839830127
1850.48828125,1.005754044661456
1850.48828125,13.719387348647953
1850.5078125,3.2368030824460106
1850.5078125,11.053574357278027
1850.52734375,14.363529107694305
1850.52734375,5.818605111306061
1850.546875,12.130970359429053
1850.546875,4.864371193181644
1850.56640625,5.0019720253214075
1850.56640625,12.400921682039744
1850.5859375,14.274763753907417
1850.5859375,3.6877315695752473
1850.60546875,1.3628976280409206
1850.60546875,16.551980785586846
1850.625,14.318592907253858
1850.625,2.253119262016155
1850.64453125,1.931956922879495
1850.64453125,15.577303496464685
1850.6640625,14.06920915903444
1850.6640625,2.71795303535157
1850.68359375,5.195301180581778
1850.68359375,15.035768328935982
1850.703125,14.123988749511678
1850.703125,4.163243400958067
1850.72265625,16.350059987165945
1850.72265625,3.0106311345599814
1850.7421875,5.829588023617737
1850.7421875,14.264249204868028
1850.76171875,15.198807196816428
1850.76171875,5.145087080721329
1850.78125,2.9982738345221387
1850.78125,13.150284422450193
1850.80078125,11.31267953626182
1850.80078125,4.942353706762214
1850.8203125,9.893772591018815
1850.8203125,2.1356784478923023
1850.83984375,2.504135045229193
1850.83984375,12.041652522284387
1850.859375,5.758099481917926
1850.859375,12.358388566282542
1850.87890625,13.681046041072321
1850.87890625,4.006400489387946
1850.8984375,4.668272823400914
1850.8984375,13.412241197606495
1850.91796875,14.779314331798508
1850.91796875,5.59481011263069
1850.9375,13.110548764265065
1850.9375,3.087744346905788
1850.95703125,4.899217898938029
1850.95703125,13.114464346738817
1850.9765625,11.818261607592538
1850.9765625,6.831286505270543
1850.99609375,6.533907956044845
1850.99609375,13.485291084178503
1851.015625,12.690967154260093
1851.015625,7.601919268160927
1851.03515625,9.486125601032033
1851.03515625,14.05369816843081
1851.0546875,15.54321848443839
1851.0546875,5.554898437574641
1851.07421875,3.4393990082425447
1851.07421875,17.145405254184674
1851.09375,16.351935476742675
1851.09375,3.9963690693857528
1851.11328125,8.678781348582493
1851.11328125,12.453066990590282
1851.1328125,16.113252518318248
1851.1328125,12.20782418774787
1851.15234375,9.74474822184511
1851.15234375,15.618498691668119
1851.171875,16.905466529925455
1851.171875,9.125584401526435
1851.19140625,16.61708161161542
1851.19140625,10.494290621584161
1851.2109375,10.156179712613113
1851.2109375,17.040450534491413
1851.23046875,15.627410029620767
1851.23046875,9.487658782813064
1851.25,10.59469150396645
1851.25,13.84219988735617
1851.26953125,14.556921413294697
1851.26953125,11.488581744743572
1851.2890625,18.34213412312089
1851.2890625,10.346753053938263
1851.30859375,16.068130259191264
1851.30859375,7.158510004694786
1851.328125,11.202785219994352
1851.328125,13.054350776488604
1851.34765625,15.103308911804671
1851.34765625,6.6103838702689375
1851.3671875,6.8797217041404775
1851.3671875,15.740979252531128
1851.38671875,14.682997873856625
1851.38671875,8.032784388374054
1851.40625,10.53659840863585
1851.40625,12.73082727451512
1851.42578125,15.646962771263784
1851.42578125,12.039416932277407
1851.4453125,9.151476437227554
1851.4453125,14.648991791175911
1851.46484375,16.4449277462857
1851.46484375,10.536566785587706
1851.484375,10.890787944339614
1851.484375,14.873033978911465
1851.50390625,15.604492569372479
1851.50390625,11.015198714433838
1851.5234375,8.604125199497506
1851.5234375,15.328103550878595
1851.54296875,12.203952336008689
1851.54296875,10.72122282179896
1851.5625,12.203341929258919
1851.5625,14.586533986480623
1851.58203125,12.384833958354466
1851.58203125,10.669460026435575
1851.6015625,12.18779920766347
1851.6015625,13.195944416670994
1851.62109375,9.429732318729583
1851.62109375,12.987027851081058
1851.640625,15.477907391472382
1851.640625,9.30103101888278
1851.66015625,16.531847025694272
1851.66015625,10.244377580661608
1851.6796875,14.607576932067994
1851.6796875,7.847948523788534
1851.69921875,12.725544156364474
1851.69921875,16.272879975023727
1851.71875,16.10612592970164
1851.71875,12.896129528486984
1851.73828125,10.550262516515136
1851.73828125,16.688865413702885
1851.7578125,9.161356374628825
1851.7578125,11.163374124493386
1851.77734375,13.3295847113198
1851.77734375,12.54103263967699
1851.796875,13.704412292829058
1851.796875,8.578216081798477
1851.81640625,14.963276419201652
1851.81640625,15.234195109744075
1851.8359375,14.240928497741885
1851.8359375,14.471702064419617
1851.85546875,13.906950445151546
1851.85546875,12.032875200468677
1851.875,14.139529735947505
1851.875,10.600238639734831
1851.89453125,9.32759459102019
1851.89453125,18.07299424633198
1851.9140625,18.846878340039925
1851.9140625,9.370574706738058
1851.93359375,11.96873780031297
1851.93359375,16.524170882609972
1851.953125,13.636493063733102
1851.953125,10.376946035006547
1851.97265625,11.819475604879518
1851.97265625,15.735946046897975
1851.9921875,14.431709952366248
1851.9921875,11.852016211025143
1852.01171875,11.697120193170097
1852.01171875,16.19222910848739
1852.03125,14.929428821406185
1852.03125,13.612048115879427
1852.05078125,11.965655901983279
1852.05078125,15.48754648956791
1852.0703125,11.431818504957615
1852.0703125,15.01579607305192
1852.08984375,14.88811540981951
1852.08984375,8.792832783130754
1852.109375,15.820789363835683
1852.109375,11.104549538220919
1852.12890625,10.13932021733412
1852.12890625,14.183196756982841
1852.1484375,12.916747204342688
1852.1484375,13.223070023228672
1852.16796875,11.341611438724724
1852.16796875,14.594854745634933
1852.1875,14.965392579821648
1852.1875,12.443112730309284
1852.20703125,11.812461665039418
1852.20703125,13.998977224012682
1852.2265625,17.48116828669475
1852.2265625,13.602280936982268
1852.24609375,13.926621857037915
1852.24609375,15.806894057031155
1852.265625,12.88742899011019
1852.265625,13.999055319677751
1852.28515625,14.433081956914402
1852.28515625,16.028512827005816
1852.3046875,14.521781355659698
1852.3046875,12.230712869919415
1852.32421875,12.74254273330698
1852.32421875,15.157891338054572
1852.34375,11.263227563311574
1852.34375,13.121258550432213
1852.36328125,12.873322956733205
1852.36328125,14.678163162654206
1852.3828125,8.404244317253132
1852.3828125,16.842887228309873
1852.40234375,16.243976491213438
1852.40234375,14.296191731097963
1852.421875,14.963056330931058
1852.421875,13.053839998640047
1852.44140625,15.437224560747799
1852.44140625,10.118190456766916
1852.4609375,11.688194267900016
1852.4609375,16.26543575685389
1852.48046875,12.273137634187838
1852.48046875,16.51761430319426
1852.5,13.562719238875207
1852.5,8.148667761183109
1852.51953125,13.523300815161031
1852.51953125,14.258093745494502
1852.5390625,14.17088994850226
1852.5390625,12.771881280576384
1852.55859375,12.106329779689435
1852.55859375,12.960972978045678
1852.578125,16.218627667811017
1852.578125,10.005037106863927
1852.59765625,15.37131055869597
1852.59765625,12.963059082322697
1852.6171875,13.536009635438173
1852.6171875,14.691127296026036
1852.63671875,16.833715002242446
1852.63671875,12.344118056968234
1852.65625,10.258355849766323
1852.65625,15.760247435004652
1852.67578125,14.083377585918129
1852.67578125,12.997004873865373
1852.6953125,13.910132721717485
1852.6953125,13.842809442755154
1852.71484375,13.250079091097358
1852.71484375,13.920435083726463
1852.734375,16.340973119577296
1852.734375,13.290036890160234
1852.75390625,13.448176050650332
1852.75390625,15.75603705543316
1852.7734375,15.19481514487598
1852.7734375,14.779842979394985
1852.79296875,13.701682053675716
1852.79296875,11.790083016745974
1852.8125,16.15534463878842
1852.8125,10.026453086883231
1852.83203125,12.687979413893254
1852.83203125,15.744472938232315
1852.8515625,14.633684005326748
1852.8515625,13.488497966892279
1852.87109375,12.152312379464282
1852.87109375,11.916808772251724
1852.890625,13.30071139854137
1852.890625,13.727130322072032
1852.91015625,12.36233915846048
1852.91015625,15.739980688253393
1852.9296875,13.013485295908655
1852.9296875,14.45313545019234
1852.94921875,13.281144023394528
1852.94921875,13.73129274303805
1852.96875,15.143788952529542
1852.96875,13.973571773687453
1852.98828125,13.381213938701274
1852.98828125,10.736432488305612
1853.0078125,13.795688453733145
1853.0078125,12.777228296704262
1853.02734375,11.730563662103322
1853.02734375,13.67645899182519
1853.046875,10.655399382589916
1853.046875,13.515529621692945
1853.06640625,13.658283058350596
1853.06640625,13.206011705161988
1853.0859375,12.869473820240785
1853.0859375,16.751042339216106
1853.10546875,18.1463679573373
1853.10546875,11.737630386240458
1853.125,10.622345955654101
1853.125,18.071046046875367
1853.14453125,18.767679481622203
1853.14453125,10.512164844473466
1853.1640625,17.738825550326123
1853.1640625,10.987905233522596
1853.18359375,10.303663116657336
1853.18359375,18.901221601682376
1853.203125,19.37638503955897
1853.203125,12.322595258003721
1853.22265625,13.235028558914092
1853.22265625,17.344853287296804
1853.2421875,14.672366317713905
1853.2421875,12.812245061475585
1853.26171875,13.275953050188354
1853.26171875,14.999363659124166
1853.28125,16.884322696818067
1853.28125,11.903676638294062
1853.30078125,14.245011523693151
1853.30078125,16.80696489231458
1853.3203125,16.56447723258976
1853.3203125,12.567476125877963
1853.33984375,14.504939925449534
1853.33984375,10.848674623625154
1853.359375,15.128237648949465
1853.359375,12.301184433787917
1853.37890625,17.112905037483195
1853.37890625,8.37674118306413
1853.3984375,14.70849091359359
1853.3984375,13.00788490395619
1853.41796875,11.498260702413575
1853.41796875,14.276746997271767
1853.4375,18.1206466941836
1853.4375,8.134994113147192
1853.45703125,16.667780011336983
1853.45703125,10.68690689915642
1853.4765625,9.76943459657445
1853.4765625,14.188652090780375
1853.49609375,10.135736908773552
1853.49609375,19.010678274482075
1853.515625,19.113261736258814
1853.515625,12.73219426073795
1853.53515625,10.230147373739424
1853.53515625,16.026856943516286
1853.5546875,18.264354461263686
1853.5546875,10.000740206008462
1853.57421875,12.344268919822005
1853.57421875,15.427971291620874
1853.59375,13.531338965762819
1853.59375,10.644058063877969
1853.61328125,9.951340885316535
1853.61328125,14.756668332163844
1853.6328125,5.854706363510003
1853.6328125,17.734547367183403
1853.65234375,16.884861827665716
1853.65234375,9.57899096993203
1853.671875,8.04858095816586
1853.671875,17.760949300565024
1853.69140625,20.322500582739558
1853.69140625,9.982292551717169
1853.7109375,8.005952597145065
1853.7109375,17.48521511243082
1853.73046875,17.57442460259052
1853.73046875,9.368782984642525
1853.75,12.077728503135427
1853.75,16.10808449418091
1853.76953125,16.74059562140171
1853.76953125,10.568714476509768
1853.7890625,8.954550581179467
1853.7890625,18.901464498411862
1853.80859375,17.49979922496014
1853.80859375,8.417188147248881
1853.828125,9.139066236326153
1853.828125,18.474108657288173
1853.84765625,11.131479092700925
1853.84765625,18.753646529930325
1853.8671875,17.333746115701736
1853.8671875,8.903251181825572
1853.88671875,20.71547602943321
1853.88671875,8.631832284303254
1853.90625,20.113859077061157
1853.90625,7.692626089406687
1853.92578125,20.626805646572787
1853.92578125,3.4871995778386684
1853.9453125,6.2666976498126665
1853.9453125,21.06057560632741
1853.96484375,16.115381883785222
1853.96484375,8.490913155775942
1853.984375,10.813591433384037
1853.984375,17.376629817101254
1854.00390625,20.44108923068132
1854.00390625,10.245616979827405
1854.0234375,8.166222357912092
1854.0234375,20.63667990427852
1854.04296875,19.069034905458373
1854.04296875,7.230970596074833
1854.0625,11.00869753414934
1854.0625,4.633518659279579
1854.08203125,2.8065466004350688
1854.08203125,4.1081898732139654
1854.1015625,8.38335809882564
1854.1015625,1.911560058206214
1854.12109375,-1.127558266296615
1854.12109375,10.369915127133696
1854.140625,10.101886714693105
1854.140625,-0.04443085770937971
1854.16015625,9.684582885070009
1854.16015625,-1.7476575701693147
1854.1796875,0.2517619585785224
1854.1796875,10.971009419709683
1854.19921875,13.042954554126197
1854.19921875,1.0009087521369222
1854.21875,-0.057464937176169864
1854.21875,8.207721061560928
1854.23828125,11.509626821877
1854.23828125,1.7074376180362432
1854.2578125,0.742732889248145
1854.2578125,7.61277453359231
1854.27734375,4.927441515643073
1854.27734375,-3.4623469251949786
1854.296875,0.009749820180666368
1854.296875,7.893300353339595
1854.31640625,9.781091551849569
1854.31640625,1.227010885383296
1854.3359375,-1.1786705050849346
1854.3359375,10.341849412946988
1854.35546875,11.223996039994041
1854.35546875,0.4991222986499874
1854.375,1.7681920655981955
1854.375,8.995532447490554
1854.39453125,7.24710668460178
1854.39453125,0.6414834313608498
1854.4140625,-0.4918022670582178
1854.4140625,10.166953553144292
1854.43359375,11.022883326777636
1854.43359375,-1.9590286050770778
1854.453125,11.405808253783693
1854.453125,0.4220350247850685
1854.47265625,9.529185309247643
1854.47265625,1.2665420536277818
1854.4921875,0.6517633654310293
1854.4921875,7.664525027090558
1854.51171875,7.971644069057987
1854.51171875,-1.8209499106041847
1854.53125,0.5273151079146334
1854.53125,9.765701596975553
1854.55078125,8.511860241487707
1854.55078125,-0.6195259515367981
1854.5703125,5.912566087028962
1854.5703125,1.7957302345990456
1854.58984375,-1.6174166771481648
1854.58984375,10.04795507982382
1854.609375,9.250684804836649
1854.609375,-3.6725721918141603
1854.62890625,-5.141490942617979
1854.62890625,9.789654202051631
1854.6484375,6.1186793606336325
1854.6484375,-6.237017880508148
1854.66796875,-2.488700464970114
1854.66796875,6.304544767475205
1854.6875,8.266403699535124
1854.6875,-3.253333189525607
1854.70703125,-1.1201316980752913
1854.70703125,4.210968163868156
1854.7265625,8.37816308163795
1854.7265625,0.7365587913049344
1854.74609375,0.427290878291806
1854.74609375,12.703588765658832
1854.765625,8.911410353957711
1854.765625,-2.309953635208278
1854.78515625,0.45253416227235543
1854.78515625,7.497723149656065
1854.8046875,10.695780255468176
1854.8046875,-0.008950475934997069
1854.82421875,-1.3837999486359909
1854.82421875,10.524985468035725
1854.84375,10.296828897435123
1854.84375,-2.8212569486763575
1854.86328125,-1.0427739223833707
1854.86328125,8.312408725558218
1854.8828125,8.989537246551764
1854.8828125,-1.8908149836988541
1854.90234375,7.897907923468404
1854.90234375,-5.8176936135683865
1854.921875,-5.10897676323407
1854.921875,8.614951165064891
1854.94140625,8.452122795255404
1854.94140625,-1.3690795762972252
1854.9609375,-0.4069785596008016
1854.9609375,10.215306899465329
1854.98046875,6.152426289926092
1854.98046875,-2.6881749663715135
1855.0,5.2061949812057575
1855.01953125,8.654924220712378
1855.0390625,11.095303596341621
1855.05859375,9.511122466689276
1855.078125,10.563269282674431
1855.09765625,9.400023444210344
1855.1171875,9.711792564725537
1855.13671875,6.4818953503506025
1855.15625,9.016223783652867
1855.17578125,9.707899281081104
1855.1953125,8.639539010860172
1855.21484375,9.662173154978003
1855.234375,11.813954092366515
1855.25390625,8.36426973270363
1855.2734375,11.311365808620428
1855.29296875,8.812444961636125
1855.3125,8.008705896854453
1855.33203125,6.3369817590553374
1855.3515625,8.460514116250994
1855.37109375,9.27969418581434
1855.390625,8.249408366018226
1855.41015625,11.88523114891758
1855.4296875,9.84962693499691
1855.44921875,10.676434429162638
1855.46875,11.458319042667359
1855.48828125,11.930248013139472
1855.5078125,8.970346774918028
1855.52734375,13.919910439515544
1855.546875,12.362310023047533
1855.56640625,9.296115087092385
1855.5859375,11.18346099266903
1855.60546875,11.046335244082641
1855.625,8.93813519240987
1855.64453125,10.542705255636625
1855.6640625,11.215861501002761
1855.68359375,12.100768885220544
1855.703125,13.090263879389378
1855.72265625,9.294995859889877
1855.7421875,14.177803223872314
1855.76171875,11.141823102918586
1855.78125,12.280149150577321
1855.80078125,11.314745985574353
1855.8203125,8.762357426819626
1855.83984375,10.91633480671793
1855.859375,11.193145578594791
1855.87890625,13.753670947647098
1855.8984375,11.696516438555692
1855.91796875,11.313683364619084
1855.9375,13.48345863132273
1855.95703125,11.006265464450733
1855.9765625,10.621772937815901
1855.99609375,9.697194709800934
1856.015625,10.442422427249614
1856.03515625,7.072210974260469
1856.0546875,12.624210459692145
1856.07421875,13.045981054013671
1856.09375,11.884726980128317
1856.11328125,9.379439701420583
1856.1328125,11.789148260629878
1856.15234375,8.996721016821812
1856.171875,10.184316744855085
1856.19140625,11.837126287493748
1856.2109375,11.286677795385325
1856.23046875,9.207974794930118
1856.25,11.686619689127678
1856.26953125,7.846046910880567
1856.2890625,8.743369602471663
1856.30859375,12.421126165446143
1856.328125,10.95886650181895
1856.34765625,10.75336512618863
1856.3671875,11.750580803878309
1856.38671875,11.388393610813699
1856.40625,13.785985345549799
1856.42578125,10.27669498827341
1856.4453125,13.086282178656763
1856.46484375,10.491037043234803
1856.484375,10.879453630875464
1856.50390625,10.138220587418965
1856.5234375,7.353606733539658
1856.54296875,10.917803004677076
1856.5625,12.97606304582963
1856.58203125,9.523678066673696
1856.6015625,10.442532085263545
1856.62109375,10.997306016822247
1856.640625,13.282727076649397
1856.66015625,13.934886782337788
1856.6796875,10.693603462079349
1856.69921875,9.578122492549593
1856.71875,12.055321106979259
1856.73828125,13.319708264667614
1856.7578125,14.227865350684278
1856.77734375,14.06331165019117
1856.796875,12.161322398802067
1856.81640625,14.792500654809151
1856.8359375,11.341873485108298
1856.85546875,13.110355471174419
1856.875,13.352739483312096
1856.89453125,10.703807407183694
1856.9140625,11.095852235601392
1856.93359375,11.485449730852178
1856.953125,13.823643989086364
1856.97265625,9.164678839759793
1856.9921875,10.769663003151667
1857.01171875,13.063362537809905
1857.03125,15.338700538376589
1857.05078125,14.827176172058959
1857.0703125,10.123793612824809
1857.08984375,10.375721620949532
1857.109375,13.930938653252932
1857.12890625,12.006170687721092
1857.1484375,10.114382489590565
1857.16796875,13.241241927671345
1857.1875,9.15457803673144
1857.20703125,11.250189670735603
1857.2265625,12.410906722664027
1857.24609375,10.322675341319336
1857.265625,13.579356463300542
1857.28515625,13.563410706081907
1857.3046875,12.880217322735891
1857.32421875,10.782411452195538
1857.34375,10.879406723229199
1857.36328125,11.097071680469783
1857.3828125,8.400274321481854
1857.40234375,8.561008778273973
1857.421875,12.698328092284338
1857.44140625,11.83257083483707
1857.4609375,12.00415967269456
1857.48046875,8.403915011471323
1857.5,11.29829130166312
1857.51953125,8.495325692674802
1857.5390625,11.994142420658951
1857.55859375,10.909080379852833
1857.578125,10.49351488619028
1857.59765625,13.760423381271313
1857.6171875,9.959772218649114
1857.63671875,10.051166391224132
1857.65625,12.158222261416327
1857.67578125,11.558140042609566
1857.6953125,12.332038663482386
1857.71484375,10.545829677807307
1857.734375,10.869263645753882
1857.75390625,10.03116256262123
1857.7734375,10.262119101466192
1857.79296875,12.656976946201983
1857.8125,11.312372568689419
1857.83203125,9.36991950539251
1857.8515625,10.058944709565797
1857.87109375,10.022867111738641
1857.890625,12.788663019554209
1857.91015625,11.906247716969428
1857.9296875,14.816192879290345
1857.94921875,16.155048660050888
1857.96875,12.047278209041373
1857.98828125,9.568359520877625
1858.0078125,11.348498965483955
1858.02734375,13.259556998175531
1858.046875,12.429154211227251
1858.06640625,10.303236702566222
1858.0859375,12.54612661535242
1858.10546875,12.190556671704956
1858.125,13.743504047099785
1858.14453125,11.005399833127619
1858.1640625,8.221947490612584
1858.18359375,12.763096748301754
1858.203125,14.023559894625961
1858.22265625,11.539516448762537
1858.2421875,12.552270042942425
1858.26171875,12.269823845438301
1858.28125,11.27816131633991
1858.30078125,12.927307872618504
1858.3203125,12.562003077746848
1858.33984375,14.193434909020416
1858.359375,12.178038689644376
1858.37890625,10.513201461816223
1858.3984375,13.848576681889387
1858.41796875,11.629807398486381
1858.4375,14.783620774542134
1858.45703125,16.554734808489428
1858.4765625,14.457132057214158
1858.49609375,12.187703875146447
1858.515625,12.24059966554388
1858.53515625,12.884511297387217
1858.5546875,13.994681893283598
1858.57421875,11.934558594387086
1858.59375,15.639966158484981
1858.61328125,16.547034999258692
1858.6328125,12.405643579422978
1858.65234375,7.134305967892921
1858.671875,12.154593271913065
1858.69140625,12.157941145411241
1858.7109375,8.850872986017666
1858.73046875,13.502034599415902
1858.75,12.915485785992605
1858.76953125,13.768711590216128
1858.7890625,8.702540783947015
1858.80859375,12.970864038121885
1858.828125,13.173869795383155
1858.84765625,11.884074151723024
1858.8671875,9.947157540653654
1858.88671875,11.900418130396494
1858.90625,12.218116209966679
1858.92578125,8.32988427953301
1858.9453125,11.563583767120505
1858.96484375,10.107486053706575
1858.984375,11.546229530459192
1859.00390625,9.772733766020169
1859.0234375,10.840726033781221
1859.04296875,11.492622393900493
1859.0625,10.350406832447977
1859.08203125,9.279794457676937
1859.1015625,11.76552274837346
1859.12109375,11.523152532154276
1859.140625,13.397558954959655
1859.16015625,13.849413068785946
1859.1796875,14.514075464696546
1859.19921875,9.160621762768816
1859.21875,10.628904156564214
1859.23828125,11.106391628236075
1859.2578125,12.841356297645806
1859.27734375,13.107352850695538
1859.296875,14.224854377369576
1859.31640625,10.080295777990331
1859.3359375,15.232482612577485
1859.35546875,17.741463763994197
1859.375,16.7324941384014
1859.39453125,15.408970791877934
1859.4140625,17.74239264996833
1859.43359375,19.95068464613854
1859.453125,17.100217009897307
1859.47265625,17.799051188312564
1859.4921875,14.685193788433414
1859.51171875,15.570550934963677
1859.53125,14.92853571892076
1859.55078125,12.71116813947459
1859.5703125,9.96646969852343
1859.58984375,13.21389974978221
1859.609375,12.090034349701565
1859.62890625,11.655835128851496
1859.6484375,14.851434484559041
1859.66796875,15.19363910943711
1859.6875,11.23647641103789
1859.70703125,12.737463472571035
1859.7265625,13.11390180574592
1859.74609375,11.083919220416211
1859.765625,11.1924247729423
1859.78515625,16.499592687905466
1859.8046875,17.282880730190602
1859.82421875,15.757921665619602
1859.84375,15.619955819971427
1859.86328125,14.70226150083777
1859.8828125,12.642342461612794
1859.90234375,14.993805419646218
1859.921875,14.14460404255594
1859.94140625,12.914733829727899
1859.9609375,15.18365641939162
1859.98046875,15.860584963675825
1860.0,-4.376340158078987
1860.0,11.637628492686405
1860.01953125,14.927675727540944
1860.01953125,-1.4838425514151026
1860.0390625,13.26606327119915
1860.0390625,-0.8889215320361827
1860.05859375,-0.17287423245714154
1860.05859375,15.584375387591146
1860.078125,15.068244944074994
1860.078125,-0.29074476170723496
1860.09765625,14.276381037510802
1860.09765625,-2.2180855619156237
1860.1171875,-5.564559223131463
1860.1171875,11.933881553933087
1860.13671875,12.397500619445216
1860.13671875,-5.443207468492242
1860.15625,-5.775688154963928
1860.15625,14.921718453433101
1860.17578125,14.392384299694019
1860.17578125,-0.9362513670915792
1860.1953125,-1.2432836905837408
1860.1953125,11.226804061984648
1860.21484375,13.133674630472417
1860.21484375,-2.3944535258954587
1860.234375,-3.545995343437398
1860.234375,13.96201514493066
1860.25390625,11.313454923408116
1860.25390625,-3.7783689700850913
1860.2734375,14.961016898951968
1860.2734375,1.8116843810827412
1860.29296875,13.32012884327543
1860.29296875,-1.45122174342471
1860.3125,-5.3764946038661705
1860.3125,15.013000581756643
1860.33203125,0.11168995453358163
1860.33203125,11.168363866148193
1860.3515625,-2.4847213263153756
1860.3515625,10.937279284849911
1860.37109375,-0.7473544413539079
1860.37109375,13.551711518462358
1860.390625,14.994921717327111
1860.390625,-0.2576349735337641
1860.41015625,13.436979740377202
1860.41015625,-1.9376265980843048
1860.4296875,11.677425395463574
1860.4296875,-0.17546727505592394
1860.44921875,-0.5513252419224385
1860.44921875,11.44445684333779
1860.46875,12.927093750064845
1860.46875,-1.0953631600841525
1860.48828125,-2.5723953811962383
1860.48828125,10.960655758573406
1860.5078125,2.1787965390449124
1860.5078125,12.318573848856152
1860.52734375,1.4301596786720714
1860.52734375,13.87065313646607
1860.546875,12.276182413304493
1860.546875,-0.8350799625097917
1860.56640625,-3.046137629502343
1860.56640625,9.682120218033674
1860.5859375,14.620048413082776
1860.5859375,-2.161206129580635
1860.60546875,13.23765863776973
1860.60546875,0.49663474991831646
1860.625,12.855114326616846
1860.625,-2.236260808591987
1860.64453125,-4.312155495439404
1860.64453125,11.917442464052321
1860.6640625,0.6106535302338172
1860.6640625,13.70884589672996
1860.68359375,0.7383481799633791
1860.68359375,16.363095811708995
1860.703125,3.0060518897092052
1860.703125,11.350086038501232
1860.72265625,13.980682008937322
1860.72265625,1.5719055973333176
1860.7421875,-2.119456408251305
1860.7421875,14.050578590696816
1860.76171875,12.516229882083861
1860.76171875,3.7063115940431777
1860.78125,6.836700768578621
1860.78125,17.410153642970734
1860.80078125,15.590064935802491
1860.80078125,4.8954147154869405
1860.8203125,3.3348266284511374
1860.8203125,20.634179461439523
1860.83984375,8.243052228482187
1860.83984375,18.33527908478668
1860.859375,17.30607084950031
1860.859375,9.783552954404835
1860.87890625,19.960798998771907
1860.87890625,9.101131013546222
1860.8984375,8.584351789619191
1860.8984375,19.90548757270326
1860.91796875,17.32237387781109
1860.91796875,7.577537199039478
1860.9375,7.600591475364281
1860.9375,19.520607269392894
1860.95703125,19.57100199561569
1860.95703125,8.7555415552151
1860.9765625,19.35630187417501
1860.9765625,6.885104445096545
1860.99609375,7.324347213537361
1860.99609375,20.738959369224155
1861.015625,17.36582310151973
1861.015625,6.750543245556065
1861.03515625,6.958940820003344
1861.03515625,19.56553373753377
1861.0546875,3.135356187181025
1861.0546875,21.87780465035963
1861.07421875,23.75863839266345
1861.07421875,7.613452335162322
1861.09375,8.781593341524282
1861.09375,24.0059836163735
1861.11328125,18.928179655787325
1861.11328125,9.891085745723945
1861.1328125,10.496811198906313
1861.1328125,16.82337465588116
1861.15234375,11.309337549027523
1861.15234375,19.837024608399993
1861.171875,18.8793382201776
1861.171875,12.626085859017412
1861.19140625,7.9978284438932405
1861.19140625,18.189501103947705
1861.2109375,17.725119734630503
1861.2109375,6.319153964828424
1861.23046875,18.98473175923489
1861.23046875,10.960444240766934
1861.25,7.989311435635493
1861.25,18.43525665818019
1861.26953125,6.351160208368492
1861.26953125,19.11704559827735
1861.2890625,11.037686618550293
1861.2890625,20.562861845939608
1861.30859375,21.091446223308996
1861.30859375,9.303397344307111
1861.328125,8.60609425024396
1861.328125,21.812000605946572
1861.34765625,17.15514413768835
1861.34765625,10.16730774364562
1861.3671875,10.281776141607038
1861.3671875,19.023190625610916
1861.38671875,19.193326309846512
1861.38671875,6.326496728777231
1861.40625,7.9486899021467625
1861.40625,17.921317980283373
1861.42578125,10.067998572506436
1861.42578125,20.078553050988052
1861.4453125,10.491433316127564
1861.4453125,20.61323043683679
1861.46484375,19.081499316832904
1861.46484375,11.495723786217813
1861.484375,11.931309750021125
1861.484375,19.987746693762563
1861.50390625,16.656002494585874
1861.50390625,10.900892248844906
1861.5234375,12.681734368103003
1861.5234375,17.613940848961594
1861.54296875,11.524383988165987
1861.54296875,20.566102386658763
1861.5625,20.661874001634025
1861.5625,9.144955604397476
1861.58203125,10.843280079167505
1861.58203125,22.251544552606124
1861.6015625,9.168475217140013
1861.6015625,22.22443121872009
1861.62109375,19.224696175260227
1861.62109375,10.562628593105334
1861.640625,18.589995950098313
1861.640625,9.610791362433865
1861.66015625,18.743146314418716
1861.66015625,7.729643237737764
1861.6796875,18.603297008338664
1861.6796875,9.093143707916003
1861.69921875,17.24917391041732
1861.69921875,9.76381220133763
1861.71875,8.839431933906159
1861.71875,18.81123962626317
1861.73828125,19.70352110354256
1861.73828125,9.455440909206299
1861.7578125,8.704501241098544
1861.7578125,18.612318305365502
1861.77734375,21.31456756143217
1861.77734375,7.5918722311100355
1861.796875,18.04100695885839
1861.796875,11.595758963669088
1861.81640625,10.521522887329553
1861.81640625,19.070888226956136
1861.8359375,18.21571157814472
1861.8359375,9.042840473646693
1861.85546875,10.355909300967525
1861.85546875,19.23987391480486
1861.875,17.99950515082149
1861.875,8.773586690668933
1861.89453125,17.612748232942142
1861.89453125,13.716432166836928
1861.9140625,12.958935413264957
1861.9140625,19.678691692332286
1861.93359375,18.423349761717326
1861.93359375,11.281326367438373
1861.953125,12.211166053538289
1861.953125,18.776663124398134
1861.97265625,19.945202208078264
1861.97265625,8.38750742200033
1861.9921875,11.73437443785742
1861.9921875,18.694991342058692
1862.01171875,20.85404635907857
1862.01171875,7.790877856282054
1862.03125,10.363919058698144
1862.03125,19.321427144182024
1862.05078125,10.630523212178542
1862.05078125,19.688475077947857
1862.0703125,9.770512860702727
1862.0703125,21.046572291196107
1862.08984375,10.110841631993447
1862.08984375,22.4064837599661
1862.109375,10.87554995817131
1862.109375,19.687971756789462
1862.12890625,10.802551363114903
1862.12890625,19.88240539880402
1862.1484375,21.104593265040744
1862.1484375,11.644542944738236
1862.16796875,11.964750924994593
1862.16796875,20.166693655497987
1862.1875,19.797403649390183
1862.1875,8.093019240798611
1862.20703125,12.507556567416595
1862.20703125,21.457712439181968
1862.2265625,13.505460013087534
1862.2265625,20.009221917647295
1862.24609375,21.080027343615413
1862.24609375,10.213472351561354
1862.265625,6.845989055090922
1862.265625,22.228371474120443
1862.28515625,20.533958102586283
1862.28515625,12.404401676414682
1862.3046875,15.175061237397653
1862.3046875,22.315339449413212
1862.32421875,21.548742058244237
1862.32421875,15.133228894505413
1862.34375,10.731924296783529
1862.34375,20.147683938321617
1862.36328125,17.375754577946722
1862.36328125,13.892461884037008
1862.3828125,17.36457440005327
1862.3828125,12.657684689942815
1862.40234375,13.804245559502158
1862.40234375,18.647600247014978
1862.421875,12.432940878959164
1862.421875,19.48239717776603
1862.44140625,21.649079672854054
1862.44140625,13.272514349422508
1862.4609375,13.291194814559498
1862.4609375,21.816568545908947
1862.48046875,21.207109810207708
1862.48046875,13.681380439063133
1862.5,14.408557514590347
1862.5,19.082521847829693
1862.51953125,21.72474876038594
1862.51953125,15.174292507736032
1862.5390625,12.808219874475313
1862.5390625,19.79032874957938
1862.55859375,11.686321149629666
1862.55859375,20.244713221428395
1862.578125,13.155012850911945
1862.578125,17.92277032938826
1862.59765625,12.511340577585084
1862.59765625,18.1178404776925
1862.6171875,18.01515933068363
1862.6171875,12.259986787686211
1862.63671875,20.805088987963263
1862.63671875,13.541576000584286
1862.65625,14.602481987466263
1862.65625,22.57794404872675
1862.67578125,12.664601237074642
1862.67578125,21.75668665621372
1862.6953125,13.327562499022378
1862.6953125,21.107951054325902
1862.71484375,20.46760790392239
1862.71484375,13.097990545496941
1862.734375,18.95407745145786
1862.734375,11.216292558837406
1862.75390625,11.946598740809579
1862.75390625,18.858704048518618
1862.7734375,19.836233290786065
1862.7734375,11.377892485919002
1862.79296875,15.15805989229574
1862.79296875,18.87393701172227
1862.8125,19.33145882164798
1862.8125,15.058299411794735
1862.83203125,15.258849925595985
1862.83203125,19.761643902374168
1862.8515625,17.77360693338426
1862.8515625,13.07493187791026
1862.87109375,20.283895700716393
1862.87109375,13.687186501394715
1862.890625,21.8908763647816
1862.890625,15.591145843201243
1862.91015625,16.257386920029
1862.91015625,21.816975050784237
1862.9296875,15.392804568466403
1862.9296875,19.28792199138495
1862.94921875,20.98685258915617
1862.94921875,13.14497273138834
1862.96875,13.073122367977366
1862.96875,20.81281188048605
1862.98828125,16.79815299636877
1862.98828125,17.36330325238067
1863.0078125,16.727625861522522
1863.0078125,10.777135002965258
1863.02734375,15.052516327042833
1863.02734375,14.49126569653356
1863.046875,18.332408423305857
1863.046875,12.36824937163596
1863.06640625,14.190355024099642
1863.06640625,21.30396962892369
1863.0859375,19.95601258363759
1863.0859375,14.32274695752977
1863.10546875,14.676098543114577
1863.10546875,19.00063974992305
1863.125,19.612060166629846
1863.125,16.37607964592177
1863.14453125,15.263309181978054
1863.14453125,18.808986645973462
1863.1640625,12.815447292890772
1863.1640625,18.92842171374131
1863.18359375,18.842903199527658
1863.18359375,12.564158519897495
1863.203125,13.49473328936356
1863.203125,20.34390457755878
1863.22265625,20.96443824859958
1863.22265625,14.722936381925186
1863.2421875,17.94351151213146
1863.2421875,19.563921252483617
1863.26171875,22.61633111531589
1863.26171875,19.81184450297855
1863.28125,16.293431437335062
1863.28125,19.1533572300253
1863.30078125,19.943905117744727
1863.30078125,15.117400416475899
1863.3203125,12.331717895226708
1863.3203125,19.118405823807713
1863.33984375,17.430925378417676
1863.33984375,14.900404033827346
1863.359375,15.99108096912924
1863.359375,18.042851592029137
1863.37890625,19.33526428439983
1863.37890625,15.62101262344937
1863.3984375,14.051906742774438
1863.3984375,20.215513094566752
1863.41796875,15.666344047676414
1863.41796875,19.262606798138602
1863.4375,19.42367755072629
1863.4375,16.70407158529109
1863.45703125,19.02333913290882
1863.45703125,17.69298491970245
1863.4765625,21.089011122106662
1863.4765625,15.83620326231715
1863.49609375,16.777488800125955
1863.49609375,21.997030186826702
1863.515625,14.349760422388798
1863.515625,19.733663828803138
1863.53515625,18.177655291619605
1863.53515625,17.66121701229204
1863.5546875,18.66941565202389
1863.5546875,17.734838436317638
1863.57421875,18.823233935240932
1863.57421875,18.769807943324842
1863.59375,16.303730634783367
1863.59375,19.32358184930931
1863.61328125,20.209589581684984
1863.61328125,15.676710151284428
1863.6328125,21.28319007274718
1863.6328125,17.244830186942323
1863.65234375,21.03602098565051
1863.65234375,14.250925366080804
1863.671875,15.33019927243681
1863.671875,19.262836013428316
1863.69140625,15.783061485502742
1863.69140625,22.328280120607655
1863.7109375,20.494653166865895
1863.7109375,14.869372060007816
1863.73046875,17.036897066707546
1863.73046875,16.080685246432257
1863.75,16.539980477404818
1863.75,16.175144179062514
1863.76953125,16.935453257800216
1863.76953125,17.614622873027635
1863.7890625,17.028203466438974
1863.7890625,18.70812620613346
1863.80859375,18.31594337930776
1863.80859375,15.181845334229433
1863.828125,18.145895000737617
1863.828125,16.279634228167016
1863.84765625,15.643889762692012
1863.84765625,22.499760067374517
1863.8671875,22.423154355855125
1863.8671875,15.625805786997057
1863.88671875,15.793551738497147
1863.88671875,17.655952472916976
1863.90625,18.212304296999168
1863.90625,15.353445248950289
1863.92578125,17.386995895856042
1863.92578125,16.06775933887898
1863.9453125,16.672703083172465
1863.9453125,19.555452980114758
1863.96484375,21.435288343277204
1863.96484375,14.860584633699371
1863.984375,15.132792392158924
1863.984375,20.20468704112449
1864.00390625,19.797361888874914
1864.00390625,15.238938014279148
1864.0234375,16.570227857558358
1864.0234375,18.571987617472104
1864.04296875,19.44470071377178
1864.04296875,16.88530034745389
1864.0625,12.760624284250872
1864.0625,21.05432839598391
1864.08203125,20.71731546547444
1864.08203125,14.640558165859535
1864.1015625,13.702150296564824
1864.1015625,20.38993354971125
1864.12109375,20.24966120777278
1864.12109375,15.391084145299155
1864.140625,14.549942967686377
1864.140625,18.709985379726724
1864.16015625,18.87686964866191
1864.16015625,15.368692157899938
1864.1796875,15.655317611531535
1864.1796875,21.142987216184586
1864.19921875,22.06889790708526
1864.19921875,14.825944978467472
1864.21875,14.862824078011954
1864.21875,18.858679056435008
1864.23828125,17.689430026519872
1864.23828125,14.563580326916817
1864.2578125,11.848186224882216
1864.2578125,21.238143909209825
1864.27734375,18.060624927268922
1864.27734375,16.115996553678322
1864.296875,14.48623635648542
1864.296875,20.185708786269494
1864.31640625,14.559513102020324
1864.31640625,19.754380427417907
1864.3359375,17.754046263593178
1864.3359375,11.692399685245208
1864.35546875,15.208715761863782
1864.35546875,17.354088207468028
1864.375,17.877559354799075
1864.375,13.138037087841647
1864.39453125,14.338179862836038
1864.39453125,20.285323065728413
1864.4140625,17.305929517876596
1864.4140625,10.953895574480748
1864.43359375,13.66207816996219
1864.43359375,21.05859343197517
1864.453125,19.788811753257335
1864.453125,13.139091994688624
1864.47265625,15.210136995631999
1864.47265625,17.920574756402026
1864.4921875,17.746432838604775
1864.4921875,15.516689934324116
1864.51171875,12.853150887343606
1864.51171875,16.61839997870085
1864.53125,15.01720328149123
1864.53125,15.382445335855365
1864.55078125,15.31614789543246
1864.55078125,17.472324186607285
1864.5703125,15.221145096053405
1864.5703125,17.32503159928438
1864.58984375,16.2050784077152
1864.58984375,15.450890171614613
1864.609375,16.295854412341427
1864.609375,16.4310414637958
1864.62890625,15.25434040266955
1864.62890625,20.227387295279748
1864.6484375,18.242319827563783
1864.6484375,15.316555112990391
1864.66796875,14.795381699981533
1864.66796875,12.17647682650101
1864.6875,13.749424077852288
1864.6875,14.834248623451561
1864.70703125,18.19759796879362
1864.70703125,13.636286237539824
1864.7265625,15.635608113966125
1864.7265625,19.087711185144336
1864.74609375,16.163771465697796
1864.74609375,18.23791561178163
1864.765625,16.940720637771303
1864.765625,12.977114523026476
1864.78515625,12.919970020347858
1864.78515625,17.085632310620348
1864.8046875,11.782576299687152
1864.8046875,18.982900817270696
1864.82421875,18.615643318066112
1864.82421875,14.174294624444656
1864.84375,16.687521423438405
1864.84375,17.264303264884084
1864.86328125,16.0644835910585
1864.86328125,13.970855183162257
1864.8828125,15.277290134851274
1864.8828125,16.63389396260275
1864.90234375,13.846647193898724
1864.90234375,15.156735549455153
1864.921875,16.424902475989732
1864.921875,16.25042163309999
1864.94140625,16.366238644757452
1864.94140625,12.210844419794189
1864.9609375,12.834756060489571
1864.9609375,15.810370690388291
1864.98046875,14.84786812528387
1864.98046875,13.28398156476122
1865.0,13.5732487687935
1865.0,14.051658440357148
1865.01953125,11.965331972860504
1865.01953125,16.29884551889759
1865.0390625,16.198982303815296
1865.0390625,14.108752028847078
1865.05859375,15.507380695480808
1865.05859375,17.162909400039148
1865.078125,17.215493632069755
1865.078125,17.22329774844062
1865.09765625,15.08479241934568
1865.09765625,18.149206756671823
1865.1171875,14.130470571600242
1865.1171875,15.660941962077018
1865.13671875,15.314792810946903
1865.13671875,16.1038903732726
1865.15625,16.9210481102245
1865.15625,15.91422920498141
1865.17578125,16.378249421128377
1865.17578125,15.506270154081363
1865.1953125,15.00996149884072
1865.1953125,19.698966033209764
1865.21484375,19.056678982380536
1865.21484375,14.792392737998949
1865.234375,13.131228487142426
1865.234375,14.762853996484512
1865.25390625,14.50982856501776
1865.25390625,12.75346354968371
1865.2734375,15.871895816514897
1865.2734375,14.503316601834417
1865.29296875,17.40957135665598
1865.29296875,16.194036078258474
1865.3125,16.596233775068676
1865.3125,15.78747999749179
1865.33203125,13.378104413652036
1865.33203125,18.596145289323864
1865.3515625,16.860260081571834
1865.3515625,14.461238343683846
1865.37109375,15.704751555133052
1865.37109375,12.569128994110494
1865.390625,15.963716581743942
1865.390625,13.433649894637062
1865.41015625,14.296164875367651
1865.41015625,15.35640645783875
1865.4296875,14.824883850351725
1865.4296875,17.393470072418722
1865.44921875,16.91817738308639
1865.44921875,18.368297633936802
1865.46875,17.76730059758109
1865.46875,14.435698880069902
1865.48828125,15.47116652484253
1865.48828125,15.526790102794502
1865.5078125,16.41929440619092
1865.5078125,15.118766599104259
1865.52734375,15.811454923906098
1865.52734375,15.57791570862229
1865.546875,14.506844722264523
1865.546875,15.498239718326227
1865.56640625,15.194643910794449
1865.56640625,16.653299922304715
1865.5859375,15.517315950018817
1865.5859375,15.931733391895488
1865.60546875,15.086992188660778
1865.60546875,13.420335916586215
1865.625,17.309654448982588
1865.625,12.723465947427485
1865.64453125,14.851047081743399
1865.64453125,13.498954274042655
1865.6640625,16.872926065570176
1865.6640625,12.095381109514708
1865.68359375,18.753992069038134
1865.68359375,15.281807281318086
1865.703125,16.651373878709734
1865.703125,13.213379368195882
1865.72265625,15.259459058775928
1865.72265625,14.528320918262157
1865.7421875,17.209917721829644
1865.7421875,14.818847958448947
1865.76171875,16.650075772365714
1865.76171875,18.729319872455527
1865.78125,15.307323064085093
1865.78125,16.591724430051887
1865.80078125,15.052699223198772
1865.80078125,15.852909613366387
1865.8203125,19.501039505683583
1865.8203125,12.071819267664361
1865.83984375,14.182966251332704
1865.83984375,19.432329316602452
1865.859375,15.511607744660818
1865.859375,19.11921741722049
1865.87890625,12.588894453754659
1865.87890625,12.928000872407798
1865.8984375,17.8000218420046
1865.8984375,13.745123447639873
1865.91796875,11.671550766145298
1865.91796875,15.477340313375507
1865.9375,14.07086359680822
1865.9375,13.337275322232879
1865.95703125,16.21327436114797
1865.95703125,13.380954055865342
1865.9765625,12.012686802978202
1865.9765625,16.0086095264981
1865.99609375,16.004511150149014
1865.99609375,14.100259647865665
1866.015625,16.18374750209977
1866.015625,15.00039198579546
1866.03515625,15.533586351559524
1866.03515625,17.313496647381992
1866.0546875,16.886547794296998
1866.0546875,18.59451663237305
1866.07421875,13.71449063145739
1866.07421875,17.56570393689939
1866.09375,16.034743608495223
1866.09375,17.011131369348753
1866.11328125,16.711960434108278
1866.11328125,13.789691076397114
1866.1328125,17.127651201030783
1866.1328125,14.29378044900272
1866.15234375,14.487967835014988
1866.15234375,13.549833863159307
1866.171875,11.80055778371858
1866.171875,13.16646055663117
1866.19140625,14.603714531082806
1866.19140625,14.331134321548646
1866.2109375,16.816771072949894
1866.2109375,14.328941694043513
1866.23046875,16.78981847273692
1866.23046875,14.777784271723002
1866.25,17.140033613323684
1866.25,15.544227302579591
1866.26953125,16.177602834630694
1866.26953125,16.180719900774676
1866.2890625,16.859302309076067
1866.2890625,14.148494177218122
1866.30859375,15.224289156905712
1866.30859375,13.781489040438306
1866.328125,12.349981930029823
1866.328125,18.814376957405763
1866.34765625,14.503139435812022
1866.34765625,18.034121950796433
1866.3671875,15.677488158745145
1866.3671875,13.03515003856721
1866.38671875,12.076215873760614
1866.38671875,17.51944151108055
1866.40625,17.680031037351
1866.40625,12.772415057038971
1866.42578125,14.470242771349442
1866.42578125,13.825884208710601
1866.4453125,14.52180983960032
1866.4453125,16.820365411977242
1866.46484375,15.94213216862072
1866.46484375,14.456003604217036
1866.484375,15.73670125626776
1866.484375,15.387207433141388
1866.50390625,12.335392801569142
1866.50390625,15.415924794528348
1866.5234375,15.07059591958535
1866.5234375,14.330400437526952
1866.54296875,15.613311599770032
1866.54296875,15.23710881672684
1866.5625,15.15932439549421
1866.5625,14.929567558211607
1866.58203125,13.251101785655027
1866.58203125,14.193969639789662
1866.6015625,12.777428329009327
1866.6015625,16.56218447168009
1866.62109375,15.415024821537736
1866.62109375,14.264076292620246
1866.640625,14.125189440581831
1866.640625,19.145754008139455
1866.66015625,17.190224363281622
1866.66015625,14.212179353166643
1866.6796875,15.340065848333733
1866.6796875,16.241253640654328
1866.69921875,13.015012717722376
1866.69921875,14.805773148459798
1866.71875,16.47030819148106
1866.71875,17.06989513724728
1866.73828125,19.01064352089836
1866.73828125,12.523077450066149
1866.7578125,10.308854069851012
1866.7578125,14.20876171187447
1866.77734375,14.419527709742596
1866.77734375,8.30252588151598
1866.796875,15.277829393003993
1866.796875,14.754400437682202
1866.81640625,16.95274717777968
1866.81640625,14.522839313126848
1866.8359375,11.746261265134418
1866.8359375,18.530289800689875
1866.85546875,17.425025226740342
1866.85546875,13.915929374103362
1866.875,14.429369242354989
1866.875,17.036307317047868
1866.89453125,13.64079829540257
1866.89453125,12.60412053860222
1866.9140625,10.486256475574272
1866.9140625,14.194139431138762
1866.93359375,14.821432884163722
1866.93359375,11.962107470361383
1866.953125,11.813074719314258
1866.953125,15.851344234823411
1866.97265625,17.425683910252125
1866.97265625,13.801652174923962
1866.9921875,14.780785594292302
1866.9921875,16.89661657448555
1867.01171875,16.54859689310566
1867.01171875,16.626728830847078
1867.03125,14.967995928712003
1867.03125,15.824309210281479
1867.05078125,14.960011588942
1867.05078125,16.89829521062389
1867.0703125,14.142206632693183
1867.0703125,16.27511082043175
1867.08984375,18.21106314526653
1867.08984375,13.49524830109217
1867.109375,12.20152651797573
1867.109375,16.428091828044767
1867.12890625,14.515009204010687
1867.12890625,13.246327573358247
1867.1484375,15.105385501420818
1867.1484375,17.383170987466556
1867.16796875,16.366002557295115
1867.16796875,14.178220669260615
1867.1875,15.43456427507175
1867.1875,16.12906727074725
1867.20703125,15.971489512486565
1867.20703125,16.392926932293474
1867.2265625,14.959011243599118
1867.2265625,14.801827952652607
1867.24609375,16.6656815715373
1867.24609375,12.784725826925655
1867.265625,15.453297847644683
1867.265625,16.333940636185694
1867.28515625,15.875514234674679
1867.28515625,15.37260197337829
1867.3046875,14.399208515749432
1867.3046875,18.230047253645612
1867.32421875,15.958424508109868
1867.32421875,14.262100931545485
1867.34375,15.747471206474978
1867.34375,14.301335473592427
1867.36328125,17.85473757721081
1867.36328125,11.34810858822242
1867.3828125,15.380554932700523
1867.3828125,18.518632668285626
1867.40234375,19.170221825605964
1867.40234375,14.55630366499894
1867.421875,11.17693217788834
1867.421875,16.94237108776472
1867.44140625,16.848016510683703
1867.44140625,13.742563168409442
1867.4609375,14.4841254283693
1867.4609375,13.91985087548478
1867.48046875,14.001997841604469
1867.48046875,13.369592272158116
1867.5,13.95674373220958
1867.5,14.83428824325846
1867.51953125,12.584225298905944
1867.51953125,14.856759307311503
1867.5390625,14.106872565299867
1867.5390625,11.545414189304928
1867.55859375,13.63867129153149
1867.55859375,13.768671802131234
1867.578125,18.394066091625135
1867.578125,14.76026843071052
1867.59765625,13.280615826377602
1867.59765625,15.157889958619682
1867.6171875,14.90246069965301
1867.6171875,13.215360053058367
1867.63671875,12.47725211769988
1867.63671875,13.389117682527768
1867.65625,15.910592825171666
1867.65625,12.6049229563128
1867.67578125,13.151852326650317
1867.67578125,16.72811628648285
1867.6953125,15.386355320930523
1867.6953125,15.979449894557103
1867.71484375,15.714916151995306
1867.71484375,11.366923934563827
1867.734375,15.795270315245194
1867.734375,10.674027167554026
1867.75390625,10.765520619202846
1867.75390625,17.33256828906041
1867.7734375,18.4896067459318
1867.7734375,9.606660799458421
1867.79296875,16.737518319468762
1867.79296875,13.164516790802512
1867.8125,13.298263684528063
1867.8125,16.793894696345454
1867.83203125,13.73946047142486
1867.83203125,13.68151546973576
1867.8515625,15.46108390099889
1867.8515625,11.960493339090029
1867.87109375,9.27922804908564
1867.87109375,17.752967041550992
1867.890625,17.39946435749068
1867.890625,11.2453113529473
1867.91015625,13.823573538670079
1867.91015625,18.166115869258725
1867.9296875,16.46825060518508
1867.9296875,13.783876088731386
1867.94921875,13.940707721642383
1867.94921875,16.622245628232818
1867.96875,18.009950934972807
1867.96875,11.450713347306209
1867.98828125,13.887362158351882
1867.98828125,18.801882316966523
1868.0078125,16.58287576663494
1868.0078125,10.791175818142362
1868.02734375,8.490640824200218
1868.02734375,15.298360638382624
1868.046875,14.767697477828387
1868.046875,7.532215791483045
1868.06640625,12.722526939643688
1868.06640625,15.65641887712963
1868.0859375,15.78826816027065
1868.0859375,13.279132835376137
1868.10546875,14.189909075947398
1868.10546875,17.164560967435257
1868.125,14.039130277586285
1868.125,15.21717821608714
1868.14453125,10.839624462134273
1868.14453125,18.471407690227714
1868.1640625,10.746400104311478
1868.1640625,14.961821643976691
1868.18359375,11.69815267520956
1868.18359375,14.018875571341875
1868.203125,14.609800577910182
1868.203125,13.855414221969934
1868.22265625,14.246457496116154
1868.22265625,10.429607177164504
1868.2421875,13.608299005293386
1868.2421875,16.871534784926887
1868.26171875,11.603360118979284
1868.26171875,13.660117479731687
1868.28125,12.521589440009837
1868.28125,8.635430384548272
1868.30078125,7.799652722019959
1868.30078125,16.16812164803997
1868.3203125,10.547033361486545
1868.3203125,8.572075896291437
1868.33984375,10.024924990527433
1868.33984375,11.935789227550389
1868.359375,16.034491194403188
1868.359375,11.178138748428907
1868.37890625,10.608761295594967
1868.37890625,19.22860212815533
1868.3984375,17.00646343164325
1868.3984375,12.04035155836653
1868.41796875,9.92090344937857
1868.41796875,15.63756439304908
1868.4375,16.300479026203913
1868.4375,11.266448196165852
1868.45703125,10.163693939296298
1868.45703125,15.628101442857112
1868.4765625,14.630991192647429
1868.4765625,7.239806149733676
1868.49609375,8.786341542287285
1868.49609375,15.907617561814812
1868.515625,7.728159790896039
1868.515625,19.87583874800818
1868.53515625,16.491619750839796
1868.53515625,9.694819620759528
1868.5546875,15.029278068739544
1868.5546875,8.042161264841445
1868.57421875,8.81206038477934
1868.57421875,16.522975940538554
1868.59375,16.278330433005927
1868.59375,8.23304879977494
1868.61328125,15.231018398403648
1868.61328125,11.499029384258275
1868.6328125,9.33312680048816
1868.6328125,15.213848994601545
1868.65234375,8.858667017280782
1868.65234375,16.926861253941745
1868.671875,17.325545168223577
1868.671875,8.244843990081971
1868.69140625,8.494244741402959
1868.69140625,16.117756565670213
1868.7109375,7.051947959053216
1868.7109375,16.51791796083313
1868.73046875,4.700734638904262
1868.73046875,18.509493067751556
1868.75,16.11592179528637
1868.75,7.709186333709622
1868.76953125,8.085884829414137
1868.76953125,13.696187884095673
1868.7890625,14.604002451303591
1868.7890625,9.063948564101203
1868.80859375,16.088491022419046
1868.80859375,11.879167394132466
1868.828125,13.49149375960073
1868.828125,19.512212061614857
1868.84765625,19.069491010575128
1868.84765625,11.872241109410222
1868.8671875,7.729216976826541
1868.8671875,12.7891916377771
1868.88671875,16.156728012444376
1868.88671875,7.557040216899951
1868.90625,7.274933395191937
1868.90625,18.690781146508606
1868.92578125,12.066710032817088
1868.92578125,8.95729785095158
1868.9453125,10.119204471004716
1868.9453125,16.104777650747984
1868.96484375,15.48676614878886
1868.96484375,6.695420047413117
1868.984375,10.962115130904229
1868.984375,15.762988412515949
1869.00390625,15.015340256379028
1869.00390625,9.54461607977208
1869.0234375,6.667868264750531
1869.0234375,17.12132578179179
1869.04296875,18.251735469280817
1869.04296875,8.15971886572125
1869.0625,14.593137009040799
1869.0625,4.609371946007164
1869.08203125,16.55441068332478
1869.08203125,5.580939903764869
1869.1015625,6.693675902018748
1869.1015625,14.686736798130266
1869.12109375,16.303149792331094
1869.12109375,4.085054963718765
1869.140625,6.640069000005252
1869.140625,16.580985913958276
1869.16015625,15.126805225716259
1869.16015625,6.439961436868825
1869.1796875,5.515995304840969
1869.1796875,16.771337510637757
1869.19921875,17.281403261582675
1869.19921875,3.5585564902071183
1869.21875,4.14927133059323
1869.21875,15.365674010231468
1869.23828125,16.263943300914693
1869.23828125,2.134743982326099
1869.2578125,2.0795918246239897
1869.2578125,10.83354520696135
1869.27734375,14.153982527495174
1869.27734375,1.9847516047737124
1869.296875,4.026894991756169
1869.296875,15.493879294835835
1869.31640625,1.777688294449862
1869.31640625,14.810357507406966
1869.3359375,13.317645431889773
1869.3359375,4.718812235558585
1869.35546875,4.83684438666297
1869.35546875,16.334633962828896
1869.375,3.670769415435056
1869.375,19.97599078706212
1869.39453125,19.7486534221088
1869.39453125,3.2452006407190965
1869.4140625,2.2853220557479412
1869.4140625,19.719528249513665
1869.43359375,20.869775591373873
1869.43359375,1.53461003258696
1869.453125,2.0828026675815208
1869.453125,20.288248011576844
1869.47265625,18.56959637655802
1869.47265625,3.7805183138460294
1869.4921875,3.665770814753742
1869.4921875,15.434477264806963
1869.51171875,13.011725581474035
1869.51171875,3.712159226200756
1869.53125,13.354678739793988
1869.53125,2.0699685058085016
1869.55078125,0.2247205075012868
1869.55078125,17.261309067922518
1869.5703125,16.660381302529494
1869.5703125,0.30054334161964363
1869.58984375,2.4429982948872606
1869.58984375,13.5449890878794
1869.609375,17.015324480443372
1869.609375,3.2747657189181405
1869.62890625,12.995939118873892
1869.62890625,-0.5821910921816458
1869.6484375,2.318978148568122
1869.6484375,14.620696501889764
1869.66796875,15.206124162223185
1869.66796875,0.7468090306463904
1869.6875,0.3915601233975207
1869.6875,13.431682136365703
1869.70703125,15.39270571625506
1869.70703125,1.4271650968358855
1869.7265625,0.6780351185910914
1869.7265625,17.3161405746363
1869.74609375,16.751808009921785
1869.74609375,-1.8151448620620037
1869.765625,0.371815597949936
1869.765625,16.28882866948944
1869.78515625,13.381600734896868
1869.78515625,-1.8965141328637967
1869.8046875,18.08735628893853
1869.8046875,-3.744560499889171
1869.82421875,-0.041399650875957913
1869.82421875,18.731452150329574
1869.84375,18.487312509077306
1869.84375,-1.208237384367509
1869.86328125,-0.2889971386783254
1869.86328125,14.527189569231595
1869.8828125,16.815752696301974
1869.8828125,-2.8189377706198098
1869.90234375,-0.48343030379734764
1869.90234375,18.06802170356161
1869.921875,15.408648105851745
1869.921875,-3.2983790192543316
1869.94140625,-1.9544693755119578
1869.94140625,16.425926365909937
1869.9609375,-0.1416632937246096
1869.9609375,15.321990825324566
1869.98046875,11.704512927628281
1869.98046875,0.49172417015952796
1870.0,10.225584235314145
1870.01953125,14.902192777714523
1870.0390625,15.588162908036972
1870.05859375,17.000912266833215
1870.078125,13.085116936622736
1870.09765625,12.803075558045563
1870.1171875,14.96346291297011
1870.13671875,15.946285459367534
1870.15625,15.667657306927989
1870.17578125,15.378700755432138
1870.1953125,7.8780462707008825
1870.21484375,13.29919021870549
1870.234375,12.129542307161037
1870.25390625,14.148531524952613
1870.2734375,12.793452611965055
1870.29296875,12.63688993042092
1870.3125,6.833391916364382
1870.33203125,12.026062941576434
1870.3515625,11.533663317034655
1870.37109375,12.791922906372509
1870.390625,14.388256260359242
1870.41015625,13.918935239172736
1870.4296875,16.019025904052736
1870.44921875,15.630744977864527
1870.46875,15.294059536180722
1870.48828125,14.135881978163294
1870.5078125,16.073946873614037
1870.52734375,16.92601316288243
1870.546875,15.937013294998238
1870.56640625,15.172840427936418
1870.5859375,14.900900663880515
1870.60546875,17.533710362897942
1870.625,13.820572685194595
1870.64453125,15.336136130042977
1870.6640625,18.597256198307583
1870.68359375,18.476300496123294
1870.703125,16.140097203596838
1870.72265625,16.719862722899276
1870.7421875,16.11481723543971
1870.76171875,16.3046668879648
1870.78125,18.760156156127177
1870.80078125,17.833352669496342
1870.8203125,19.639279698148773
1870.83984375,16.780346633095512
1870.859375,16.00756271190061
1870.87890625,17.4980393185913
1870.8984375,15.109977245963425
1870.91796875,16.785206132167655
1870.9375,19.907137234174467
1870.95703125,19.430305905482548
1870.9765625,20.287457004361464
1870.99609375,20.173428751599197
1871.015625,19.420772877196697
1871.03515625,21.094665588383503
1871.0546875,20.44714559515682
1871.07421875,20.72942364487937
1871.09375,21.573849892548616
1871.11328125,21.032046548009482
1871.1328125,20.45604905263581
1871.15234375,16.984186141791803
1871.171875,17.348805707165837
1871.19140625,18.51674740352653
1871.2109375,18.007969030005434
1871.23046875,18.335052270893307
1871.25,20.830620044946237
1871.26953125,15.674435805845803
1871.2890625,15.702676891132729
1871.30859375,16.842038796344212
1871.328125,18.11713053465499
1871.34765625,17.58083200062049
1871.3671875,15.341110724844407
1871.38671875,17.325895936108274
1871.40625,17.973897234742875
1871.42578125,14.910990345504947
1871.4453125,18.102969413547665
1871.46484375,19.285039469535576
1871.484375,19.590917293201777
1871.50390625,19.194580209787553
1871.5234375,19.78154909051706
1871.54296875,21.31831325549822
1871.5625,19.43553295328261
1871.58203125,17.980910342681362
1871.6015625,16.849758940422763
1871.62109375,19.401914333294748
1871.640625,16.377030789293624
1871.66015625,16.157587385983643
1871.6796875,15.867152722643187
1871.69921875,18.221098535934935
1871.71875,18.571544238366876
1871.73828125,22.21584529648725
1871.7578125,22.96072806550614
1871.77734375,20.363810891325077
1871.796875,20.65726394957252
1871.81640625,15.667333306381716
1871.8359375,16.24987111091159
1871.85546875,19.746993257448672
1871.875,17.57060794479424
1871.89453125,14.015764256029106
1871.9140625,16.16865153785303
1871.93359375,20.662262134248333
1871.953125,20.272366925809454
1871.97265625,20.745092621813384
1871.9921875,20.71676289081426
1872.01171875,22.508183531768147
1872.03125,18.911268329841466
1872.05078125,16.883638744151902
1872.0703125,19.553364977659676
1872.08984375,20.38706610967302
1872.109375,18.7929950411307
1872.12890625,18.51462226040793
1872.1484375,18.405746987952995
1872.16796875,19.619795912850122
1872.1875,17.437314292397566
1872.20703125,12.065351577075411
1872.2265625,15.673893231628483
1872.24609375,19.754937754401944
1872.265625,18.453401933299084
1872.28515625,20.53756852625071
1872.3046875,21.95477163853493
1872.32421875,18.892636943175777
1872.34375,18.799609851532388
1872.36328125,20.111697778433513
1872.3828125,19.301711080276952
1872.40234375,13.088119525736085
1872.421875,16.764883861849853
1872.44140625,19.402347759422735
1872.4609375,16.412779070011585
1872.48046875,16.469287906753635
1872.5,18.532975001700912
1872.51953125,20.025332438379998
1872.5390625,17.893977019449462
1872.55859375,14.067885794081823
1872.578125,18.532912518787406
1872.59765625,20.917022676878446
1872.6171875,21.019190603377968
1872.63671875,17.742405710578737
1872.65625,16.559884493008774
1872.67578125,17.958857740054686
1872.6953125,17.656994696541922
1872.71484375,17.39108156518315
1872.734375,17.738149075515366
1872.75390625,17.743032946347824
1872.7734375,13.856350886476264
1872.79296875,16.969998169030536
1872.8125,19.28665980920797
1872.83203125,16.89122130941742
1872.8515625,17.081601753951578
1872.87109375,17.595683487688806
1872.890625,17.017276835479926
1872.91015625,19.42818170221119
1872.9296875,17.97699219825123
1872.94921875,15.86253903020631
1872.96875,18.635048452478895
1872.98828125,17.770646614119542
1873.0078125,17.621627251292907
1873.02734375,19.6529214165454
1873.046875,17.732176586875624
1873.06640625,16.41684407963044
1873.0859375,17.33991503432727
1873.10546875,15.820030423377883
1873.125,15.121516270646627
1873.14453125,18.22000656629717
1873.1640625,17.810444006160044
1873.18359375,17.119130997257976
1873.203125,17.731222342188584
1873.22265625,16.983576208130636
1873.2421875,16.334581454828776
1873.26171875,15.634510232994506
1873.28125,18.66727910765856
1873.30078125,16.012965461193552
1873.3203125,17.807593351093242
1873.33984375,17.79311370474938
1873.359375,15.385719929946356
1873.37890625,18.031571634682305
1873.3984375,15.466437337222114
1873.41796875,18.368689871117812
1873.4375,18.747881266958707
1873.45703125,17.49516584045589
1873.4765625,16.60809955270784
1873.49609375,14.861666122251558
1873.515625,16.40479543054912
1873.53515625,16.459905545347095
1873.5546875,16.79765961951327
1873.57421875,18.051517866073645
1873.59375,16.11194570408731
1873.61328125,16.960972152942794
1873.6328125,16.572761395157812
1873.65234375,18.576982099365917
1873.671875,19.575257558724385
1873.69140625,18.061728298639874
1873.7109375,15.003483325966608
1873.73046875,19.474389697928814
1873.75,20.525842521767274
1873.76953125,18.722384150596273
1873.7890625,17.219798350860152
1873.80859375,18.006021790450085
1873.828125,17.75383807094718
1873.84765625,18.004562865069126
1873.8671875,18.619359191445383
1873.88671875,17.287381417502964
1873.90625,18.958204537998313
1873.92578125,19.80361001270349
1873.9453125,17.901555691886745
1873.96484375,18.34222478962034
1873.984375,18.2136917470908
1874.00390625,16.50815052275626
1874.0234375,17.23981496487464
1874.04296875,15.42155367590706
1874.0625,16.453305908274935
1874.08203125,18.309250837337764
1874.1015625,15.390818291605822
1874.12109375,18.928315167686986
1874.140625,18.535476348370416
1874.16015625,16.528413604913034
1874.1796875,13.428046949656267
1874.19921875,17.23633036731448
1874.21875,20.47308863519638
1874.23828125,21.874133641292715
1874.2578125,20.06854716127616
1874.27734375,18.184428580901034
1874.296875,14.402230848967923
1874.31640625,12.81717503073124
1874.3359375,12.107726645095035
1874.35546875,16.20421512633954
1874.375,17.261982625397287
1874.39453125,18.710438207866545
1874.4140625,17.741025562261036
1874.43359375,15.87912613573906
1874.453125,13.44447514633855
1874.47265625,19.25907859388438
1874.4921875,20.898260259601802
1874.51171875,15.434544565781305
1874.53125,14.491970656719943
1874.55078125,10.628214559399403
1874.5703125,10.398096897821052
1874.58984375,9.722430194824756
1874.609375,9.494370117026529
1874.62890625,9.68688451106306
1874.6484375,7.656476973290717
1874.66796875,11.22470180801194
1874.6875,8.256473888678922
1874.70703125,8.206282131453037
1874.7265625,12.108204209509648
1874.74609375,10.424337551408394
1874.765625,8.736729354284229
1874.78515625,9.58766502405506
1874.8046875,10.455235976721607
1874.82421875,5.3894301536414435
1874.84375,8.520978619168684
1874.86328125,8.502150265312743
1874.8828125,9.2706336554764
1874.90234375,11.674259809372062
1874.921875,11.387946645735926
1874.94140625,7.74863156700169
1874.9609375,11.850938394211846
1874.98046875,10.457319658332235
1875.0,9.950425448736567
1875.01953125,8.1976975836599
1875.0390625,9.923377148221396
1875.05859375,5.960848568252715
1875.078125,9.583240187718909
1875.09765625,4.6428683431241025
1875.1171875,10.707613507719035
1875.13671875,10.486633061245412
1875.15625,12.00698900901753
1875.17578125,9.87577022834601
1875.1953125,6.455999719142585
1875.21484375,9.651563090568924
1875.234375,8.261157133007519
1875.25390625,8.031949592043322
1875.2734375,10.947602424848553
1875.29296875,9.609333200312188
1875.3125,10.337863924313812
1875.33203125,11.347435647700085
1875.3515625,8.66943176085577
1875.37109375,9.302594629457671
1875.390625,10.366888458123064
1875.41015625,10.136581588643903
1875.4296875,8.138339836150216
1875.44921875,9.13896096891893
1875.46875,7.435780087291846
1875.48828125,9.863401990621174
1875.5078125,9.257435995576401
1875.52734375,9.218597180499167
1875.546875,7.8669406206540256
1875.56640625,10.399640187366808
1875.5859375,10.913350709709366
1875.60546875,10.675876408359448
1875.625,11.76809386517822
1875.64453125,3.4219328434682907
1875.6640625,10.739678600331638
1875.68359375,9.702363077264502
1875.703125,8.65529088385847
1875.72265625,7.558489268510283
1875.7421875,10.367242611613207
1875.76171875,11.252122494072768
1875.78125,10.076590800818977
1875.80078125,11.4726215619248
1875.8203125,10.751733770275997
1875.83984375,4.277512480101331
1875.859375,6.7877544788102
1875.87890625,6.28140147642478
1875.8984375,9.968387249715091
1875.91796875,12.11403009062277
1875.9375,12.040367513972292
1875.95703125,8.071987082778268
1875.9765625,7.6667134383445585
1875.99609375,7.646918699103949
1876.015625,9.754646960602475
1876.03515625,8.89371978609849
1876.0546875,9.347636276769494
1876.07421875,7.086579099343311
1876.09375,7.386186856752798
1876.11328125,7.896495535528904
1876.1328125,10.278839324873182
1876.15234375,9.388220658999884
1876.171875,8.741063742023446
1876.19140625,7.929326008431474
1876.2109375,9.745777040112836
1876.23046875,6.824736032068069
1876.25,6.595981878480984
1876.26953125,5.014136248858478
1876.2890625,5.304743348604893
1876.30859375,5.833703099185661
1876.328125,7.291819819594176
1876.34765625,11.02860675046648
1876.3671875,10.219900464670573
1876.38671875,6.508591263022877
1876.40625,5.961149417490478
1876.42578125,8.772299879678497
1876.4453125,7.189572608590275
1876.46484375,7.987534220923594
1876.484375,7.8288757446586015
1876.50390625,7.078940544737414
1876.5234375,4.9701992830198565
1876.54296875,4.915195785468254
1876.5625,8.00846993188052
1876.58203125,10.304178807293749
1876.6015625,7.668275179334094
1876.62109375,7.412545770293401
1876.640625,8.051061751248504
1876.66015625,9.329772368094792
1876.6796875,7.424126312624452
1876.69921875,6.6180312809258
1876.71875,7.370040742577062
1876.73828125,8.786139086655758
1876.7578125,8.715203403397128
1876.77734375,6.678685168039618
1876.796875,4.459528992619841
1876.81640625,6.32800308971858
1876.8359375,5.750000468786912
1876.85546875,8.029511937301328
1876.875,7.930984463800425
1876.89453125,8.053456797105206
1876.9140625,8.412291504227882
1876.93359375,6.01267966622058
1876.953125,4.976280450799106
1876.97265625,6.121369256402344
1876.9921875,4.018568637826263
1877.01171875,6.322845425557082
1877.03125,5.481511368655819
1877.05078125,5.224349285187669
1877.0703125,8.314648703903252
1877.08984375,7.123162797735603
1877.109375,6.709991253442266
1877.12890625,4.070613009100276
1877.1484375,7.027769247041446
1877.16796875,6.4198315946868565
1877.1875,5.908996731369289
1877.20703125,6.243052571385875
1877.2265625,4.3487349478217485
1877.24609375,3.33088846801519
1877.265625,4.178102543839147
1877.28515625,3.2600630545134273
1877.3046875,7.3759881532311455
1877.32421875,5.115901324409914
1877.34375,6.146697504325746
1877.36328125,5.675889120406024
1877.3828125,3.88683237740637
1877.40234375,6.654150116649229
1877.421875,4.488828815039762
1877.44140625,3.049050052150874
1877.4609375,0.18262147812059465
1877.48046875,3.8549068773762114
1877.5,4.049334685130043
1877.51953125,4.672325904019628
1877.5390625,0.5496635658262985
1877.55859375,4.079398658630907
1877.578125,2.5960841197882525
1877.59765625,1.939964094122074
1877.6171875,4.439903561122196
1877.63671875,6.588390937190338
1877.65625,4.847357004846715
1877.67578125,6.62266884089005
1877.6953125,1.287251763695647
1877.71484375,4.510500661335787
1877.734375,3.9185555579086726
1877.75390625,3.7688500288114177
1877.7734375,1.9996946986075197
1877.79296875,2.728836840454023
1877.8125,4.32461856484349
1877.83203125,5.401990344045933
1877.8515625,6.418657721295169
1877.87109375,4.586122529282468
1877.890625,3.3356642891359116
1877.91015625,3.663261003630519
1877.9296875,4.4627449211652435
1877.94921875,6.126252624822035
1877.96875,7.631900190363259
1877.98828125,2.9069474326681966
1878.0078125,6.6841459076745835
1878.02734375,4.256488982903596
1878.046875,2.872367356721396
1878.06640625,-1.6148204905908543
1878.0859375,3.5696642324749264
1878.10546875,1.4163990260529233
1878.125,3.740917690513038
1878.14453125,1.912237658188205
1878.1640625,3.1073302567255996
1878.18359375,5.806291464284127
1878.203125,7.102007577241014
1878.22265625,5.121104980252075
1878.2421875,2.8457425100402647
1878.26171875,4.139815213065523
1878.28125,1.2066232460152673
1878.30078125,3.1312346434183675
1878.3203125,1.5201457006549197
1878.33984375,4.118527114576226
1878.359375,-0.05480429287400783
1878.37890625,0.9169186814635255
1878.3984375,-0.5713639554556332
1878.41796875,1.7002149966411906
1878.4375,3.274551202712476
1878.45703125,2.827876681683389
1878.4765625,3.4547510250428353
1878.49609375,2.507981822074224
1878.515625,0.5016172368261846
1878.53515625,1.5339075877672426
1878.5546875,2.025405611474003
1878.57421875,2.6165114774788973
1878.59375,1.4661522928179755
1878.61328125,2.7891974098953716
1878.6328125,3.6110582147020374
1878.65234375,3.354984075341907
1878.671875,3.466579699324947
1878.69140625,4.8748426921723835
1878.7109375,0.8287252422962318
1878.73046875,5.087207490800607
1878.75,5.263582353989558
1878.76953125,4.760230442932434
1878.7890625,5.0690677003580795
1878.80859375,0.7187749472434742
1878.828125,3.2300809877288446
1878.84765625,4.912870972227727
1878.8671875,4.145473100716005
1878.88671875,4.990265505399132
1878.90625,3.5182066500756632
1878.92578125,2.9359086916181782
1878.9453125,1.6154117222592634
1878.96484375,5.38205148883826
1878.984375,4.499540383317525
1879.00390625,4.0940511689216565
1879.0234375,2.4206257734590757
1879.04296875,1.7477781292844305
1879.0625,5.533884383871639
1879.08203125,4.483123410713502
1879.1015625,3.4694437779293295
1879.12109375,2.6462678980632672
1879.140625,3.7453766471772276
1879.16015625,3.863138393268225
1879.1796875,3.675248760989888
1879.19921875,3.2936527356598164
1879.21875,3.792156506523895
1879.23828125,3.2514009477694352
1879.2578125,2.609060404920913
1879.27734375,0.9250459358439969
1879.296875,1.5464226372488243
1879.31640625,-1.4081739465485295
1879.3359375,1.5266025064966915
1879.35546875,1.7920477368257521
1879.375,0.3607350111203068
1879.39453125,-2.4463865800073386
1879.4140625,-1.1824019446981122
1879.43359375,-1.395556908730462
1879.453125,-1.8487740940636577
1879.47265625,-1.615491563234097
1879.4921875,-3.7833666101801016
1879.51171875,0.8037447058135786
1879.53125,2.5000492015070575
1879.55078125,1.000050527886017
1879.5703125,-2.409508061238041
1879.58984375,-0.5942363052860136
1879.609375,0.16560982057367113
1879.62890625,0.2668796056427731
1879.6484375,-2.49883824442923
1879.66796875,-3.0619389420112517
1879.6875,-3.9715192679547564
1879.70703125,-4.170569918430985
1879.7265625,1.07452547299198
1879.74609375,1.9568874255077031
1879.765625,1.3043223077979205
1879.78515625,5.199023784242623
1879.8046875,6.316665673340333
1879.82421875,8.038549083571246
1879.84375,5.211097744116222
1879.86328125,7.702724162003781
1879.8828125,7.6029511223129855
1879.90234375,6.9332640968237245
1879.921875,1.2314257716169377
1879.94140625,1.7117882273951366
1879.9609375,0.23356642319624674
1879.98046875,-1.951354630278479
