frequency_MHz,psd_dB
935.1992,-59.07
935.2002,-59.07
935.2012,-59.07
935.2021,-59.00
935.2031,-58.93
935.2041,-58.85
935.2051,-58.77
935.2061,-58.83
935.2070,-58.89
935.2080,-59.00
935.2090,-59.10
935.2100,-59.16
935.2109,-59.22
935.2119,-59.19
935.2129,-59.16
935.2139,-58.98
935.2148,-58.79
935.2158,-58.77
935.2168,-58.75
935.2178,-58.75
935.2188,-58.75
935.2197,-58.74
935.2207,-58.74
935.2217,-58.58
935.2227,-58.42
935.2236,-58.54
935.2246,-58.65
935.2256,-58.83
935.2266,-59.01
935.2275,-58.86
935.2285,-58.71
935.2295,-58.40
935.2305,-58.08
935.2314,-58.04
935.2324,-58.00
935.2334,-58.07
935.2344,-58.14
935.2354,-58.24
935.2363,-58.33
935.2373,-58.37
935.2383,-58.41
935.2393,-58.53
935.2402,-58.65
935.2412,-58.72
935.2422,-58.79
935.2432,-58.76
935.2441,-58.74
935.2451,-58.71
935.2461,-58.67
935.2471,-58.69
935.2480,-58.71
935.2490,-58.73
935.2500,-58.75
935.2510,-58.78
935.2520,-58.82
935.2529,-58.82
935.2539,-58.82
935.2549,-58.89
935.2559,-58.97
935.2568,-59.04
935.2578,-59.11
935.2588,-59.04
935.2598,-58.96
935.2607,-58.79
935.2617,-58.61
935.2627,-58.57
935.2637,-58.54
935.2646,-58.65
935.2656,-58.76
935.2666,-58.81
935.2676,-58.85
935.2686,-58.75
935.2695,-58.65
935.2705,-58.51
935.2715,-58.37
935.2725,-58.51
935.2734,-58.65
935.2744,-58.62
935.2754,-58.58
935.2764,-58.28
935.2773,-57.98
935.2783,-57.89
935.2793,-57.80
935.2803,-58.06
935.2812,-58.33
935.2822,-58.53
935.2832,-58.73
935.2842,-58.84
935.2852,-58.95
935.2861,-58.99
935.2871,-59.02
935.2881,-58.94
935.2891,-58.86
935.2900,-58.71
935.2910,-58.55
935.2920,-58.59
935.2930,-58.62
935.2939,-58.63
935.2949,-58.65
935.2959,-58.81
935.2969,-58.97
935.2979,-58.99
935.2988,-59.00
935.2998,-59.00
935.3008,-59.00
935.3018,-58.93
935.3027,-58.85
935.3037,-58.85
935.3047,-58.85
935.3057,-58.78
935.3066,-58.72
935.3076,-58.61
935.3086,-58.51
935.3096,-58.46
935.3105,-58.40
935.3115,-58.57
935.3125,-58.74
935.3135,-58.87
935.3145,-59.00
935.3154,-58.89
935.3164,-58.79
935.3174,-58.47
935.3184,-58.15
935.3193,-58.15
935.3203,-58.15
935.3213,-58.14
935.3223,-58.12
935.3232,-58.14
935.3242,-58.16
935.3252,-57.98
935.3262,-57.81
935.3271,-58.01
935.3281,-58.21
935.3291,-58.45
935.3301,-58.69
935.3311,-58.75
935.3320,-58.81
935.3330,-58.77
935.3340,-58.74
935.3350,-58.68
935.3359,-58.63
935.3369,-58.54
935.3379,-58.44
935.3389,-58.46
935.3398,-58.47
935.3408,-58.50
935.3418,-58.52
935.3428,-58.64
935.3438,-58.77
935.3447,-58.84
935.3457,-58.92
935.3467,-58.84
935.3477,-58.77
935.3486,-58.64
935.3496,-58.52
935.3506,-58.46
935.3516,-58.40
935.3525,-58.41
935.3535,-58.43
935.3545,-58.46
935.3555,-58.49
935.3564,-58.44
935.3574,-58.39
935.3584,-58.45
935.3594,-58.50
935.3604,-58.60
935.3613,-58.71
935.3623,-58.56
935.3633,-58.41
935.3643,-58.14
935.3652,-57.88
935.3662,-57.67
935.3672,-57.46
935.3682,-57.66
935.3691,-57.86
935.3701,-58.01
935.3711,-58.17
935.3721,-58.26
935.3730,-58.35
935.3740,-58.42
935.3750,-58.49
935.3760,-58.61
935.3770,-58.74
935.3779,-58.76
935.3789,-58.78
935.3799,-58.64
935.3809,-58.49
935.3818,-58.40
935.3828,-58.30
935.3838,-58.31
935.3848,-58.32
935.3857,-58.39
935.3867,-58.45
935.3877,-58.56
935.3887,-58.68
935.3896,-58.65
935.3906,-58.63
935.3916,-58.66
935.3926,-58.68
935.3936,-58.65
935.3945,-58.61
935.3955,-58.50
935.3965,-58.38
935.3975,-58.30
935.3984,-58.23
935.3994,-58.31
935.4004,-58.39
935.4014,-58.51
935.4023,-58.62
935.4033,-58.68
935.4043,-58.75
935.4053,-58.67
935.4062,-58.60
935.4072,-58.59
935.4082,-58.58
935.4092,-58.46
935.4102,-58.34
935.4111,-58.20
935.4121,-58.05
935.4131,-57.75
935.4141,-57.45
935.4150,-57.64
935.4160,-57.82
935.4170,-58.11
935.4180,-58.40
935.4189,-58.52
935.4199,-58.65
935.4209,-58.69
935.4219,-58.74
935.4229,-58.70
935.4238,-58.66
935.4248,-58.65
935.4258,-58.65
935.4268,-58.59
935.4277,-58.54
935.4287,-58.45
935.4297,-58.36
935.4307,-58.34
935.4316,-58.32
935.4326,-58.38
935.4336,-58.44
935.4346,-58.65
935.4355,-58.85
935.4365,-58.87
935.4375,-58.88
935.4385,-58.78
935.4395,-58.68
935.4404,-58.59
935.4414,-58.51
935.4424,-58.46
935.4434,-58.40
935.4443,-58.39
935.4453,-58.38
935.4463,-58.42
935.4473,-58.46
935.4482,-58.65
935.4492,-58.84
935.4502,-58.81
935.4512,-58.78
935.4521,-58.58
935.4531,-58.38
935.4541,-58.22
935.4551,-58.06
935.4561,-58.01
935.4570,-57.97
935.4580,-57.98
935.4590,-58.00
935.4600,-57.93
935.4609,-57.86
935.4619,-57.80
935.4629,-57.74
935.4639,-58.19
935.4648,-58.65
935.4658,-58.72
935.4668,-58.79
935.4678,-58.75
935.4688,-58.70
935.4697,-58.58
935.4707,-58.46
935.4717,-58.39
935.4727,-58.33
935.4736,-58.39
935.4746,-58.44
935.4756,-58.48
935.4766,-58.51
935.4775,-58.54
935.4785,-58.56
935.4795,-58.54
935.4805,-58.51
935.4814,-58.55
935.4824,-58.59
935.4834,-58.59
935.4844,-58.60
935.4854,-58.48
935.4863,-58.37
935.4873,-58.33
935.4883,-58.29
935.4893,-58.34
935.4902,-58.39
935.4912,-58.52
935.4922,-58.65
935.4932,-58.61
935.4941,-58.56
935.4951,-58.62
935.4961,-58.67
935.4971,-58.65
935.4980,-58.64
935.4990,-58.54
935.5000,-58.43
935.5010,-58.26
935.5020,-58.09
935.5029,-58.08
935.5039,-58.07
935.5049,-58.22
935.5059,-58.37
935.5068,-58.43
935.5078,-58.49
935.5088,-58.31
935.5098,-58.14
935.5107,-58.31
935.5117,-58.47
935.5127,-58.57
935.5137,-58.66
935.5146,-58.55
935.5156,-58.43
935.5166,-58.29
935.5176,-58.15
935.5186,-58.14
935.5195,-58.13
935.5205,-58.28
935.5215,-58.43
935.5225,-58.51
935.5234,-58.60
935.5244,-58.66
935.5254,-58.73
935.5264,-58.72
935.5273,-58.72
935.5283,-58.57
935.5293,-58.43
935.5303,-58.44
935.5312,-58.44
935.5322,-58.33
935.5332,-58.21
935.5342,-58.23
935.5352,-58.25
935.5361,-58.36
935.5371,-58.48
935.5381,-58.52
935.5391,-58.55
935.5400,-58.60
935.5410,-58.64
935.5420,-58.52
935.5430,-58.39
935.5439,-58.34
935.5449,-58.29
935.5459,-58.20
935.5469,-58.11
935.5479,-57.97
935.5488,-57.84
935.5498,-57.77
935.5508,-57.69
935.5518,-57.99
935.5527,-58.29
935.5537,-58.52
935.5547,-58.75
935.5557,-58.66
935.5566,-58.56
935.5576,-58.57
935.5586,-58.57
935.5596,-58.65
935.5605,-58.72
935.5615,-58.68
935.5625,-58.65
935.5635,-58.58
935.5645,-58.52
935.5654,-58.45
935.5664,-58.38
935.5674,-58.57
935.5684,-58.76
935.5693,-58.91
935.5703,-59.07
935.5713,-59.06
935.5723,-59.06
935.5732,-58.86
935.5742,-58.66
935.5752,-58.47
935.5762,-58.27
935.5771,-58.31
935.5781,-58.35
935.5791,-58.41
935.5801,-58.47
935.5811,-58.49
935.5820,-58.52
935.5830,-58.65
935.5840,-58.79
935.5850,-58.83
935.5859,-58.87
935.5869,-58.79
935.5879,-58.70
935.5889,-58.56
935.5898,-58.41
935.5908,-58.30
935.5918,-58.20
935.5928,-58.13
935.5938,-58.06
935.5947,-58.05
935.5957,-58.05
935.5967,-58.09
935.5977,-58.13
935.5986,-58.20
935.5996,-58.28
935.6006,-58.54
935.6016,-58.81
935.6025,-58.79
935.6035,-58.76
935.6045,-58.54
935.6055,-58.31
935.6064,-58.40
935.6074,-58.49
935.6084,-58.54
935.6094,-58.59
935.6104,-58.57
935.6113,-58.56
935.6123,-58.54
935.6133,-58.53
935.6143,-58.56
935.6152,-58.59
935.6162,-58.73
935.6172,-58.86
935.6182,-58.82
935.6191,-58.77
935.6201,-58.64
935.6211,-58.50
935.6221,-58.30
935.6230,-58.10
935.6240,-58.18
935.6250,-58.27
935.6260,-58.45
935.6270,-58.63
935.6279,-58.62
935.6289,-58.62
935.6299,-58.52
935.6309,-58.42
935.6318,-58.50
935.6328,-58.58
935.6338,-58.45
935.6348,-58.33
935.6357,-58.20
935.6367,-58.08
935.6377,-58.02
935.6387,-57.96
935.6396,-58.02
935.6406,-58.08
935.6416,-58.18
935.6426,-58.29
935.6436,-58.42
935.6445,-58.55
935.6455,-58.49
935.6465,-58.42
935.6475,-58.53
935.6484,-58.64
935.6494,-58.63
935.6504,-58.63
935.6514,-58.43
935.6523,-58.23
935.6533,-58.17
935.6543,-58.12
935.6553,-58.26
935.6562,-58.40
935.6572,-58.54
935.6582,-58.68
935.6592,-58.75
935.6602,-58.81
935.6611,-58.72
935.6621,-58.64
935.6631,-58.64
935.6641,-58.65
935.6650,-58.58
935.6660,-58.52
935.6670,-58.40
935.6680,-58.28
935.6689,-58.18
935.6699,-58.08
935.6709,-58.08
935.6719,-58.08
935.6729,-58.33
935.6738,-58.57
935.6748,-58.64
935.6758,-58.70
935.6768,-58.48
935.6777,-58.26
935.6787,-58.12
935.6797,-57.98
935.6807,-58.01
935.6816,-58.04
935.6826,-57.98
935.6836,-57.91
935.6846,-57.90
935.6855,-57.88
935.6865,-57.99
935.6875,-58.10
935.6885,-58.28
935.6895,-58.46
935.6904,-58.51
935.6914,-58.55
935.6924,-58.55
935.6934,-58.54
935.6943,-58.46
935.6953,-58.38
935.6963,-58.32
935.6973,-58.26
935.6982,-58.15
935.6992,-58.04
935.7002,-58.05
935.7012,-58.05
935.7021,-58.19
935.7031,-58.34
935.7041,-58.50
935.7051,-58.67
935.7061,-58.69
935.7070,-58.72
935.7080,-58.62
935.7090,-58.53
935.7100,-58.43
935.7109,-58.32
935.7119,-58.30
935.7129,-58.28
935.7139,-58.36
935.7148,-58.45
935.7158,-58.46
935.7168,-58.47
935.7178,-58.32
935.7188,-58.16
935.7197,-58.27
935.7207,-58.37
935.7217,-58.44
935.7227,-58.50
935.7236,-58.34
935.7246,-58.18
935.7256,-57.91
935.7266,-57.65
935.7275,-57.65
935.7285,-57.65
935.7295,-57.76
935.7305,-57.86
935.7314,-58.00
935.7324,-58.13
935.7334,-58.18
935.7344,-58.22
935.7354,-58.39
935.7363,-58.56
935.7373,-58.57
935.7383,-58.57
935.7393,-58.49
935.7402,-58.40
935.7412,-58.40
935.7422,-58.40
935.7432,-58.39
935.7441,-58.38
935.7451,-58.40
935.7461,-58.41
935.7471,-58.37
935.7480,-58.32
935.7490,-58.48
935.7500,-58.63
935.7510,-58.69
935.7520,-58.76
935.7529,-58.62
935.7539,-58.48
935.7549,-58.47
935.7559,-58.45
935.7568,-58.40
935.7578,-58.36
935.7588,-58.36
935.7598,-58.36
935.7607,-58.51
935.7617,-58.67
935.7627,-58.71
935.7637,-58.76
935.7646,-58.44
935.7656,-58.11
935.7666,-58.02
935.7676,-57.92
935.7686,-58.16
935.7695,-58.40
935.7705,-58.32
935.7715,-58.25
935.7725,-58.05
935.7734,-57.86
935.7744,-57.94
935.7754,-58.02
935.7764,-58.13
935.7773,-58.25
935.7783,-58.39
935.7793,-58.54
935.7803,-58.52
935.7812,-58.51
935.7822,-58.48
935.7832,-58.46
935.7842,-58.49
935.7852,-58.53
935.7861,-58.50
935.7871,-58.46
935.7881,-58.44
935.7891,-58.41
935.7900,-58.44
935.7910,-58.47
935.7920,-58.59
935.7930,-58.72
935.7939,-58.66
935.7949,-58.60
935.7959,-58.53
935.7969,-58.46
935.7979,-58.54
935.7988,-58.63
935.7998,-58.57
935.8008,-58.51
935.8018,-58.50
935.8027,-58.50
935.8037,-58.48
935.8047,-58.46
935.8057,-58.44
935.8066,-58.43
935.8076,-58.56
935.8086,-58.68
935.8096,-58.74
935.8105,-58.80
935.8115,-58.63
935.8125,-58.47
935.8135,-57.85
935.8145,-57.24
935.8154,-57.51
935.8164,-57.78
935.8174,-57.92
935.8184,-58.06
935.8193,-58.06
935.8203,-58.07
935.8213,-58.15
935.8223,-58.23
935.8232,-58.43
935.8242,-58.63
935.8252,-58.75
935.8262,-58.87
935.8271,-58.89
935.8281,-58.92
935.8291,-58.80
935.8301,-58.69
935.8311,-58.62
935.8320,-58.54
935.8330,-58.53
935.8340,-58.51
935.8350,-58.58
935.8359,-58.65
935.8369,-58.68
935.8379,-58.71
935.8389,-58.83
935.8398,-58.95
935.8408,-58.94
935.8418,-58.94
935.8428,-58.80
935.8438,-58.66
935.8447,-58.56
935.8457,-58.46
935.8467,-58.43
935.8477,-58.40
935.8486,-58.50
935.8496,-58.60
935.8506,-58.63
935.8516,-58.65
935.8525,-58.61
935.8535,-58.57
935.8545,-58.57
935.8555,-58.58
935.8564,-58.63
935.8574,-58.68
935.8584,-58.58
935.8594,-58.48
935.8604,-58.12
935.8613,-57.76
935.8623,-57.55
935.8633,-57.35
935.8643,-57.68
935.8652,-58.01
935.8662,-58.19
935.8672,-58.37
935.8682,-58.38
935.8691,-58.40
935.8701,-58.36
935.8711,-58.33
935.8721,-58.60
935.8730,-58.87
935.8740,-58.90
935.8750,-58.93
935.8760,-58.82
935.8770,-58.71
935.8779,-58.69
935.8789,-58.66
935.8799,-58.68
935.8809,-58.70
935.8818,-58.82
935.8828,-58.95
935.8838,-59.00
935.8848,-59.05
935.8857,-58.98
935.8867,-58.92
935.8877,-58.88
935.8887,-58.85
935.8896,-58.64
935.8906,-58.43
935.8916,-58.45
935.8926,-58.47
935.8936,-58.41
935.8945,-58.35
935.8955,-58.48
935.8965,-58.61
935.8975,-58.67
935.8984,-58.72
935.8994,-58.66
935.9004,-58.60
935.9014,-58.27
935.9023,-57.93
935.9033,-58.09
935.9043,-58.24
935.9053,-58.23
935.9062,-58.22
935.9072,-58.01
935.9082,-57.81
935.9092,-57.80
935.9102,-57.80
935.9111,-58.09
935.9121,-58.38
935.9131,-58.55
935.9141,-58.71
935.9150,-58.80
935.9160,-58.89
935.9170,-58.67
935.9180,-58.44
935.9189,-58.48
935.9199,-58.51
935.9209,-58.56
935.9219,-58.62
935.9229,-58.55
935.9238,-58.48
935.9248,-58.35
935.9258,-58.22
935.9268,-58.29
935.9277,-58.36
935.9287,-58.55
935.9297,-58.75
935.9307,-58.76
935.9316,-58.78
935.9326,-58.70
935.9336,-58.62
935.9346,-58.55
935.9355,-58.49
935.9365,-58.34
935.9375,-58.19
935.9385,-58.15
935.9395,-58.11
935.9404,-58.23
935.9414,-58.35
935.9424,-58.37
935.9434,-58.38
935.9443,-58.48
935.9453,-58.58
935.9463,-58.52
935.9473,-58.45
935.9482,-58.16
935.9492,-57.87
935.9502,-57.68
935.9512,-57.48
935.9521,-57.65
935.9531,-57.81
935.9541,-57.81
935.9551,-57.80
935.9561,-57.67
935.9570,-57.54
935.9580,-57.65
935.9590,-57.77
935.9600,-58.03
935.9609,-58.30
935.9619,-58.37
935.9629,-58.44
935.9639,-58.33
935.9648,-58.22
935.9658,-58.04
935.9668,-57.86
935.9678,-57.94
935.9688,-58.02
935.9697,-58.05
935.9707,-58.07
935.9717,-58.02
935.9727,-57.97
935.9736,-57.89
935.9746,-57.82
935.9756,-57.86
935.9766,-57.91
935.9775,-57.89
935.9785,-57.88
935.9795,-57.75
935.9805,-57.62
935.9814,-57.44
935.9824,-57.25
935.9834,-57.10
935.9844,-56.95
935.9854,-56.90
935.9863,-56.84
935.9873,-56.85
935.9883,-56.86
935.9893,-56.62
935.9902,-56.38
935.9912,-56.32
935.9922,-56.26
935.9932,-55.93
935.9941,-55.60
935.9951,-55.02
935.9961,-54.43
935.9971,-54.05
935.9980,-53.68
935.9990,-55.75
936.0000,-57.82
936.0010,-55.86
936.0020,-53.89
936.0029,-54.21
936.0039,-54.53
936.0049,-54.84
936.0059,-55.15
936.0068,-55.53
936.0078,-55.90
936.0088,-56.18
936.0098,-56.46
936.0107,-56.14
936.0117,-55.83
936.0127,-52.11
936.0137,-48.40
936.0146,-46.95
936.0156,-45.49
936.0166,-47.12
936.0176,-48.74
936.0186,-52.52
936.0195,-56.29
936.0205,-56.84
936.0215,-57.39
936.0225,-57.44
936.0234,-57.49
936.0244,-57.51
936.0254,-57.54
936.0264,-57.56
936.0273,-57.58
936.0283,-57.55
936.0293,-57.52
936.0303,-57.47
936.0312,-57.43
936.0322,-57.51
936.0332,-57.59
936.0342,-57.74
936.0352,-57.88
936.0361,-57.77
936.0371,-57.67
936.0381,-57.49
936.0391,-57.31
936.0400,-57.47
936.0410,-57.64
936.0420,-57.55
936.0430,-57.47
936.0439,-57.47
936.0449,-57.47
936.0459,-57.46
936.0469,-57.45
936.0479,-57.65
936.0488,-57.84
936.0498,-57.88
936.0508,-57.92
936.0518,-57.78
936.0527,-57.65
936.0537,-57.51
936.0547,-57.37
936.0557,-57.60
936.0566,-57.83
936.0576,-57.93
936.0586,-58.04
936.0596,-58.02
936.0605,-58.01
936.0615,-57.97
936.0625,-57.93
936.0635,-58.14
936.0645,-58.35
936.0654,-58.36
936.0664,-58.37
936.0674,-58.31
936.0684,-58.24
936.0693,-58.13
936.0703,-58.02
936.0713,-57.96
936.0723,-57.90
936.0732,-57.95
936.0742,-58.00
936.0752,-58.02
936.0762,-58.04
936.0771,-57.93
936.0781,-57.82
936.0791,-57.87
936.0801,-57.92
936.0811,-57.99
936.0820,-58.05
936.0830,-58.02
936.0840,-57.98
936.0850,-57.69
936.0859,-57.40
936.0869,-57.43
936.0879,-57.45
936.0889,-57.59
936.0898,-57.73
936.0908,-57.81
936.0918,-57.90
936.0928,-57.72
936.0938,-57.55
936.0947,-57.69
936.0957,-57.82
936.0967,-58.14
936.0977,-58.46
936.0986,-58.21
936.0996,-57.96
936.1006,-57.89
936.1016,-57.82
936.1025,-57.88
936.1035,-57.93
936.1045,-58.09
936.1055,-58.24
936.1064,-58.32
936.1074,-58.40
936.1084,-58.37
936.1094,-58.34
936.1104,-58.39
936.1113,-58.44
936.1123,-58.46
936.1133,-58.47
936.1143,-58.40
936.1152,-58.33
936.1162,-58.17
936.1172,-58.01
936.1182,-57.92
936.1191,-57.84
936.1201,-58.01
936.1211,-58.19
936.1221,-58.34
936.1230,-58.49
936.1240,-58.42
936.1250,-58.35
936.1260,-58.11
936.1270,-57.88
936.1279,-57.95
936.1289,-58.03
936.1299,-58.06
936.1309,-58.10
936.1318,-58.01
936.1328,-57.92
936.1338,-57.84
936.1348,-57.76
936.1357,-57.90
936.1367,-58.05
936.1377,-58.18
936.1387,-58.31
936.1396,-58.25
936.1406,-58.19
936.1416,-57.72
936.1426,-57.25
936.1436,-57.69
936.1445,-58.13
936.1455,-58.19
936.1465,-58.25
936.1475,-58.09
936.1484,-57.94
936.1494,-58.09
936.1504,-58.25
936.1514,-58.40
936.1523,-58.55
936.1533,-58.69
936.1543,-58.83
936.1553,-58.81
936.1562,-58.78
936.1572,-58.70
936.1582,-58.62
936.1592,-58.59
936.1602,-58.55
936.1611,-58.54
936.1621,-58.54
936.1631,-58.48
936.1641,-58.43
936.1650,-58.27
936.1660,-58.10
936.1670,-58.19
936.1680,-58.28
936.1689,-58.48
936.1699,-58.68
936.1709,-58.74
936.1719,-58.80
936.1729,-58.36
936.1738,-57.93
936.1748,-57.79
936.1758,-57.66
936.1768,-57.90
936.1777,-58.14
936.1787,-58.21
936.1797,-58.29
936.1807,-58.18
936.1816,-58.06
936.1826,-58.19
936.1836,-58.31
936.1846,-58.53
936.1855,-58.75
936.1865,-58.78
936.1875,-58.81
936.1885,-58.49
936.1895,-58.16
936.1904,-57.99
936.1914,-57.83
936.1924,-58.15
936.1934,-58.46
936.1943,-58.35
936.1953,-58.24
936.1963,-58.25
936.1973,-58.25
936.1982,-58.43
936.1992,-58.60
936.2002,-58.82
936.2012,-59.04
936.2021,-59.07
936.2031,-59.10
936.2041,-58.93
936.2051,-58.75
936.2061,-58.66
936.2070,-58.56
936.2080,-58.62
936.2090,-58.68
936.2100,-58.71
936.2109,-58.74
936.2119,-58.68
936.2129,-58.62
936.2139,-58.45
936.2148,-58.28
936.2158,-58.59
936.2168,-58.89
936.2178,-58.87
936.2188,-58.84
936.2197,-58.64
936.2207,-58.43
936.2217,-58.06
936.2227,-57.68
936.2236,-57.81
936.2246,-57.94
936.2256,-58.17
936.2266,-58.41
936.2275,-58.42
936.2285,-58.44
936.2295,-58.13
936.2305,-57.82
936.2314,-58.20
936.2324,-58.57
936.2334,-58.77
936.2344,-58.97
936.2354,-58.86
936.2363,-58.76
936.2373,-58.56
936.2383,-58.37
936.2393,-58.44
936.2402,-58.51
936.2412,-58.53
936.2422,-58.56
936.2432,-58.61
936.2441,-58.67
936.2451,-58.71
936.2461,-58.74
936.2471,-58.87
936.2480,-59.00
936.2490,-59.04
936.2500,-59.08
936.2510,-58.99
936.2520,-58.90
936.2529,-58.72
936.2539,-58.54
936.2549,-58.61
936.2559,-58.67
936.2568,-58.90
936.2578,-59.13
936.2588,-59.21
936.2598,-59.29
936.2607,-58.85
936.2617,-58.41
936.2627,-58.36
936.2637,-58.32
936.2646,-58.55
936.2656,-58.78
936.2666,-58.71
936.2676,-58.64
936.2686,-58.48
936.2695,-58.32
936.2705,-58.22
936.2715,-58.13
936.2725,-58.42
936.2734,-58.72
936.2744,-58.92
936.2754,-59.12
936.2764,-58.75
936.2773,-58.37
936.2783,-58.14
936.2793,-57.91
936.2803,-58.39
936.2812,-58.88
936.2822,-58.91
936.2832,-58.95
936.2842,-58.89
936.2852,-58.83
936.2861,-58.87
936.2871,-58.92
936.2881,-58.98
936.2891,-59.04
936.2900,-58.90
936.2910,-58.77
936.2920,-58.90
936.2930,-59.03
936.2939,-58.99
936.2949,-58.96
936.2959,-58.95
936.2969,-58.95
936.2979,-58.94
936.2988,-58.94
936.2998,-58.85
936.3008,-58.77
936.3018,-58.58
936.3027,-58.40
936.3037,-58.65
936.3047,-58.90
936.3057,-59.03
936.3066,-59.17
936.3076,-58.91
936.3086,-58.65
936.3096,-58.25
936.3105,-57.85
936.3115,-58.11
936.3125,-58.37
936.3135,-58.47
936.3145,-58.57
936.3154,-58.60
936.3164,-58.64
936.3174,-58.48
936.3184,-58.33
936.3193,-58.47
936.3203,-58.61
936.3213,-58.85
936.3223,-59.10
936.3232,-59.01
936.3242,-58.91
936.3252,-58.49
936.3262,-58.06
936.3271,-58.20
936.3281,-58.33
936.3291,-58.54
936.3301,-58.75
936.3311,-58.81
936.3320,-58.87
936.3330,-58.75
936.3340,-58.64
936.3350,-58.75
936.3359,-58.85
936.3369,-58.76
936.3379,-58.66
936.3389,-58.64
936.3398,-58.61
936.3408,-58.60
936.3418,-58.59
936.3428,-58.61
936.3438,-58.63
936.3447,-58.74
936.3457,-58.86
936.3467,-58.87
936.3477,-58.89
936.3486,-58.79
936.3496,-58.69
936.3506,-58.61
936.3516,-58.53
936.3525,-58.67
936.3535,-58.81
936.3545,-58.67
936.3555,-58.54
936.3564,-58.27
936.3574,-58.00
936.3584,-57.98
936.3594,-57.97
936.3604,-58.30
936.3613,-58.63
936.3623,-58.69
936.3633,-58.76
936.3643,-58.43
936.3652,-58.11
936.3662,-57.90
936.3672,-57.69
936.3682,-58.25
936.3691,-58.82
936.3701,-58.82
936.3711,-58.83
936.3721,-58.70
936.3730,-58.58
936.3740,-58.48
936.3750,-58.37
936.3760,-58.52
936.3770,-58.66
936.3779,-58.80
936.3789,-58.94
936.3799,-58.87
936.3809,-58.81
936.3818,-58.65
936.3828,-58.50
936.3838,-58.42
936.3848,-58.33
936.3857,-58.27
936.3867,-58.20
936.3877,-58.26
936.3887,-58.32
936.3896,-58.22
936.3906,-58.11
936.3916,-58.33
936.3926,-58.54
936.3936,-58.69
936.3945,-58.84
936.3955,-58.78
936.3965,-58.72
936.3975,-58.34
936.3984,-57.97
936.3994,-58.16
936.4004,-58.36
936.4014,-58.38
936.4023,-58.40
936.4033,-58.34
936.4043,-58.27
936.4053,-58.14
936.4062,-58.01
936.4072,-58.18
936.4082,-58.35
936.4092,-58.59
936.4102,-58.83
936.4111,-58.82
936.4121,-58.80
936.4131,-58.13
936.4141,-57.45
936.4150,-57.64
936.4160,-57.83
936.4170,-58.18
936.4180,-58.54
936.4189,-58.57
936.4199,-58.61
936.4209,-58.61
936.4219,-58.60
936.4229,-58.68
936.4238,-58.75
936.4248,-58.83
936.4258,-58.90
936.4268,-58.84
936.4277,-58.78
936.4287,-58.66
936.4297,-58.54
936.4307,-58.38
936.4316,-58.23
936.4326,-58.13
936.4336,-58.02
936.4346,-58.22
936.4355,-58.41
936.4365,-58.34
936.4375,-58.27
936.4385,-58.28
936.4395,-58.29
936.4404,-58.55
936.4414,-58.80
936.4424,-58.75
936.4434,-58.71
936.4443,-58.39
936.4453,-58.08
936.4463,-57.88
936.4473,-57.68
936.4482,-58.09
936.4492,-58.50
936.4502,-58.55
936.4512,-58.59
936.4521,-58.60
936.4531,-58.60
936.4541,-58.66
936.4551,-58.72
936.4561,-58.85
936.4570,-58.97
936.4580,-58.95
936.4590,-58.93
936.4600,-58.59
936.4609,-58.25
936.4619,-57.98
936.4629,-57.71
936.4639,-58.07
936.4648,-58.42
936.4658,-58.58
936.4668,-58.75
936.4678,-58.72
936.4688,-58.69
936.4697,-58.64
936.4707,-58.59
936.4717,-58.77
936.4727,-58.96
936.4736,-58.95
936.4746,-58.94
936.4756,-58.76
936.4766,-58.58
936.4775,-58.36
936.4785,-58.13
936.4795,-58.10
936.4805,-58.06
936.4814,-58.26
936.4824,-58.46
936.4834,-58.70
936.4844,-58.94
936.4854,-58.68
936.4863,-58.42
936.4873,-58.50
936.4883,-58.58
936.4893,-58.65
936.4902,-58.71
936.4912,-58.59
936.4922,-58.46
936.4932,-58.16
936.4941,-57.86
936.4951,-58.05
936.4961,-58.25
936.4971,-58.54
936.4980,-58.84
936.4990,-58.88
936.5000,-58.92
936.5010,-58.71
936.5020,-58.50
936.5029,-58.55
936.5039,-58.61
936.5049,-58.69
936.5059,-58.77
936.5068,-58.63
936.5078,-58.49
936.5088,-58.40
936.5098,-58.31
936.5107,-58.44
936.5117,-58.56
936.5127,-58.74
936.5137,-58.91
936.5146,-58.97
936.5156,-59.02
936.5166,-58.89
936.5176,-58.76
936.5186,-58.67
936.5195,-58.58
936.5205,-58.61
936.5215,-58.65
936.5225,-58.58
936.5234,-58.50
936.5244,-58.32
936.5254,-58.13
936.5264,-58.06
936.5273,-57.98
936.5283,-58.12
936.5293,-58.26
936.5303,-58.50
936.5312,-58.73
936.5322,-58.57
936.5332,-58.41
936.5342,-58.30
936.5352,-58.19
936.5361,-58.36
936.5371,-58.54
936.5381,-58.59
936.5391,-58.64
936.5400,-58.60
936.5410,-58.57
936.5420,-58.52
936.5430,-58.47
936.5439,-58.67
936.5449,-58.87
936.5459,-58.94
936.5469,-59.00
936.5479,-58.84
936.5488,-58.67
936.5498,-58.40
936.5508,-58.13
936.5518,-58.32
936.5527,-58.50
936.5537,-58.54
936.5547,-58.58
936.5557,-58.45
936.5566,-58.33
936.5576,-58.45
936.5586,-58.57
936.5596,-58.84
936.5605,-59.12
936.5615,-59.16
936.5625,-59.20
936.5635,-59.06
936.5645,-58.92
936.5654,-58.75
936.5664,-58.58
936.5674,-58.61
936.5684,-58.63
936.5693,-58.71
936.5703,-58.79
936.5713,-58.76
936.5723,-58.73
936.5732,-58.45
936.5742,-58.17
936.5752,-58.17
936.5762,-58.18
936.5771,-58.42
936.5781,-58.66
936.5791,-58.63
936.5801,-58.59
936.5811,-58.20
936.5820,-57.80
936.5830,-57.97
936.5840,-58.14
936.5850,-58.29
936.5859,-58.45
936.5869,-58.53
936.5879,-58.61
936.5889,-58.63
936.5898,-58.65
936.5908,-58.67
936.5918,-58.68
936.5928,-58.76
936.5938,-58.83
936.5947,-58.77
936.5957,-58.71
936.5967,-58.47
936.5977,-58.23
936.5986,-58.21
936.5996,-58.19
936.6006,-58.43
936.6016,-58.67
936.6025,-58.66
936.6035,-58.65
936.6045,-58.46
936.6055,-58.28
936.6064,-58.43
936.6074,-58.59
936.6084,-58.69
936.6094,-58.79
936.6104,-58.70
936.6113,-58.61
936.6123,-58.46
936.6133,-58.30
936.6143,-58.26
936.6152,-58.22
936.6162,-58.43
936.6172,-58.63
936.6182,-58.70
936.6191,-58.76
936.6201,-58.66
936.6211,-58.56
936.6221,-58.19
936.6230,-57.82
936.6240,-57.96
936.6250,-58.09
936.6260,-58.25
936.6270,-58.40
936.6279,-58.28
936.6289,-58.16
936.6299,-57.91
936.6309,-57.67
936.6318,-57.98
936.6328,-58.30
936.6338,-58.60
936.6348,-58.91
936.6357,-58.89
936.6367,-58.86
936.6377,-58.55
936.6387,-58.24
936.6396,-58.42
936.6406,-58.61
936.6416,-58.57
936.6426,-58.53
936.6436,-58.48
936.6445,-58.44
936.6455,-58.46
936.6465,-58.48
936.6475,-58.67
936.6484,-58.85
936.6494,-58.92
936.6504,-58.98
936.6514,-58.76
936.6523,-58.55
936.6533,-58.45
936.6543,-58.36
936.6553,-58.42
936.6562,-58.48
936.6572,-58.48
936.6582,-58.48
936.6592,-58.48
936.6602,-58.47
936.6611,-58.30
936.6621,-58.13
936.6631,-58.30
936.6641,-58.47
936.6650,-58.67
936.6660,-58.88
936.6670,-58.80
936.6680,-58.73
936.6689,-58.29
936.6699,-57.85
936.6709,-57.66
936.6719,-57.46
936.6729,-57.82
936.6738,-58.17
936.6748,-58.16
936.6758,-58.14
936.6768,-58.18
936.6777,-58.22
936.6787,-58.39
936.6797,-58.57
936.6807,-58.68
936.6816,-58.79
936.6826,-58.81
936.6836,-58.82
936.6846,-58.48
936.6855,-58.13
936.6865,-58.05
936.6875,-57.98
936.6885,-58.31
936.6895,-58.64
936.6904,-58.71
936.6914,-58.78
936.6924,-58.82
936.6934,-58.86
936.6943,-58.90
936.6953,-58.94
936.6963,-58.99
936.6973,-59.03
936.6982,-58.82
936.6992,-58.90
936.7002,-58.73
936.7012,-58.33
936.7021,-58.37
936.7031,-58.62
936.7041,-58.76
936.7051,-58.73
936.7061,-58.94
936.7070,-58.99
936.7080,-58.85
936.7090,-58.88
936.7100,-58.66
936.7109,-58.25
936.7119,-58.46
936.7129,-58.93
936.7139,-58.94
936.7148,-58.72
936.7158,-58.44
936.7168,-58.33
936.7178,-57.88
936.7188,-57.25
936.7197,-57.74
936.7207,-58.40
936.7217,-58.67
936.7227,-58.84
936.7236,-58.91
936.7246,-59.05
936.7256,-58.97
936.7266,-58.83
936.7275,-58.94
936.7285,-59.16
936.7295,-59.15
936.7305,-59.01
936.7314,-58.90
936.7324,-58.89
936.7334,-58.56
936.7344,-58.14
936.7354,-58.40
936.7363,-58.68
936.7373,-58.87
936.7383,-59.00
936.7393,-59.09
936.7402,-59.24
936.7412,-59.12
936.7422,-59.02
936.7432,-59.02
936.7441,-58.94
936.7451,-58.86
936.7461,-58.86
936.7471,-58.65
936.7480,-58.27
936.7490,-58.35
936.7500,-58.52
936.7510,-58.67
936.7520,-58.80
936.7529,-58.96
936.7539,-59.15
936.7549,-59.16
936.7559,-59.05
936.7568,-58.83
936.7578,-58.64
936.7588,-58.56
936.7598,-58.50
936.7607,-58.60
936.7617,-58.70
936.7627,-58.73
936.7637,-58.72
936.7646,-58.41
936.7656,-58.09
936.7666,-58.13
936.7676,-58.13
936.7686,-58.57
936.7695,-59.10
936.7705,-59.20
936.7715,-59.18
936.7725,-58.83
936.7734,-58.47
936.7744,-58.30
936.7754,-58.19
936.7764,-58.55
936.7773,-58.91
936.7783,-58.94
936.7793,-59.02
936.7803,-59.00
936.7812,-58.92
936.7822,-58.92
936.7832,-59.01
936.7842,-59.14
936.7852,-59.27
936.7861,-59.27
936.7871,-59.28
936.7881,-59.13
936.7891,-59.03
936.7900,-58.92
936.7910,-58.74
936.7920,-58.81
936.7930,-58.88
936.7939,-58.79
936.7949,-58.75
936.7959,-58.70
936.7969,-58.57
936.7979,-58.46
936.7988,-58.35
936.7998,-58.59
936.8008,-58.82
936.8018,-58.89
936.8027,-58.95
936.8037,-58.77
936.8047,-58.60
936.8057,-58.26
936.8066,-57.91
936.8076,-58.15
936.8086,-58.38
936.8096,-58.55
936.8105,-58.72
936.8115,-58.69
936.8125,-58.66
936.8135,-58.58
936.8145,-58.51
936.8154,-58.74
936.8164,-58.98
936.8174,-59.07
936.8184,-59.15
936.8193,-58.96
936.8203,-58.77
936.8213,-58.12
936.8223,-57.47
936.8232,-57.78
936.8242,-58.09
936.8252,-58.50
936.8262,-58.91
936.8271,-58.94
936.8281,-58.97
936.8291,-58.91
936.8301,-58.85
936.8311,-58.91
936.8320,-58.97
936.8330,-59.01
936.8340,-59.05
936.8350,-58.94
936.8359,-58.82
936.8369,-58.67
936.8379,-58.52
936.8389,-58.64
936.8398,-58.76
936.8408,-58.82
936.8418,-58.89
936.8428,-58.87
936.8438,-58.84
936.8447,-58.68
936.8457,-58.52
936.8467,-58.50
936.8477,-58.49
936.8486,-58.66
936.8496,-58.84
936.8506,-58.78
936.8516,-58.73
936.8525,-58.35
936.8535,-57.97
936.8545,-57.89
936.8555,-57.82
936.8564,-58.23
936.8574,-58.64
936.8584,-58.71
936.8594,-58.77
936.8604,-58.60
936.8613,-58.42
936.8623,-58.29
936.8633,-58.16
936.8643,-58.51
936.8652,-58.86
936.8662,-58.84
936.8672,-58.83
936.8682,-58.56
936.8691,-58.30
936.8701,-58.12
936.8711,-57.93
936.8721,-58.40
936.8730,-58.87
936.8740,-59.00
936.8750,-59.12
936.8760,-59.01
936.8770,-58.91
936.8779,-58.76
936.8789,-58.60
936.8799,-58.64
936.8809,-58.68
936.8818,-58.67
936.8828,-58.66
936.8838,-58.54
936.8848,-58.42
936.8857,-58.35
936.8867,-58.28
936.8877,-58.45
936.8887,-58.62
936.8896,-58.64
936.8906,-58.65
936.8916,-58.63
936.8926,-58.62
936.8936,-58.36
936.8945,-58.10
936.8955,-58.14
936.8965,-58.19
936.8975,-58.26
936.8984,-58.33
936.8994,-58.30
936.9004,-58.28
936.9014,-58.07
936.9023,-57.87
936.9033,-58.17
936.9043,-58.46
936.9053,-58.60
936.9062,-58.74
936.9072,-58.54
936.9082,-58.35
936.9092,-57.77
936.9102,-57.19
936.9111,-57.48
936.9121,-57.77
936.9131,-58.08
936.9141,-58.40
936.9150,-58.45
936.9160,-58.51
936.9170,-58.44
936.9180,-58.37
936.9189,-58.47
936.9199,-58.57
936.9209,-58.71
936.9219,-58.85
936.9229,-58.72
936.9238,-58.59
936.9248,-58.33
936.9258,-58.06
936.9268,-57.98
936.9277,-57.90
936.9287,-57.96
936.9297,-58.03
936.9307,-58.12
936.9316,-58.22
936.9326,-58.05
936.9336,-57.88
936.9346,-57.90
936.9355,-57.92
936.9365,-58.11
936.9375,-58.31
936.9385,-58.21
936.9395,-58.12
936.9404,-57.91
936.9414,-57.71
936.9424,-57.62
936.9434,-57.53
936.9443,-57.76
936.9453,-57.99
936.9463,-58.02
936.9473,-58.05
936.9482,-58.04
936.9492,-58.03
936.9502,-58.07
936.9512,-58.11
936.9521,-58.14
936.9531,-58.17
936.9541,-58.08
936.9551,-57.98
936.9561,-57.52
936.9570,-57.05
936.9580,-56.77
936.9590,-56.48
936.9600,-57.03
936.9609,-57.58
936.9619,-57.89
936.9629,-58.20
936.9639,-58.24
936.9648,-58.28
936.9658,-58.23
936.9668,-58.19
936.9678,-58.19
936.9688,-58.19
936.9697,-58.09
936.9707,-57.99
936.9717,-57.84
936.9727,-57.69
936.9736,-57.62
936.9746,-57.56
936.9756,-57.72
936.9766,-57.88
936.9775,-58.00
936.9785,-58.12
936.9795,-58.07
936.9805,-58.03
936.9814,-57.70
936.9824,-57.38
936.9834,-57.53
936.9844,-57.68
936.9854,-57.66
936.9863,-57.64
936.9873,-57.59
936.9883,-57.54
936.9893,-57.38
936.9902,-57.22
936.9912,-57.41
936.9922,-57.59
936.9932,-57.83
936.9941,-58.08
936.9951,-58.14
936.9961,-58.20
936.9971,-57.99
936.9980,-57.79
936.9990,-57.81
937.0000,-57.82
937.0010,-57.87
937.0020,-57.91
937.0029,-57.82
937.0039,-57.73
937.0049,-57.44
937.0059,-57.15
937.0068,-57.44
937.0078,-57.74
937.0088,-58.09
937.0098,-58.45
937.0107,-58.49
937.0117,-58.52
937.0127,-58.32
937.0137,-58.12
937.0146,-58.02
937.0156,-57.93
937.0166,-57.88
937.0176,-57.84
937.0186,-57.77
937.0195,-57.71
937.0205,-57.69
937.0215,-57.68
937.0225,-57.75
937.0234,-57.81
937.0244,-58.11
937.0254,-58.40
937.0264,-58.43
937.0273,-58.46
937.0283,-58.23
937.0293,-57.99
937.0303,-57.81
937.0312,-57.63
937.0322,-57.60
937.0332,-57.56
937.0342,-57.63
937.0352,-57.69
937.0361,-57.72
937.0371,-57.76
937.0381,-57.74
937.0391,-57.73
937.0400,-57.98
937.0410,-58.24
937.0420,-58.24
937.0430,-58.24
937.0439,-58.01
937.0449,-57.79
937.0459,-57.48
937.0469,-57.16
937.0479,-57.41
937.0488,-57.66
937.0498,-57.65
937.0508,-57.63
937.0518,-57.62
937.0527,-57.60
937.0537,-57.75
937.0547,-57.90
937.0557,-58.09
937.0566,-58.29
937.0576,-58.32
937.0586,-58.35
937.0596,-58.21
937.0605,-58.07
937.0615,-57.93
937.0625,-57.80
937.0635,-57.94
937.0645,-58.08
937.0654,-58.18
937.0664,-58.29
937.0674,-58.29
937.0684,-58.30
937.0693,-58.04
937.0703,-57.77
937.0713,-57.94
937.0723,-58.11
937.0732,-58.22
937.0742,-58.33
937.0752,-58.21
937.0762,-58.10
937.0771,-57.84
937.0781,-57.58
937.0791,-57.56
937.0801,-57.54
937.0811,-57.70
937.0820,-57.87
937.0830,-58.11
937.0840,-58.34
937.0850,-58.30
937.0859,-58.26
937.0869,-58.23
937.0879,-58.19
937.0889,-58.20
937.0898,-58.20
937.0908,-58.21
937.0918,-58.22
937.0928,-57.93
937.0938,-57.63
937.0947,-57.68
937.0957,-57.72
937.0967,-58.06
937.0977,-58.39
937.0986,-58.24
937.0996,-58.08
937.1006,-58.12
937.1016,-58.15
937.1025,-58.21
937.1035,-58.26
937.1045,-58.31
937.1055,-58.35
937.1064,-58.26
937.1074,-58.17
937.1084,-58.06
937.1094,-57.95
937.1104,-58.03
937.1113,-58.11
937.1123,-58.22
937.1133,-58.33
937.1143,-58.40
937.1152,-58.46
937.1162,-58.34
937.1172,-58.22
937.1182,-57.96
937.1191,-57.71
937.1201,-57.84
937.1211,-57.98
937.1221,-58.04
937.1230,-58.10
937.1240,-57.94
937.1250,-57.78
937.1260,-57.73
937.1270,-57.68
937.1279,-57.92
937.1289,-58.15
937.1299,-58.33
937.1309,-58.51
937.1318,-58.48
937.1328,-58.46
937.1338,-58.27
937.1348,-58.08
937.1357,-58.16
937.1367,-58.25
937.1377,-58.25
937.1387,-58.24
937.1396,-58.24
937.1406,-58.25
937.1416,-58.17
937.1426,-58.09
937.1436,-58.36
937.1445,-58.62
937.1455,-58.62
937.1465,-58.62
937.1475,-58.38
937.1484,-58.14
937.1494,-58.20
937.1504,-58.27
937.1514,-58.29
937.1523,-58.31
937.1533,-58.34
937.1543,-58.37
937.1553,-58.35
937.1562,-58.34
937.1572,-58.24
937.1582,-58.14
937.1592,-58.35
937.1602,-58.56
937.1611,-58.71
937.1621,-58.87
937.1631,-58.74
937.1641,-58.62
937.1650,-58.36
937.1660,-58.10
937.1670,-58.09
937.1680,-58.07
937.1689,-58.21
937.1699,-58.36
937.1709,-58.41
937.1719,-58.47
937.1729,-58.38
937.1738,-58.29
937.1748,-58.28
937.1758,-58.27
937.1768,-58.46
937.1777,-58.65
937.1787,-58.66
937.1797,-58.68
937.1807,-58.38
937.1816,-58.09
937.1826,-58.04
937.1836,-58.00
937.1846,-58.25
937.1855,-58.50
937.1865,-58.59
937.1875,-58.67
937.1885,-58.67
937.1895,-58.67
937.1904,-58.65
937.1914,-58.63
937.1924,-58.60
937.1934,-58.58
937.1943,-58.32
937.1953,-58.07
937.1963,-58.07
937.1973,-58.07
937.1982,-58.18
937.1992,-58.29
937.2002,-58.41
937.2012,-58.53
937.2021,-58.62
937.2031,-58.72
937.2041,-58.64
937.2051,-58.57
937.2061,-58.41
937.2070,-58.25
937.2080,-58.32
937.2090,-58.39
937.2100,-58.35
937.2109,-58.32
937.2119,-58.23
937.2129,-58.14
937.2139,-57.98
937.2148,-57.82
937.2158,-58.01
937.2168,-58.19
937.2178,-58.31
937.2188,-58.44
937.2197,-58.49
937.2207,-58.55
937.2217,-58.36
937.2227,-58.18
937.2236,-58.22
937.2246,-58.25
937.2256,-58.37
937.2266,-58.49
937.2275,-58.47
937.2285,-58.44
937.2295,-58.27
937.2305,-58.09
937.2314,-58.24
937.2324,-58.40
937.2334,-58.60
937.2344,-58.81
937.2354,-58.83
937.2363,-58.86
937.2373,-58.63
937.2383,-58.41
937.2393,-58.38
937.2402,-58.36
937.2412,-58.21
937.2422,-58.06
937.2432,-57.99
937.2441,-57.93
937.2451,-58.06
937.2461,-58.19
937.2471,-58.36
937.2480,-58.53
937.2490,-58.66
937.2500,-58.78
937.2510,-58.77
937.2520,-58.75
937.2529,-58.50
937.2539,-58.25
937.2549,-58.18
937.2559,-58.11
937.2568,-58.21
937.2578,-58.30
937.2588,-58.25
937.2598,-58.19
937.2607,-58.17
937.2617,-58.15
937.2627,-58.24
937.2637,-58.33
937.2646,-58.52
937.2656,-58.70
937.2666,-58.69
937.2676,-58.68
937.2686,-58.44
937.2695,-58.19
937.2705,-58.04
937.2715,-57.88
937.2725,-58.13
937.2734,-58.39
937.2744,-58.48
937.2754,-58.58
937.2764,-58.58
937.2773,-58.58
937.2783,-58.56
937.2793,-58.55
937.2803,-58.67
937.2812,-58.79
937.2822,-58.81
937.2832,-58.83
937.2842,-58.66
937.2852,-58.49
937.2861,-58.39
937.2871,-58.29
937.2881,-58.21
937.2891,-58.14
937.2900,-58.02
937.2910,-57.91
937.2920,-58.14
937.2930,-58.38
937.2939,-58.48
937.2949,-58.59
937.2959,-58.70
937.2969,-58.81
937.2979,-58.77
937.2988,-58.74
937.2998,-58.56
937.3008,-58.38
937.3018,-58.28
937.3027,-58.18
937.3037,-58.26
937.3047,-58.33
937.3057,-58.44
937.3066,-58.55
937.3076,-58.62
937.3086,-58.69
937.3096,-58.61
937.3105,-58.54
937.3115,-58.72
937.3125,-58.90
937.3135,-58.89
937.3145,-58.89
937.3154,-58.77
937.3164,-58.64
937.3174,-58.35
937.3184,-58.06
937.3193,-58.19
937.3203,-58.31
937.3213,-58.56
937.3223,-58.80
937.3232,-58.88
937.3242,-58.96
937.3252,-58.93
937.3262,-58.89
937.3271,-58.89
937.3281,-58.90
937.3291,-58.95
937.3301,-59.00
937.3311,-58.89
937.3320,-58.78
937.3330,-58.72
937.3340,-58.66
937.3350,-58.64
937.3359,-58.62
937.3369,-58.49
937.3379,-58.36
937.3389,-58.52
937.3398,-58.68
937.3408,-58.72
937.3418,-58.76
937.3428,-58.66
937.3438,-58.56
937.3447,-58.56
937.3457,-58.55
937.3467,-58.48
937.3477,-58.42
937.3486,-58.37
937.3496,-58.32
937.3506,-58.46
937.3516,-58.60
937.3525,-58.74
937.3535,-58.88
937.3545,-58.95
937.3555,-59.02
937.3564,-58.87
937.3574,-58.71
937.3584,-58.69
937.3594,-58.67
937.3604,-58.80
937.3613,-58.92
937.3623,-58.83
937.3633,-58.74
937.3643,-58.65
937.3652,-58.56
937.3662,-58.51
937.3672,-58.46
937.3682,-58.76
937.3691,-59.05
937.3701,-59.13
937.3711,-59.20
937.3721,-59.12
937.3730,-59.04
937.3740,-58.90
937.3750,-58.76
937.3760,-58.78
937.3770,-58.80
937.3779,-58.83
937.3789,-58.85
937.3799,-58.78
937.3809,-58.72
937.3818,-58.82
937.3828,-58.92
937.3838,-58.81
937.3848,-58.70
937.3857,-58.69
937.3867,-58.68
937.3877,-58.80
937.3887,-58.93
937.3896,-58.69
937.3906,-58.44
937.3916,-58.45
937.3926,-58.45
937.3936,-58.55
937.3945,-58.65
937.3955,-58.65
937.3965,-58.66
937.3975,-58.70
937.3984,-58.75
937.3994,-58.89
937.4004,-59.03
937.4014,-59.11
937.4023,-59.19
937.4033,-59.05
937.4043,-58.91
937.4053,-58.66
937.4062,-58.40
937.4072,-58.51
937.4082,-58.62
937.4092,-58.80
937.4102,-58.98
937.4111,-59.03
937.4121,-59.08
937.4131,-58.90
937.4141,-58.72
937.4150,-58.81
937.4160,-58.90
937.4170,-59.03
937.4180,-59.16
937.4189,-59.11
937.4199,-59.05
937.4209,-58.89
937.4219,-58.72
937.4229,-58.72
937.4238,-58.71
937.4248,-58.77
937.4258,-58.82
937.4268,-58.87
937.4277,-58.93
937.4287,-58.95
937.4297,-58.97
937.4307,-58.90
937.4316,-58.82
937.4326,-58.62
937.4336,-58.41
937.4346,-58.55
937.4355,-58.70
937.4365,-58.67
937.4375,-58.64
937.4385,-58.59
937.4395,-58.53
937.4404,-58.57
937.4414,-58.62
937.4424,-58.70
937.4434,-58.79
937.4443,-58.81
937.4453,-58.83
937.4463,-58.77
937.4473,-58.71
937.4482,-58.83
937.4492,-58.96
937.4502,-58.88
937.4512,-58.81
937.4521,-58.63
937.4531,-58.45
937.4541,-58.36
937.4551,-58.26
937.4561,-58.55
937.4570,-58.83
937.4580,-58.88
937.4590,-58.94
937.4600,-58.80
937.4609,-58.66
937.4619,-58.42
937.4629,-58.17
937.4639,-58.32
937.4648,-58.47
937.4658,-58.50
937.4668,-58.52
937.4678,-58.44
937.4688,-58.35
937.4697,-58.34
937.4707,-58.32
937.4717,-58.35
937.4727,-58.38
937.4736,-58.41
937.4746,-58.44
937.4756,-58.30
937.4766,-58.15
937.4775,-57.99
937.4785,-57.83
937.4795,-57.60
937.4805,-57.37
937.4814,-57.38
937.4824,-57.38
937.4834,-57.46
937.4844,-57.54
937.4854,-57.38
937.4863,-57.21
937.4873,-57.15
937.4883,-57.08
937.4893,-57.07
937.4902,-57.05
937.4912,-56.86
937.4922,-56.68
937.4932,-56.27
937.4941,-55.87
937.4951,-55.37
937.4961,-54.88
937.4971,-54.56
937.4980,-54.23
937.4990,-56.21
937.5000,-58.19
937.5010,-56.08
937.5020,-53.98
937.5029,-54.38
937.5039,-54.78
937.5049,-55.44
937.5059,-56.09
937.5068,-56.39
937.5078,-56.69
937.5088,-56.72
937.5098,-56.75
937.5107,-56.93
937.5117,-57.11
937.5127,-57.31
937.5137,-57.51
937.5146,-57.57
937.5156,-57.63
937.5166,-57.74
937.5176,-57.85
937.5186,-58.07
937.5195,-58.30
937.5205,-58.57
937.5215,-58.84
937.5225,-59.05
937.5234,-59.25
937.5244,-59.29
937.5254,-59.33
937.5264,-59.18
937.5273,-59.03
937.5283,-58.96
937.5293,-58.90
937.5303,-59.26
937.5312,-59.63
937.5322,-59.64
937.5332,-59.65
937.5342,-59.66
937.5352,-59.67
937.5361,-59.81
937.5371,-59.95
937.5381,-60.00
937.5391,-60.05
937.5400,-59.92
937.5410,-59.80
937.5420,-59.58
937.5430,-59.36
937.5439,-59.69
937.5449,-60.02
937.5459,-60.06
937.5469,-60.10
937.5479,-59.96
937.5488,-59.81
937.5498,-59.53
937.5508,-59.25
937.5518,-59.64
937.5527,-60.03
937.5537,-60.25
937.5547,-60.46
937.5557,-60.20
937.5566,-59.93
937.5576,-59.89
937.5586,-59.85
937.5596,-60.14
937.5605,-60.43
937.5615,-60.50
937.5625,-60.57
937.5635,-60.46
937.5645,-60.35
937.5654,-60.24
937.5664,-60.13
937.5674,-60.28
937.5684,-60.42
937.5693,-60.56
937.5703,-60.70
937.5713,-60.68
937.5723,-60.65
937.5732,-60.35
937.5742,-60.04
937.5752,-59.76
937.5762,-59.48
937.5771,-59.82
937.5781,-60.16
937.5791,-60.41
937.5801,-60.66
937.5811,-60.32
937.5820,-59.97
937.5830,-60.09
937.5840,-60.21
937.5850,-60.44
937.5859,-60.67
937.5869,-60.64
937.5879,-60.61
937.5889,-60.22
937.5898,-59.82
937.5908,-59.94
937.5918,-60.06
937.5928,-60.35
937.5938,-60.65
937.5947,-60.65
937.5957,-60.65
937.5967,-60.41
937.5977,-60.18
937.5986,-60.14
937.5996,-60.11
937.6006,-60.42
937.6016,-60.74
937.6025,-60.65
937.6035,-60.56
937.6045,-60.29
937.6055,-60.02
937.6064,-60.28
937.6074,-60.54
937.6084,-60.68
937.6094,-60.82
937.6104,-60.78
937.6113,-60.74
937.6123,-60.47
937.6133,-60.21
937.6143,-60.19
937.6152,-60.18
937.6162,-60.43
937.6172,-60.68
937.6182,-60.77
937.6191,-60.86
937.6201,-60.78
937.6211,-60.70
937.6221,-60.22
937.6230,-59.73
937.6240,-59.84
937.6250,-59.95
937.6260,-60.38
937.6270,-60.81
937.6279,-60.61
937.6289,-60.41
937.6299,-60.09
937.6309,-59.77
937.6318,-60.26
937.6328,-60.75
937.6338,-60.83
937.6348,-60.92
937.6357,-60.71
937.6367,-60.50
937.6377,-60.03
937.6387,-59.55
937.6396,-60.01
937.6406,-60.47
937.6416,-60.64
937.6426,-60.82
937.6436,-60.78
937.6445,-60.74
937.6455,-60.46
937.6465,-60.18
937.6475,-60.40
937.6484,-60.61
937.6494,-60.72
937.6504,-60.83
937.6514,-60.58
937.6523,-60.33
937.6533,-60.38
937.6543,-60.44
937.6553,-60.64
937.6562,-60.85
937.6572,-60.87
937.6582,-60.89
937.6592,-60.83
937.6602,-60.78
937.6611,-60.52
937.6621,-60.26
937.6631,-60.33
937.6641,-60.41
937.6650,-60.59
937.6660,-60.77
937.6670,-60.75
937.6680,-60.73
937.6689,-60.30
937.6699,-59.87
937.6709,-59.53
937.6719,-59.19
937.6729,-59.57
937.6738,-59.94
937.6748,-60.03
937.6758,-60.13
937.6768,-59.98
937.6777,-59.83
937.6787,-59.91
937.6797,-59.98
937.6807,-60.35
937.6816,-60.72
937.6826,-60.48
937.6836,-60.24
937.6846,-59.62
937.6855,-59.00
937.6865,-59.11
937.6875,-59.23
937.6885,-59.77
937.6895,-60.32
937.6904,-60.21
937.6914,-60.10
937.6924,-59.99
937.6934,-59.88
937.6943,-59.93
937.6953,-59.97
937.6963,-60.10
937.6973,-60.22
937.6982,-60.00
937.6992,-59.77
937.7002,-59.77
937.7012,-59.77
937.7021,-59.95
937.7031,-60.14
937.7041,-60.27
937.7051,-60.40
937.7061,-60.23
937.7070,-60.06
937.7080,-59.28
937.7090,-58.51
937.7100,-57.81
937.7109,-57.11
937.7119,-57.72
937.7129,-58.34
937.7139,-59.01
937.7148,-59.68
937.7158,-59.51
937.7168,-59.35
937.7178,-58.94
937.7188,-58.54
937.7197,-58.96
937.7207,-59.38
937.7217,-59.34
937.7227,-59.31
937.7236,-59.23
937.7246,-59.15
937.7256,-58.75
937.7266,-58.34
937.7275,-58.36
937.7285,-58.37
937.7295,-58.44
937.7305,-58.52
937.7314,-57.64
937.7324,-56.76
937.7334,-56.62
937.7344,-56.49
937.7354,-56.95
937.7363,-57.41
937.7373,-57.27
937.7383,-57.13
937.7393,-57.26
937.7402,-57.38
937.7412,-57.08
937.7422,-56.78
937.7432,-55.79
937.7441,-54.80
937.7451,-55.23
937.7461,-55.66
937.7471,-54.94
937.7480,-54.22
937.7490,-55.19
937.7500,-56.17
937.7510,-56.44
937.7520,-56.70
937.7529,-56.50
937.7539,-56.30
937.7549,-56.58
937.7559,-56.87
937.7568,-56.28
937.7578,-55.70
937.7588,-55.25
937.7598,-54.80
937.7607,-55.70
937.7617,-56.60
937.7627,-56.40
937.7637,-56.20
937.7646,-56.02
937.7656,-55.85
937.7666,-55.95
937.7676,-56.04
937.7686,-56.19
937.7695,-56.34
937.7705,-57.31
937.7715,-58.28
937.7725,-58.28
937.7734,-58.28
937.7744,-57.22
937.7754,-56.15
937.7764,-56.36
937.7773,-56.56
937.7783,-55.37
937.7793,-54.19
937.7803,-52.79
937.7812,-51.39
937.7822,-52.41
937.7832,-53.44
937.7842,-54.94
937.7852,-56.43
937.7861,-56.69
937.7871,-56.95
937.7881,-56.82
937.7891,-56.69
937.7900,-56.79
937.7910,-56.89
937.7920,-56.01
937.7930,-55.12
937.7939,-54.96
937.7949,-54.79
937.7959,-54.59
937.7969,-54.39
937.7979,-53.89
937.7988,-53.40
937.7998,-53.58
937.8008,-53.75
937.8018,-54.90
937.8027,-56.05
937.8037,-55.69
937.8047,-55.33
937.8057,-53.78
937.8066,-52.23
937.8076,-52.78
937.8086,-53.32
937.8096,-54.74
937.8105,-56.16
937.8115,-55.83
937.8125,-55.51
937.8135,-55.36
937.8145,-55.22
937.8154,-53.63
937.8164,-52.04
937.8174,-51.56
937.8184,-51.09
937.8193,-52.20
937.8203,-53.32
937.8213,-53.61
937.8223,-53.91
937.8232,-54.24
937.8242,-54.56
937.8252,-54.04
937.8262,-53.52
937.8271,-54.24
937.8281,-54.97
937.8291,-54.54
937.8301,-54.11
937.8311,-54.79
937.8320,-55.47
937.8330,-55.50
937.8340,-55.54
937.8350,-55.91
937.8359,-56.28
937.8369,-55.99
937.8379,-55.70
937.8389,-54.23
937.8398,-52.76
937.8408,-52.76
937.8418,-52.76
937.8428,-52.18
937.8438,-51.60
937.8447,-50.35
937.8457,-49.09
937.8467,-49.25
937.8477,-49.41
937.8486,-50.36
937.8496,-51.30
937.8506,-50.79
937.8516,-50.28
937.8525,-51.12
937.8535,-51.96
937.8545,-52.42
937.8555,-52.87
937.8564,-51.81
937.8574,-50.75
937.8584,-50.72
937.8594,-50.68
937.8604,-50.42
937.8613,-50.16
937.8623,-49.82
937.8633,-49.48
937.8643,-49.20
937.8652,-48.92
937.8662,-48.74
937.8672,-48.56
937.8682,-48.13
937.8691,-47.71
937.8701,-46.70
937.8711,-45.69
937.8721,-44.56
937.8730,-43.43
937.8740,-42.82
937.8750,-42.22
937.8760,-44.17
937.8770,-46.13
937.8779,-47.06
937.8789,-47.99
937.8799,-47.40
937.8809,-46.81
937.8818,-45.40
937.8828,-43.99
937.8838,-42.17
937.8848,-40.35
937.8857,-41.27
937.8867,-42.19
937.8877,-43.60
937.8887,-45.01
937.8896,-43.91
937.8906,-42.81
937.8916,-41.69
937.8926,-40.58
937.8936,-40.71
937.8945,-40.85
937.8955,-40.87
937.8965,-40.90
937.8975,-40.82
937.8984,-40.75
937.8994,-41.06
937.9004,-41.37
937.9014,-41.81
937.9023,-42.25
937.9033,-42.27
937.9043,-42.29
937.9053,-41.99
937.9062,-41.69
937.9072,-39.42
937.9082,-37.16
937.9092,-35.43
937.9102,-33.69
937.9111,-33.62
937.9121,-33.54
937.9131,-35.78
937.9141,-38.02
937.9150,-38.28
937.9160,-38.54
937.9170,-39.71
937.9180,-40.89
937.9189,-41.51
937.9199,-42.12
937.9209,-39.92
937.9219,-37.72
937.9229,-36.99
937.9238,-36.26
937.9248,-36.45
937.9258,-36.65
937.9268,-35.61
937.9277,-34.57
937.9287,-35.05
937.9297,-35.53
937.9307,-34.04
937.9316,-32.56
937.9326,-31.99
937.9336,-31.43
937.9346,-32.29
937.9355,-33.15
937.9365,-33.12
937.9375,-33.10
937.9385,-32.57
937.9395,-32.03
937.9404,-32.51
937.9414,-32.98
937.9424,-31.04
937.9434,-29.10
937.9443,-29.09
937.9453,-29.07
937.9463,-28.73
937.9473,-28.38
937.9482,-28.71
937.9492,-29.03
937.9502,-30.52
937.9512,-32.00
937.9521,-31.09
937.9531,-30.17
937.9541,-30.69
937.9551,-31.21
937.9561,-30.91
937.9570,-30.60
937.9580,-29.49
937.9590,-28.38
937.9600,-29.02
937.9609,-29.65
937.9619,-30.43
937.9629,-31.20
937.9639,-30.73
937.9648,-30.25
937.9658,-31.31
937.9668,-32.37
937.9678,-31.66
937.9688,-30.95
937.9697,-31.86
937.9707,-32.76
937.9717,-34.60
937.9727,-36.43
937.9736,-34.88
937.9746,-33.32
937.9756,-32.32
937.9766,-31.31
937.9775,-30.78
937.9785,-30.25
937.9795,-27.55
937.9805,-24.85
937.9814,-25.16
937.9824,-25.46
937.9834,-27.43
937.9844,-29.41
937.9854,-31.04
937.9863,-32.67
937.9873,-32.50
937.9883,-32.33
937.9893,-32.23
937.9902,-32.14
937.9912,-31.14
937.9922,-30.14
937.9932,-29.67
937.9941,-29.20
937.9951,-29.06
937.9961,-28.91
937.9971,-28.49
937.9980,-28.07
937.9990,-27.80
938.0000,-27.53
938.0010,-28.71
938.0020,-29.89
938.0029,-30.77
938.0039,-31.65
938.0049,-29.39
938.0059,-27.13
938.0068,-26.46
938.0078,-25.80
938.0088,-27.71
938.0098,-29.63
938.0107,-29.94
938.0117,-30.26
938.0127,-30.78
938.0137,-31.31
938.0146,-29.61
938.0156,-27.91
938.0166,-25.94
938.0176,-23.97
938.0186,-24.90
938.0195,-25.83
938.0205,-27.05
938.0215,-28.27
938.0225,-28.95
938.0234,-29.63
938.0244,-28.89
938.0254,-28.15
938.0264,-28.78
938.0273,-29.42
938.0283,-29.21
938.0293,-29.01
938.0303,-29.57
938.0312,-30.14
938.0322,-30.75
938.0332,-31.36
938.0342,-31.14
938.0352,-30.92
938.0361,-32.21
938.0371,-33.51
938.0381,-30.97
938.0391,-28.44
938.0400,-27.76
938.0410,-27.07
938.0420,-27.85
938.0430,-28.63
938.0439,-26.89
938.0449,-25.14
938.0459,-24.83
938.0469,-24.51
938.0479,-25.54
938.0488,-26.58
938.0498,-26.88
938.0508,-27.18
938.0518,-27.49
938.0527,-27.79
938.0537,-29.58
938.0547,-31.38
938.0557,-30.90
938.0566,-30.43
938.0576,-28.94
938.0586,-27.45
938.0596,-28.30
938.0605,-29.15
938.0615,-29.78
938.0625,-30.41
938.0635,-29.73
938.0645,-29.05
938.0654,-30.87
938.0664,-32.69
938.0674,-32.12
938.0684,-31.55
938.0693,-29.43
938.0703,-27.31
938.0713,-27.92
938.0723,-28.52
938.0732,-30.47
938.0742,-32.41
938.0752,-31.39
938.0762,-30.36
938.0771,-31.25
938.0781,-32.14
938.0791,-30.83
938.0801,-29.51
938.0811,-29.21
938.0820,-28.91
938.0830,-30.26
938.0840,-31.62
938.0850,-31.75
938.0859,-31.89
938.0869,-32.47
938.0879,-33.04
938.0889,-33.59
938.0898,-34.15
938.0908,-32.38
938.0918,-30.61
938.0928,-31.66
938.0938,-32.71
938.0947,-34.52
938.0957,-36.33
938.0967,-34.69
938.0977,-33.04
938.0986,-32.83
938.0996,-32.62
938.1006,-33.49
938.1016,-34.37
938.1025,-33.24
938.1035,-32.10
938.1045,-33.17
938.1055,-34.23
938.1064,-35.46
938.1074,-36.70
938.1084,-36.05
938.1094,-35.39
938.1104,-34.62
938.1113,-33.84
938.1123,-34.34
938.1133,-34.84
938.1143,-34.32
938.1152,-33.80
938.1162,-33.42
938.1172,-33.04
938.1182,-34.40
938.1191,-35.75
938.1201,-36.57
938.1211,-37.39
938.1221,-37.14
938.1230,-36.89
938.1240,-39.56
938.1250,-42.23
938.1260,-42.76
938.1270,-43.30
938.1279,-43.03
938.1289,-42.75
938.1299,-43.20
938.1309,-43.65
938.1318,-42.95
938.1328,-42.26
938.1338,-42.64
938.1348,-43.03
938.1357,-42.61
938.1367,-42.19
938.1377,-43.17
938.1387,-44.15
938.1396,-44.54
938.1406,-44.94
938.1416,-44.02
938.1426,-43.10
938.1436,-42.10
938.1445,-41.09
938.1455,-41.70
938.1465,-42.30
938.1475,-44.81
938.1484,-47.32
938.1494,-47.67
938.1504,-48.03
938.1514,-48.48
938.1523,-48.94
938.1533,-47.90
938.1543,-46.87
938.1553,-46.53
938.1562,-46.19
938.1572,-48.32
938.1582,-50.45
938.1592,-50.99
938.1602,-51.53
938.1611,-50.78
938.1621,-50.02
938.1631,-49.88
938.1641,-49.74
938.1650,-50.16
938.1660,-50.57
938.1670,-51.49
938.1680,-52.42
938.1689,-52.56
938.1699,-52.70
938.1709,-53.62
938.1719,-54.53
938.1729,-55.24
938.1738,-55.94
938.1748,-55.76
938.1758,-55.58
938.1768,-55.77
938.1777,-55.97
938.1787,-54.98
938.1797,-53.99
938.1807,-53.51
938.1816,-53.03
938.1826,-54.12
938.1836,-55.20
938.1846,-56.37
938.1855,-57.53
938.1865,-58.03
938.1875,-58.52
938.1885,-59.03
938.1895,-59.54
938.1904,-59.81
938.1914,-60.08
938.1924,-60.06
938.1934,-60.05
938.1943,-59.79
938.1953,-59.54
938.1963,-59.58
938.1973,-59.62
938.1982,-59.92
938.1992,-60.02
938.2002,-60.10
938.2012,-60.40
938.2021,-60.73
938.2031,-60.81
938.2041,-60.52
938.2051,-60.41
938.2061,-60.10
938.2070,-59.61
938.2080,-59.97
938.2090,-60.52
938.2100,-60.39
938.2109,-60.38
938.2119,-59.57
938.2129,-58.90
938.2139,-58.37
938.2148,-57.63
938.2158,-58.21
938.2168,-58.48
938.2178,-58.26
938.2188,-58.45
938.2197,-58.47
938.2207,-58.85
938.2217,-58.90
938.2227,-59.29
938.2236,-59.49
938.2246,-59.52
938.2256,-60.10
938.2266,-60.52
938.2275,-60.32
938.2285,-60.37
938.2295,-59.73
938.2305,-58.89
938.2314,-59.34
938.2324,-59.85
938.2334,-60.09
938.2344,-60.14
938.2354,-60.31
938.2363,-60.64
938.2373,-60.61
938.2383,-60.40
938.2393,-60.61
938.2402,-60.70
938.2412,-60.51
938.2422,-60.37
938.2432,-60.26
938.2441,-60.08
938.2451,-60.31
938.2461,-60.58
938.2471,-60.78
938.2480,-60.91
938.2490,-60.88
938.2500,-60.99
938.2510,-60.70
938.2520,-60.18
938.2529,-60.11
938.2539,-60.11
938.2549,-60.26
938.2559,-60.34
938.2568,-60.72
938.2578,-61.18
938.2588,-61.24
938.2598,-61.13
938.2607,-60.68
938.2617,-60.32
938.2627,-60.37
938.2637,-60.41
938.2646,-60.86
938.2656,-61.31
938.2666,-61.28
938.2676,-61.39
938.2686,-61.07
938.2695,-60.86
938.2705,-60.59
938.2715,-60.28
938.2725,-60.67
938.2734,-61.06
938.2744,-61.26
938.2754,-61.44
938.2764,-60.98
938.2773,-60.53
938.2783,-60.25
938.2793,-59.97
938.2803,-60.57
938.2812,-61.08
938.2822,-61.20
938.2832,-61.46
938.2842,-61.27
938.2852,-61.05
938.2861,-60.90
938.2871,-60.79
938.2881,-60.83
938.2891,-60.84
938.2900,-60.51
938.2910,-60.31
938.2920,-60.51
938.2930,-60.66
938.2939,-60.66
938.2949,-60.62
938.2959,-60.96
938.2969,-61.26
938.2979,-61.42
938.2988,-61.57
938.2998,-61.30
938.3008,-61.03
938.3018,-60.63
938.3027,-60.23
938.3037,-60.64
938.3047,-61.06
938.3057,-61.26
938.3066,-61.46
938.3076,-61.25
938.3086,-61.05
938.3096,-60.58
938.3105,-60.12
938.3115,-60.57
938.3125,-61.03
938.3135,-61.27
938.3145,-61.51
938.3154,-61.26
938.3164,-61.01
938.3174,-60.17
938.3184,-59.33
938.3193,-59.77
938.3203,-60.21
938.3213,-60.80
938.3223,-61.40
938.3232,-61.39
938.3242,-61.38
938.3252,-61.12
938.3262,-60.86
938.3271,-60.95
938.3281,-61.05
938.3291,-61.22
938.3301,-61.40
938.3311,-61.28
938.3320,-61.16
938.3330,-60.84
938.3340,-60.53
938.3350,-60.65
938.3359,-60.77
938.3369,-60.51
938.3379,-60.25
938.3389,-60.32
938.3398,-60.38
938.3408,-60.20
938.3418,-60.01
938.3428,-60.12
938.3438,-60.23
938.3447,-60.81
938.3457,-61.39
938.3467,-61.42
938.3477,-61.46
938.3486,-60.95
938.3496,-60.45
938.3506,-60.38
938.3516,-60.31
938.3525,-60.81
938.3535,-61.32
938.3545,-61.32
938.3555,-61.32
938.3564,-61.01
938.3574,-60.71
938.3584,-60.69
938.3594,-60.67
938.3604,-61.01
938.3613,-61.34
938.3623,-61.31
938.3633,-61.28
938.3643,-60.42
938.3652,-59.56
938.3662,-59.01
938.3672,-58.45
938.3682,-59.55
938.3691,-60.65
938.3701,-61.01
938.3711,-61.36
938.3721,-61.33
938.3730,-61.30
938.3740,-61.14
938.3750,-60.98
938.3760,-61.10
938.3770,-61.23
938.3779,-61.24
938.3789,-61.25
938.3799,-60.80
938.3809,-60.35
938.3818,-60.37
938.3828,-60.38
938.3838,-60.40
938.3848,-60.42
938.3857,-60.34
938.3867,-60.26
938.3877,-60.43
938.3887,-60.60
938.3896,-60.06
938.3906,-59.51
938.3916,-60.09
938.3926,-60.66
938.3936,-60.98
938.3945,-61.30
938.3955,-61.13
938.3965,-60.95
938.3975,-60.13
938.3984,-59.30
938.3994,-59.82
938.4004,-60.33
938.4014,-60.78
938.4023,-61.22
938.4033,-61.06
938.4043,-60.90
938.4053,-60.53
938.4062,-60.16
938.4072,-60.43
938.4082,-60.69
938.4092,-61.00
938.4102,-61.31
938.4111,-61.15
938.4121,-60.99
938.4131,-60.05
938.4141,-59.11
938.4150,-59.39
938.4160,-59.67
938.4170,-60.18
938.4180,-60.69
938.4189,-60.74
938.4199,-60.79
938.4209,-60.53
938.4219,-60.27
938.4229,-60.35
938.4238,-60.43
938.4248,-60.71
938.4258,-61.00
938.4268,-61.03
938.4277,-61.07
938.4287,-60.71
938.4297,-60.36
938.4307,-60.19
938.4316,-60.02
938.4326,-59.99
938.4336,-59.96
938.4346,-60.39
938.4355,-60.82
938.4365,-60.53
938.4375,-60.25
938.4385,-60.06
938.4395,-59.87
938.4404,-60.47
938.4414,-61.08
938.4424,-61.13
938.4434,-61.18
938.4443,-60.59
938.4453,-59.99
938.4463,-59.71
938.4473,-59.42
938.4482,-60.11
938.4492,-60.80
938.4502,-60.87
938.4512,-60.93
938.4521,-60.42
938.4531,-59.91
938.4541,-59.44
938.4551,-58.97
938.4561,-59.83
938.4570,-60.69
938.4580,-60.78
938.4590,-60.86
938.4600,-60.76
938.4609,-60.66
938.4619,-60.47
938.4629,-60.28
938.4639,-60.59
938.4648,-60.89
938.4658,-61.08
938.4668,-61.27
938.4678,-61.03
938.4688,-60.79
938.4697,-60.42
938.4707,-60.06
938.4717,-60.52
938.4727,-60.98
938.4736,-61.19
938.4746,-61.41
938.4756,-61.05
938.4766,-60.68
938.4775,-59.90
938.4785,-59.12
938.4795,-59.34
938.4805,-59.56
938.4814,-59.95
938.4824,-60.35
938.4834,-60.66
938.4844,-60.97
938.4854,-60.27
938.4863,-59.57
938.4873,-59.94
938.4883,-60.31
938.4893,-60.74
938.4902,-61.18
938.4912,-61.13
938.4922,-61.09
938.4932,-60.75
938.4941,-60.41
938.4951,-60.60
938.4961,-60.80
938.4971,-60.96
938.4980,-61.13
938.4990,-60.96
938.5000,-60.78
938.5010,-59.65
938.5020,-58.51
938.5029,-58.76
938.5039,-59.02
938.5049,-60.06
938.5059,-61.11
938.5068,-61.10
938.5078,-61.10
938.5088,-60.77
938.5098,-60.45
938.5107,-60.64
938.5117,-60.83
938.5127,-61.11
938.5137,-61.40
938.5146,-61.28
938.5156,-61.17
938.5166,-60.90
938.5176,-60.64
938.5186,-60.67
938.5195,-60.71
938.5205,-60.98
938.5215,-61.24
938.5225,-61.23
938.5234,-61.21
938.5244,-60.48
938.5254,-59.75
938.5264,-59.27
938.5273,-58.78
938.5283,-59.25
938.5293,-59.71
938.5303,-60.34
938.5312,-60.97
938.5322,-60.57
938.5332,-60.17
938.5342,-59.72
938.5352,-59.28
938.5361,-60.17
938.5371,-61.07
938.5381,-61.16
938.5391,-61.25
938.5400,-60.94
938.5410,-60.62
938.5420,-60.34
938.5430,-60.07
938.5439,-60.56
938.5449,-61.06
938.5459,-61.17
938.5469,-61.27
938.5479,-60.88
938.5488,-60.49
938.5498,-59.83
938.5508,-59.17
938.5518,-59.86
938.5527,-60.55
938.5537,-60.87
938.5547,-61.19
938.5557,-60.76
938.5566,-60.32
938.5576,-59.88
938.5586,-59.45
938.5596,-60.13
938.5605,-60.81
938.5615,-61.07
938.5625,-61.33
938.5635,-61.05
938.5645,-60.76
938.5654,-60.24
938.5664,-59.72
938.5674,-60.16
938.5684,-60.60
938.5693,-60.93
938.5703,-61.26
938.5713,-61.11
938.5723,-60.96
938.5732,-60.23
938.5742,-59.50
938.5752,-59.40
938.5762,-59.30
938.5771,-59.88
938.5781,-60.47
938.5791,-60.76
938.5801,-61.06
938.5811,-60.43
938.5820,-59.81
938.5830,-60.03
938.5840,-60.26
938.5850,-60.69
938.5859,-61.12
938.5869,-61.07
938.5879,-61.01
938.5889,-59.99
938.5898,-58.97
938.5908,-59.14
938.5918,-59.30
938.5928,-60.22
938.5938,-61.15
938.5947,-61.18
938.5957,-61.21
938.5967,-61.02
938.5977,-60.84
938.5986,-60.83
938.5996,-60.82
938.6006,-61.02
938.6016,-61.23
938.6025,-61.07
938.6035,-60.91
938.6045,-60.37
938.6055,-59.82
938.6064,-59.95
938.6074,-60.09
938.6084,-60.64
938.6094,-61.18
938.6104,-61.15
938.6113,-61.12
938.6123,-60.37
938.6133,-59.61
938.6143,-59.26
938.6152,-58.90
938.6162,-59.90
938.6172,-60.90
938.6182,-61.08
938.6191,-61.27
938.6201,-60.89
938.6211,-60.51
938.6221,-59.76
938.6230,-59.01
938.6240,-59.44
938.6250,-59.86
938.6260,-60.43
938.6270,-60.99
938.6279,-60.85
938.6289,-60.71
938.6299,-60.46
938.6309,-60.22
938.6318,-60.56
938.6328,-60.91
938.6338,-61.01
938.6348,-61.11
938.6357,-60.72
938.6367,-60.33
938.6377,-59.38
938.6387,-58.43
938.6396,-59.28
938.6406,-60.13
938.6416,-60.58
938.6426,-61.04
938.6436,-60.97
938.6445,-60.89
938.6455,-60.55
938.6465,-60.21
938.6475,-60.51
938.6484,-60.82
938.6494,-60.92
938.6504,-61.03
938.6514,-60.66
938.6523,-60.30
938.6533,-60.16
938.6543,-60.03
938.6553,-60.45
938.6562,-60.88
938.6572,-61.09
938.6582,-61.30
938.6592,-61.13
938.6602,-60.97
938.6611,-60.14
938.6621,-59.30
938.6631,-59.58
938.6641,-59.86
938.6650,-60.43
938.6660,-61.00
938.6670,-60.99
938.6680,-60.97
938.6689,-60.23
938.6699,-59.48
938.6709,-59.23
938.6719,-58.97
938.6729,-59.77
938.6738,-60.56
938.6748,-60.69
938.6758,-60.82
938.6768,-60.26
938.6777,-59.70
938.6787,-59.79
938.6797,-59.88
938.6807,-60.24
938.6816,-60.61
938.6826,-60.36
938.6836,-60.11
938.6846,-60.14
938.6855,-60.16
938.6865,-60.09
938.6875,-60.02
938.6885,-60.45
938.6895,-60.88
938.6904,-60.95
938.6914,-61.01
938.6924,-60.57
938.6934,-60.13
938.6943,-59.96
938.6953,-59.78
938.6963,-60.38
938.6973,-60.98
938.6982,-60.80
938.6992,-60.62
938.7002,-60.19
938.7012,-59.76
938.7021,-59.71
938.7031,-59.67
938.7041,-60.29
938.7051,-60.92
938.7061,-60.99
938.7070,-61.07
938.7080,-60.81
938.7090,-60.56
938.7100,-60.21
938.7109,-59.87
938.7119,-60.30
938.7129,-60.73
938.7139,-60.90
938.7148,-61.07
938.7158,-60.83
938.7168,-60.60
938.7178,-60.01
938.7188,-59.42
938.7197,-59.69
938.7207,-59.96
938.7217,-60.44
938.7227,-60.91
938.7236,-60.63
938.7246,-60.35
938.7256,-59.48
938.7266,-58.61
938.7275,-59.32
938.7285,-60.03
938.7295,-60.48
938.7305,-60.94
938.7314,-60.94
938.7324,-60.95
938.7334,-60.75
938.7344,-60.56
938.7354,-60.63
938.7363,-60.69
938.7373,-60.74
938.7383,-60.79
938.7393,-60.68
938.7402,-60.58
938.7412,-60.24
938.7422,-59.89
938.7432,-60.16
938.7441,-60.42
938.7451,-60.62
938.7461,-60.82
938.7471,-60.51
938.7480,-60.20
938.7490,-59.68
938.7500,-59.16
938.7510,-59.45
938.7520,-59.73
938.7529,-60.31
938.7539,-60.89
938.7549,-60.88
938.7559,-60.86
938.7568,-60.50
938.7578,-60.14
938.7588,-60.18
938.7598,-60.22
938.7607,-60.56
938.7617,-60.89
938.7627,-60.87
938.7637,-60.85
938.7646,-60.35
938.7656,-59.85
938.7666,-59.65
938.7676,-59.45
938.7686,-59.90
938.7695,-60.34
938.7705,-60.50
938.7715,-60.66
938.7725,-60.12
938.7734,-59.57
938.7744,-59.33
938.7754,-59.09
938.7764,-59.76
938.7773,-60.44
938.7783,-60.57
938.7793,-60.70
938.7803,-60.45
938.7812,-60.21
938.7822,-60.02
938.7832,-59.84
938.7842,-60.21
938.7852,-60.58
938.7861,-60.64
938.7871,-60.69
938.7881,-60.44
938.7891,-60.20
938.7900,-60.12
938.7910,-60.05
938.7920,-60.32
938.7930,-60.60
938.7939,-60.48
938.7949,-60.37
938.7959,-60.20
938.7969,-60.03
938.7979,-59.79
938.7988,-59.56
938.7998,-59.87
938.8008,-60.19
938.8018,-60.45
938.8027,-60.71
938.8037,-60.60
938.8047,-60.49
938.8057,-60.21
938.8066,-59.93
938.8076,-60.18
938.8086,-60.42
938.8096,-60.55
938.8105,-60.68
938.8115,-60.43
938.8125,-60.19
938.8135,-59.30
938.8145,-58.41
938.8154,-59.09
938.8164,-59.78
938.8174,-60.27
938.8184,-60.76
938.8193,-60.71
938.8203,-60.65
938.8213,-60.35
938.8223,-60.05
938.8232,-60.12
938.8242,-60.19
938.8252,-60.44
938.8262,-60.68
938.8271,-60.68
938.8281,-60.68
938.8291,-60.20
938.8301,-59.73
938.8311,-59.89
938.8320,-60.06
938.8330,-60.40
938.8340,-60.74
938.8350,-60.57
938.8359,-60.40
938.8369,-60.02
938.8379,-59.64
938.8389,-59.82
938.8398,-60.00
938.8408,-60.20
938.8418,-60.41
938.8428,-60.39
938.8438,-60.38
938.8447,-60.33
938.8457,-60.28
938.8467,-60.29
938.8477,-60.29
938.8486,-60.51
938.8496,-60.73
938.8506,-60.74
938.8516,-60.75
938.8525,-60.60
938.8535,-60.46
938.8545,-60.43
938.8555,-60.41
938.8564,-60.59
938.8574,-60.76
938.8584,-60.72
938.8594,-60.67
938.8604,-59.71
938.8613,-58.74
938.8623,-58.36
938.8633,-57.97
938.8643,-59.14
938.8652,-60.31
938.8662,-60.50
938.8672,-60.70
938.8682,-60.63
938.8691,-60.56
938.8701,-60.47
938.8711,-60.37
938.8721,-60.51
938.8730,-60.65
938.8740,-60.72
938.8750,-60.80
938.8760,-60.56
938.8770,-60.32
938.8779,-60.12
938.8789,-59.93
938.8799,-60.29
938.8809,-60.64
938.8818,-60.69
938.8828,-60.74
938.8838,-60.49
938.8848,-60.25
938.8857,-59.89
938.8867,-59.53
938.8877,-59.91
938.8887,-60.28
938.8896,-60.36
938.8906,-60.44
938.8916,-60.53
938.8926,-60.61
938.8936,-60.48
938.8945,-60.34
938.8955,-60.45
938.8965,-60.56
938.8975,-60.57
938.8984,-60.59
938.8994,-60.59
938.9004,-60.59
938.9014,-60.46
938.9023,-60.32
938.9033,-60.47
938.9043,-60.61
938.9053,-60.69
938.9062,-60.76
938.9072,-60.35
938.9082,-59.95
938.9092,-59.10
938.9102,-58.25
938.9111,-58.77
938.9121,-59.29
938.9131,-59.97
938.9141,-60.65
938.9150,-60.68
938.9160,-60.71
938.9170,-60.44
938.9180,-60.18
938.9189,-60.24
938.9199,-60.30
938.9209,-60.48
938.9219,-60.67
938.9229,-60.52
938.9238,-60.36
938.9248,-60.05
938.9258,-59.73
938.9268,-59.91
938.9277,-60.08
938.9287,-60.36
938.9297,-60.64
938.9307,-60.56
938.9316,-60.48
938.9326,-60.20
938.9336,-59.91
938.9346,-59.88
938.9355,-59.86
938.9365,-60.02
938.9375,-60.18
938.9385,-60.24
938.9395,-60.30
938.9404,-60.26
938.9414,-60.23
938.9424,-60.17
938.9434,-60.12
938.9443,-60.30
938.9453,-60.48
938.9463,-60.40
938.9473,-60.32
938.9482,-60.04
938.9492,-59.76
938.9502,-59.59
938.9512,-59.42
938.9521,-59.83
938.9531,-60.24
938.9541,-60.23
938.9551,-60.23
938.9561,-59.55
938.9570,-58.86
938.9580,-58.84
938.9590,-58.83
938.9600,-59.27
938.9609,-59.72
938.9619,-59.87
938.9629,-60.01
938.9639,-59.85
938.9648,-59.69
938.9658,-59.44
938.9668,-59.19
938.9678,-59.46
938.9688,-59.72
938.9697,-59.82
938.9707,-59.92
938.9717,-59.64
938.9727,-59.37
938.9736,-59.10
938.9746,-58.84
938.9756,-59.05
938.9766,-59.26
938.9775,-59.38
938.9785,-59.51
938.9795,-59.38
938.9805,-59.25
938.9814,-59.02
938.9824,-58.78
938.9834,-58.72
938.9844,-58.67
938.9854,-58.57
938.9863,-58.48
938.9873,-58.39
938.9883,-58.29
938.9893,-58.11
938.9902,-57.92
938.9912,-57.70
938.9922,-57.48
938.9932,-57.09
938.9941,-56.70
938.9951,-56.04
938.9961,-55.38
938.9971,-54.86
938.9980,-54.34
938.9990,-56.52
939.0000,-58.71
939.0010,-56.75
939.0020,-54.79
939.0029,-55.09
939.0039,-55.38
939.0049,-55.71
939.0059,-56.04
939.0068,-56.58
939.0078,-57.12
939.0088,-57.58
939.0098,-58.05
939.0107,-58.29
939.0117,-58.52
939.0127,-58.43
939.0137,-58.34
939.0146,-58.45
939.0156,-58.57
939.0166,-58.85
939.0176,-59.12
939.0186,-59.20
939.0195,-59.27
939.0205,-59.08
939.0215,-58.89
939.0225,-58.87
939.0234,-58.84
939.0244,-59.20
939.0254,-59.56
939.0264,-59.73
939.0273,-59.90
939.0283,-59.81
939.0293,-59.71
939.0303,-59.62
939.0312,-59.53
939.0322,-59.60
939.0332,-59.66
939.0342,-59.79
939.0352,-59.92
939.0361,-60.00
939.0371,-60.09
939.0381,-60.00
939.0391,-59.92
939.0400,-60.07
939.0410,-60.21
939.0420,-60.31
939.0430,-60.40
939.0439,-60.03
939.0449,-59.67
939.0459,-59.14
939.0469,-58.61
939.0479,-59.22
939.0488,-59.83
939.0498,-59.89
939.0508,-59.94
939.0518,-59.58
939.0527,-59.22
939.0537,-59.33
939.0547,-59.45
939.0557,-59.91
939.0566,-60.37
939.0576,-60.45
939.0586,-60.53
939.0596,-60.36
939.0605,-60.19
939.0615,-59.98
939.0625,-59.76
939.0635,-60.04
939.0645,-60.32
939.0654,-60.50
939.0664,-60.68
939.0674,-60.57
939.0684,-60.46
939.0693,-59.97
939.0703,-59.49
939.0713,-59.74
939.0723,-59.98
939.0732,-60.41
939.0742,-60.84
939.0752,-60.83
939.0762,-60.81
939.0771,-60.56
939.0781,-60.31
939.0791,-60.26
939.0801,-60.21
939.0811,-60.25
939.0820,-60.29
939.0830,-60.47
939.0840,-60.65
939.0850,-60.24
939.0859,-59.84
939.0869,-59.99
939.0879,-60.14
939.0889,-60.48
939.0898,-60.83
939.0908,-60.85
939.0918,-60.87
939.0928,-60.41
939.0938,-59.95
939.0947,-59.94
939.0957,-59.92
939.0967,-60.32
939.0977,-60.72
939.0986,-60.25
939.0996,-59.78
939.1006,-59.65
939.1016,-59.51
939.1025,-59.79
939.1035,-60.06
939.1045,-60.54
939.1055,-61.01
939.1064,-60.96
939.1074,-60.92
939.1084,-60.60
939.1094,-60.28
939.1104,-60.24
939.1113,-60.21
939.1123,-60.53
939.1133,-60.85
939.1143,-60.91
939.1152,-60.98
939.1162,-60.83
939.1172,-60.67
939.1182,-60.50
939.1191,-60.33
939.1201,-60.57
939.1211,-60.81
939.1221,-60.95
939.1230,-61.09
939.1240,-60.99
939.1250,-60.89
939.1260,-60.67
939.1270,-60.46
939.1279,-60.49
939.1289,-60.53
939.1299,-60.76
939.1309,-60.99
939.1318,-60.69
939.1328,-60.39
939.1338,-59.62
939.1348,-58.85
939.1357,-59.70
939.1367,-60.55
939.1377,-60.84
939.1387,-61.12
939.1396,-61.04
939.1406,-60.95
939.1416,-60.82
939.1426,-60.69
939.1436,-60.76
939.1445,-60.84
939.1455,-60.60
939.1465,-60.36
939.1475,-59.93
939.1484,-59.49
939.1494,-59.72
939.1504,-59.94
939.1514,-60.38
939.1523,-60.81
939.1533,-61.04
939.1543,-61.26
939.1553,-60.99
939.1562,-60.73
939.1572,-60.27
939.1582,-59.82
939.1592,-60.12
939.1602,-60.41
939.1611,-60.77
939.1621,-61.13
939.1631,-61.16
939.1641,-61.19
939.1650,-61.01
939.1660,-60.83
939.1670,-60.81
939.1680,-60.80
939.1689,-60.94
939.1699,-61.08
939.1709,-61.07
939.1719,-61.06
939.1729,-60.77
939.1738,-60.48
939.1748,-60.35
939.1758,-60.22
939.1768,-60.53
939.1777,-60.83
939.1787,-60.97
939.1797,-61.10
939.1807,-60.17
939.1816,-59.24
939.1826,-59.13
939.1836,-59.03
939.1846,-60.00
939.1855,-60.96
939.1865,-61.08
939.1875,-61.20
939.1885,-61.00
939.1895,-60.80
939.1904,-60.71
939.1914,-60.62
939.1924,-60.75
939.1934,-60.88
939.1943,-60.35
939.1953,-59.82
939.1963,-59.85
939.1973,-59.88
939.1982,-60.22
939.1992,-60.56
939.2002,-60.88
939.2012,-61.20
939.2021,-61.26
939.2031,-61.31
939.2041,-60.93
939.2051,-60.55
939.2061,-60.25
939.2070,-59.95
939.2080,-60.41
939.2090,-60.88
939.2100,-61.07
939.2109,-61.25
939.2119,-61.18
939.2129,-61.11
939.2139,-60.92
939.2148,-60.73
939.2158,-60.86
939.2168,-60.99
939.2178,-61.05
939.2188,-61.11
939.2197,-60.90
939.2207,-60.69
939.2217,-60.03
939.2227,-59.36
939.2236,-59.86
939.2246,-60.35
939.2256,-60.79
939.2266,-61.24
939.2275,-61.08
939.2285,-60.92
939.2295,-60.31
939.2305,-59.70
939.2314,-60.06
939.2324,-60.43
939.2334,-60.81
939.2344,-61.19
939.2354,-61.09
939.2363,-60.99
939.2373,-60.47
939.2383,-59.96
939.2393,-60.22
939.2402,-60.49
939.2412,-60.32
939.2422,-60.16
939.2432,-60.00
939.2441,-59.84
939.2451,-60.00
939.2461,-60.15
939.2471,-60.49
939.2480,-60.82
939.2490,-61.06
939.2500,-61.29
939.2510,-61.22
939.2520,-61.15
939.2529,-60.86
939.2539,-60.56
939.2549,-60.62
939.2559,-60.67
939.2568,-60.90
939.2578,-61.13
939.2588,-61.18
939.2598,-61.22
939.2607,-60.89
939.2617,-60.56
939.2627,-60.55
939.2637,-60.54
939.2646,-60.84
939.2656,-61.14
939.2666,-61.08
939.2676,-61.03
939.2686,-60.07
939.2695,-59.11
939.2705,-58.92
939.2715,-58.73
939.2725,-59.78
939.2734,-60.83
939.2744,-61.04
939.2754,-61.26
939.2764,-61.08
939.2773,-60.90
939.2783,-60.77
939.2793,-60.64
939.2803,-60.80
939.2812,-60.95
939.2822,-61.06
939.2832,-61.16
939.2842,-60.87
939.2852,-60.57
939.2861,-60.41
939.2871,-60.25
939.2881,-60.40
939.2891,-60.54
939.2900,-60.15
939.2910,-59.76
939.2920,-60.03
939.2930,-60.30
939.2939,-60.18
939.2949,-60.06
939.2959,-60.54
939.2969,-61.01
939.2979,-61.19
939.2988,-61.36
939.2998,-61.22
939.3008,-61.08
939.3018,-60.99
939.3027,-60.91
939.3037,-60.97
939.3047,-61.04
939.3057,-61.11
939.3066,-61.18
939.3076,-61.01
939.3086,-60.84
939.3096,-60.33
939.3105,-59.82
939.3115,-60.27
939.3125,-60.72
939.3135,-60.96
939.3145,-61.20
939.3154,-60.95
939.3164,-60.71
939.3174,-59.77
939.3184,-58.82
939.3193,-59.32
939.3203,-59.81
939.3213,-60.50
939.3223,-61.19
939.3232,-61.21
939.3242,-61.23
939.3252,-60.82
939.3262,-60.41
939.3271,-60.55
939.3281,-60.69
939.3291,-60.92
939.3301,-61.15
939.3311,-61.06
939.3320,-60.98
939.3330,-60.88
939.3340,-60.78
939.3350,-60.85
939.3359,-60.92
939.3369,-60.48
939.3379,-60.03
939.3389,-60.15
939.3398,-60.27
939.3408,-60.35
939.3418,-60.42
939.3428,-60.42
939.3438,-60.42
939.3447,-60.76
939.3457,-61.10
939.3467,-61.17
939.3477,-61.24
939.3486,-61.12
939.3496,-61.00
939.3506,-60.97
939.3516,-60.93
939.3525,-61.04
939.3535,-61.15
939.3545,-61.12
939.3555,-61.08
939.3564,-60.37
939.3574,-59.65
939.3584,-59.44
939.3594,-59.22
939.3604,-60.12
939.3613,-61.01
939.3623,-61.05
939.3633,-61.10
939.3643,-60.70
939.3652,-60.29
939.3662,-59.97
939.3672,-59.64
939.3682,-60.24
939.3691,-60.83
939.3701,-61.04
939.3711,-61.24
939.3721,-60.95
939.3730,-60.67
939.3740,-60.36
939.3750,-60.05
939.3760,-60.58
939.3770,-61.11
939.3779,-61.19
939.3789,-61.27
939.3799,-60.98
939.3809,-60.69
939.3818,-60.68
939.3828,-60.68
939.3838,-60.55
939.3848,-60.43
939.3857,-60.25
939.3867,-60.08
939.3877,-60.48
939.3887,-60.87
939.3896,-60.74
939.3906,-60.61
939.3916,-60.74
939.3926,-60.87
939.3936,-61.01
939.3945,-61.16
939.3955,-61.12
939.3965,-61.09
939.3975,-60.77
939.3984,-60.45
939.3994,-60.66
939.4004,-60.87
939.4014,-61.04
939.4023,-61.21
939.4033,-61.00
939.4043,-60.79
939.4053,-59.85
939.4062,-58.91
939.4072,-59.48
939.4082,-60.05
939.4092,-60.68
939.4102,-61.31
939.4111,-61.23
939.4121,-61.15
939.4131,-60.59
939.4141,-60.03
939.4150,-60.17
939.4160,-60.31
939.4170,-60.73
939.4180,-61.16
939.4189,-61.15
939.4199,-61.14
939.4209,-60.92
939.4219,-60.71
939.4229,-60.78
939.4238,-60.85
939.4248,-61.03
939.4258,-61.21
939.4268,-61.12
939.4277,-61.03
939.4287,-60.76
939.4297,-60.49
939.4307,-60.32
939.4316,-60.15
939.4326,-59.95
939.4336,-59.74
939.4346,-60.21
939.4355,-60.67
939.4365,-60.87
939.4375,-61.07
939.4385,-61.01
939.4395,-60.95
939.4404,-61.04
939.4414,-61.12
939.4424,-61.15
939.4434,-61.18
939.4443,-60.72
939.4453,-60.26
939.4463,-60.01
939.4473,-59.75
939.4482,-60.34
939.4492,-60.93
939.4502,-60.99
939.4512,-61.05
939.4521,-60.65
939.4531,-60.25
939.4541,-59.85
939.4551,-59.45
939.4561,-60.15
939.4570,-60.85
939.4580,-61.02
939.4590,-61.20
939.4600,-60.88
939.4609,-60.55
939.4619,-60.20
939.4629,-59.84
939.4639,-60.39
939.4648,-60.95
939.4658,-61.10
939.4668,-61.26
939.4678,-61.11
939.4688,-60.95
939.4697,-60.95
939.4707,-60.96
939.4717,-61.08
939.4727,-61.19
939.4736,-61.24
939.4746,-61.29
939.4756,-61.11
939.4766,-60.92
939.4775,-60.67
939.4785,-60.42
939.4795,-60.10
939.4805,-59.77
939.4814,-59.99
939.4824,-60.21
939.4834,-60.74
939.4844,-61.27
939.4854,-61.12
939.4863,-60.98
939.4873,-60.97
939.4883,-60.96
939.4893,-61.06
939.4902,-61.15
939.4912,-61.06
939.4922,-60.96
939.4932,-60.23
939.4941,-59.51
939.4951,-59.85
939.4961,-60.20
939.4971,-60.71
939.4980,-61.22
939.4990,-61.16
939.5000,-61.11
939.5010,-60.78
939.5020,-60.44
939.5029,-60.49
939.5039,-60.54
939.5049,-60.88
939.5059,-61.22
939.5068,-61.21
939.5078,-61.20
939.5088,-60.83
939.5098,-60.46
939.5107,-60.58
939.5117,-60.69
939.5127,-61.01
939.5137,-61.34
939.5146,-61.21
939.5156,-61.09
939.5166,-60.99
939.5176,-60.89
939.5186,-60.99
939.5195,-61.10
939.5205,-61.21
939.5215,-61.33
939.5225,-61.36
939.5234,-61.40
939.5244,-61.21
939.5254,-61.01
939.5264,-60.65
939.5273,-60.29
939.5283,-60.04
939.5293,-59.80
939.5303,-60.32
939.5312,-60.84
939.5322,-60.86
939.5332,-60.88
939.5342,-60.74
939.5352,-60.61
939.5361,-60.84
939.5371,-61.08
939.5381,-61.16
939.5391,-61.24
939.5400,-60.91
939.5410,-60.58
939.5420,-60.12
939.5430,-59.65
939.5439,-60.23
939.5449,-60.81
939.5459,-60.98
939.5469,-61.16
939.5479,-61.06
939.5488,-60.96
939.5498,-60.75
939.5508,-60.54
939.5518,-60.69
939.5527,-60.84
939.5537,-61.03
939.5547,-61.23
939.5557,-60.99
939.5566,-60.76
939.5576,-60.72
939.5586,-60.68
939.5596,-60.91
939.5605,-61.15
939.5615,-61.21
939.5625,-61.26
939.5635,-61.08
939.5645,-60.90
939.5654,-60.88
939.5664,-60.87
939.5674,-61.02
939.5684,-61.18
939.5693,-61.29
939.5703,-61.41
939.5713,-61.37
939.5723,-61.33
939.5732,-61.00
939.5742,-60.67
939.5752,-60.30
939.5762,-59.94
939.5771,-60.28
939.5781,-60.62
939.5791,-60.87
939.5801,-61.13
939.5811,-60.78
939.5820,-60.43
939.5830,-60.53
939.5840,-60.63
939.5850,-60.91
939.5859,-61.19
939.5869,-61.23
939.5879,-61.27
939.5889,-60.94
939.5898,-60.61
939.5908,-60.64
939.5918,-60.66
939.5928,-60.97
939.5938,-61.29
939.5947,-61.28
939.5957,-61.27
939.5967,-61.17
939.5977,-61.08
939.5986,-61.03
939.5996,-60.99
939.6006,-61.12
939.6016,-61.26
939.6025,-61.18
939.6035,-61.10
939.6045,-60.89
939.6055,-60.68
939.6064,-60.89
939.6074,-61.09
939.6084,-61.23
939.6094,-61.37
939.6104,-61.32
939.6113,-61.28
939.6123,-61.10
939.6133,-60.91
939.6143,-60.85
939.6152,-60.79
939.6162,-60.91
939.6172,-61.03
939.6182,-61.16
939.6191,-61.29
939.6201,-61.25
939.6211,-61.21
939.6221,-60.69
939.6230,-60.17
939.6240,-60.16
939.6250,-60.14
939.6260,-60.62
939.6270,-61.09
939.6279,-61.01
939.6289,-60.92
939.6299,-60.68
939.6309,-60.43
939.6318,-60.80
939.6328,-61.16
939.6338,-61.22
939.6348,-61.28
939.6357,-61.21
939.6367,-61.14
939.6377,-60.98
939.6387,-60.82
939.6396,-60.93
939.6406,-61.04
939.6416,-61.16
939.6426,-61.28
939.6436,-61.28
939.6445,-61.29
939.6455,-61.21
939.6465,-61.13
939.6475,-61.16
939.6484,-61.20
939.6494,-61.18
939.6504,-61.17
939.6514,-60.90
939.6523,-60.64
939.6533,-60.73
939.6543,-60.82
939.6553,-61.03
939.6562,-61.25
939.6572,-61.30
939.6582,-61.36
939.6592,-61.32
939.6602,-61.29
939.6611,-61.14
939.6621,-61.00
939.6631,-61.02
939.6641,-61.04
939.6650,-61.18
939.6660,-61.32
939.6670,-61.29
939.6680,-61.26
939.6689,-60.99
939.6699,-60.72
939.6709,-60.23
939.6719,-59.73
939.6729,-60.25
939.6738,-60.77
939.6748,-60.99
939.6758,-61.21
939.6768,-60.97
939.6777,-60.74
939.6787,-60.80
939.6797,-60.86
939.6807,-61.07
939.6816,-61.29
939.6826,-61.29
939.6836,-61.29
939.6846,-61.23
939.6855,-61.17
939.6865,-61.12
939.6875,-61.08
939.6885,-61.16
939.6895,-61.25
939.6904,-61.27
939.6914,-61.30
939.6924,-61.31
939.6934,-61.31
939.6943,-61.31
939.6953,-61.32
939.6963,-61.39
939.6973,-61.47
939.6982,-61.30
939.6992,-61.13
939.7002,-60.99
939.7012,-60.82
939.7021,-60.96
939.7031,-61.20
939.7041,-61.30
939.7051,-61.29
939.7061,-61.37
939.7070,-61.45
939.7080,-61.42
939.7090,-61.34
939.7100,-61.22
939.7109,-61.28
939.7119,-61.33
939.7129,-61.23
939.7139,-61.29
939.7148,-61.43
939.7158,-61.23
939.7168,-61.01
939.7178,-60.46
939.7188,-59.97
939.7197,-60.19
939.7207,-60.29
939.7217,-60.80
939.7227,-61.33
939.7236,-61.34
939.7246,-61.26
939.7256,-61.03
939.7266,-60.85
939.7275,-60.98
939.7285,-61.12
939.7295,-61.25
939.7305,-61.42
939.7314,-61.38
939.7324,-61.38
939.7334,-61.34
939.7344,-61.25
939.7354,-61.28
939.7363,-61.25
939.7373,-61.30
939.7383,-61.20
939.7393,-61.15
939.7402,-61.20
939.7412,-61.16
939.7422,-61.12
939.7432,-61.23
939.7441,-61.29
939.7451,-61.32
939.7461,-61.29
939.7471,-61.09
939.7480,-60.89
939.7490,-60.92
939.7500,-61.00
939.7510,-61.06
939.7520,-61.11
939.7529,-61.23
939.7539,-61.31
939.7549,-61.37
939.7559,-61.45
939.7568,-61.39
939.7578,-61.30
939.7588,-61.31
939.7598,-61.31
939.7607,-61.37
939.7617,-61.35
939.7627,-61.38
939.7637,-61.32
939.7646,-60.77
939.7656,-60.20
939.7666,-60.09
939.7676,-59.95
939.7686,-60.60
939.7695,-61.17
939.7705,-61.26
939.7715,-61.43
939.7725,-61.23
939.7734,-60.97
939.7744,-60.90
939.7754,-60.87
939.7764,-61.04
939.7773,-61.39
939.7783,-61.47
939.7793,-61.34
939.7803,-61.37
939.7812,-61.24
939.7822,-61.22
939.7832,-61.37
939.7842,-61.42
939.7852,-61.31
939.7861,-61.39
939.7871,-61.26
939.7881,-61.15
939.7891,-61.15
939.7900,-61.18
939.7910,-61.30
939.7920,-61.37
939.7930,-61.34
939.7939,-61.32
939.7949,-61.08
939.7959,-61.10
939.7969,-60.99
939.7979,-60.91
939.7988,-60.83
939.7998,-60.86
939.8008,-60.89
939.8018,-61.04
939.8027,-61.19
939.8037,-61.18
939.8047,-61.16
939.8057,-61.03
939.8066,-60.89
939.8076,-61.03
939.8086,-61.17
939.8096,-61.32
939.8105,-61.47
939.8115,-61.26
939.8125,-61.06
939.8135,-60.40
939.8145,-59.74
939.8154,-60.24
939.8164,-60.74
939.8174,-61.06
939.8184,-61.39
939.8193,-61.31
939.8203,-61.22
939.8213,-60.90
939.8223,-60.58
939.8232,-60.65
939.8242,-60.71
939.8252,-60.97
939.8262,-61.23
939.8271,-61.26
939.8281,-61.28
939.8291,-61.17
939.8301,-61.06
939.8311,-61.13
939.8320,-61.21
939.8330,-61.25
939.8340,-61.29
939.8350,-61.19
939.8359,-61.09
939.8369,-60.97
939.8379,-60.86
939.8389,-60.98
939.8398,-61.10
939.8408,-61.16
939.8418,-61.22
939.8428,-61.15
939.8438,-61.09
939.8447,-61.07
939.8457,-61.05
939.8467,-61.06
939.8477,-61.07
939.8486,-61.21
939.8496,-61.35
939.8506,-61.33
939.8516,-61.32
939.8525,-61.06
939.8535,-60.79
939.8545,-60.71
939.8555,-60.63
939.8564,-60.96
939.8574,-61.28
939.8584,-61.30
939.8594,-61.31
939.8604,-60.70
939.8613,-60.08
939.8623,-59.77
939.8633,-59.46
939.8643,-60.20
939.8652,-60.95
939.8662,-61.13
939.8672,-61.31
939.8682,-61.20
939.8691,-61.09
939.8701,-61.00
939.8711,-60.90
939.8721,-61.04
939.8730,-61.18
939.8740,-61.22
939.8750,-61.25
939.8760,-61.15
939.8770,-61.04
939.8779,-60.94
939.8789,-60.83
939.8799,-60.98
939.8809,-61.14
939.8818,-61.25
939.8828,-61.37
939.8838,-61.19
939.8848,-61.01
939.8857,-60.72
939.8867,-60.43
939.8877,-60.73
939.8887,-61.03
939.8896,-61.06
939.8906,-61.08
939.8916,-61.14
939.8926,-61.19
939.8936,-61.11
939.8945,-61.02
939.8955,-61.09
939.8965,-61.17
939.8975,-61.24
939.8984,-61.30
939.8994,-61.20
939.9004,-61.11
939.9014,-60.75
939.9023,-60.40
939.9033,-60.71
939.9043,-61.02
939.9053,-61.17
939.9062,-61.32
939.9072,-60.89
939.9082,-60.45
939.9092,-59.62
939.9102,-58.78
939.9111,-59.32
939.9121,-59.86
939.9131,-60.53
939.9141,-61.20
939.9150,-61.24
939.9160,-61.28
939.9170,-61.17
939.9180,-61.06
939.9189,-61.10
939.9199,-61.14
939.9209,-61.24
939.9219,-61.35
939.9229,-61.17
939.9238,-61.00
939.9248,-60.80
939.9258,-60.61
939.9268,-60.80
939.9277,-60.99
939.9287,-61.12
939.9297,-61.25
939.9307,-61.22
939.9316,-61.18
939.9326,-60.87
939.9336,-60.56
939.9346,-60.46
939.9355,-60.36
939.9365,-60.66
939.9375,-60.96
939.9385,-60.98
939.9395,-61.00
939.9404,-60.80
939.9414,-60.60
939.9424,-60.47
939.9434,-60.33
939.9443,-60.75
939.9453,-61.17
939.9463,-61.20
939.9473,-61.23
939.9482,-60.85
939.9492,-60.48
939.9502,-60.25
939.9512,-60.01
939.9521,-60.61
939.9531,-61.21
939.9541,-61.20
939.9551,-61.19
939.9561,-60.32
939.9570,-59.44
939.9580,-59.29
939.9590,-59.14
939.9600,-59.94
939.9609,-60.74
939.9619,-61.01
939.9629,-61.28
939.9639,-61.16
939.9648,-61.04
939.9658,-60.82
939.9668,-60.61
939.9678,-60.87
939.9688,-61.14
939.9697,-61.23
939.9707,-61.32
939.9717,-61.07
939.9727,-60.81
939.9736,-60.64
939.9746,-60.47
939.9756,-60.75
939.9766,-61.03
939.9775,-61.19
939.9785,-61.35
939.9795,-61.28
939.9805,-61.20
939.9814,-60.90
939.9824,-60.60
939.9834,-60.76
939.9844,-60.92
939.9854,-60.94
939.9863,-60.97
939.9873,-60.96
939.9883,-60.94
939.9893,-60.47
939.9902,-60.00
939.9912,-60.30
939.9922,-60.60
939.9932,-60.94
939.9941,-61.27
939.9951,-61.14
939.9961,-61.00
939.9971,-60.07
939.9980,-59.14
939.9990,-59.42
940.0000,-59.70
940.0010,-60.43
940.0020,-61.16
940.0029,-60.77
940.0039,-60.38
940.0049,-59.99
940.0059,-59.61
940.0068,-60.19
940.0078,-60.77
940.0088,-61.09
940.0098,-61.40
940.0107,-61.32
940.0117,-61.24
940.0127,-60.90
940.0137,-60.56
940.0146,-60.64
940.0156,-60.72
940.0166,-61.04
940.0176,-61.36
940.0186,-61.33
940.0195,-61.31
940.0205,-60.77
940.0215,-60.22
940.0225,-60.01
940.0234,-59.79
940.0244,-60.40
940.0254,-61.00
940.0264,-61.16
940.0273,-61.32
940.0283,-61.18
940.0293,-61.03
940.0303,-60.86
940.0312,-60.69
940.0322,-60.83
940.0332,-60.97
940.0342,-61.06
940.0352,-61.15
940.0361,-60.88
940.0371,-60.61
940.0381,-60.29
940.0391,-59.98
940.0400,-60.50
940.0410,-61.02
940.0420,-61.14
940.0430,-61.26
940.0439,-60.68
940.0449,-60.10
940.0459,-59.26
940.0469,-58.41
940.0479,-59.38
940.0488,-60.35
940.0498,-60.54
940.0508,-60.74
940.0518,-60.35
940.0527,-59.97
940.0537,-60.12
940.0547,-60.28
940.0557,-60.66
940.0566,-61.04
940.0576,-61.14
940.0586,-61.24
940.0596,-61.03
940.0605,-60.82
940.0615,-60.69
940.0625,-60.56
940.0635,-60.83
940.0645,-61.10
940.0654,-61.21
940.0664,-61.32
940.0674,-61.18
940.0684,-61.05
940.0693,-60.38
940.0703,-59.71
940.0713,-60.04
940.0723,-60.38
940.0732,-60.81
940.0742,-61.24
940.0752,-61.24
940.0762,-61.23
940.0771,-60.73
940.0781,-60.23
940.0791,-60.32
940.0801,-60.41
940.0811,-60.67
940.0820,-60.93
940.0830,-61.00
940.0840,-61.08
940.0850,-60.33
940.0859,-59.58
940.0869,-59.77
940.0879,-59.95
940.0889,-60.55
940.0898,-61.15
940.0908,-61.11
940.0918,-61.08
940.0928,-60.35
940.0938,-59.63
940.0947,-59.63
940.0957,-59.64
940.0967,-60.31
940.0977,-60.99
940.0986,-60.58
940.0996,-60.16
940.1006,-59.99
940.1016,-59.83
940.1025,-60.06
940.1035,-60.30
940.1045,-60.79
940.1055,-61.27
940.1064,-61.20
940.1074,-61.13
940.1084,-60.75
940.1094,-60.37
940.1104,-60.31
940.1113,-60.25
940.1123,-60.65
940.1133,-61.05
940.1143,-61.15
940.1152,-61.26
940.1162,-61.01
940.1172,-60.77
940.1182,-60.51
940.1191,-60.25
940.1201,-60.64
940.1211,-61.04
940.1221,-61.17
940.1230,-61.30
940.1240,-61.02
940.1250,-60.74
940.1260,-60.29
940.1270,-59.84
940.1279,-60.23
940.1289,-60.63
940.1299,-60.87
940.1309,-61.11
940.1318,-60.67
940.1328,-60.22
940.1338,-59.24
940.1348,-58.25
940.1357,-59.26
940.1367,-60.27
940.1377,-60.74
940.1387,-61.20
940.1396,-61.14
940.1406,-61.08
940.1416,-60.86
940.1426,-60.63
940.1436,-60.78
940.1445,-60.94
940.1455,-60.72
940.1465,-60.50
940.1475,-59.93
940.1484,-59.36
940.1494,-59.63
940.1504,-59.89
940.1514,-60.36
940.1523,-60.83
940.1533,-61.07
940.1543,-61.31
940.1553,-61.15
940.1562,-61.00
940.1572,-60.32
940.1582,-59.64
940.1592,-59.58
940.1602,-59.52
940.1611,-59.61
940.1621,-59.69
940.1631,-60.41
940.1641,-61.14
940.1650,-60.92
940.1660,-60.70
940.1670,-60.71
940.1680,-60.72
940.1689,-60.93
940.1699,-61.15
940.1709,-61.13
940.1719,-61.12
940.1729,-60.62
940.1738,-60.12
940.1748,-60.06
940.1758,-60.01
940.1768,-60.44
940.1777,-60.87
940.1787,-60.96
940.1797,-61.05
940.1807,-59.98
940.1816,-58.91
940.1826,-58.79
940.1836,-58.66
940.1846,-59.81
940.1855,-60.95
940.1865,-61.09
940.1875,-61.23
940.1885,-61.02
940.1895,-60.81
940.1904,-60.77
940.1914,-60.73
940.1924,-60.84
940.1934,-60.96
940.1943,-60.51
940.1953,-60.06
940.1963,-60.05
940.1973,-60.05
940.1982,-60.33
940.1992,-60.62
940.2002,-60.92
940.2012,-61.23
940.2021,-61.27
940.2031,-61.30
940.2041,-60.97
940.2051,-60.63
940.2061,-60.26
940.2070,-59.89
940.2080,-60.42
940.2090,-60.95
940.2100,-61.13
940.2109,-61.30
940.2119,-61.13
940.2129,-60.96
940.2139,-60.69
940.2148,-60.43
940.2158,-60.73
940.2168,-61.03
940.2178,-61.16
940.2188,-61.30
940.2197,-60.99
940.2207,-60.68
940.2217,-59.87
940.2227,-59.07
940.2236,-59.68
940.2246,-60.28
940.2256,-60.73
940.2266,-61.19
940.2275,-61.01
940.2285,-60.83
940.2295,-60.23
940.2305,-59.63
940.2314,-60.05
940.2324,-60.48
940.2334,-60.86
940.2344,-61.24
940.2354,-61.16
940.2363,-61.08
940.2373,-60.61
940.2383,-60.14
940.2393,-60.42
940.2402,-60.69
940.2412,-60.54
940.2422,-60.39
940.2432,-60.22
940.2441,-60.05
940.2451,-60.03
940.2461,-60.01
940.2471,-60.33
940.2480,-60.65
940.2490,-60.99
940.2500,-61.33
940.2510,-61.25
940.2520,-61.17
940.2529,-60.90
940.2539,-60.63
940.2549,-60.73
940.2559,-60.83
940.2568,-61.04
940.2578,-61.25
940.2588,-61.26
940.2598,-61.27
940.2607,-61.07
940.2617,-60.87
940.2627,-60.82
940.2637,-60.77
940.2646,-60.94
940.2656,-61.11
940.2666,-61.08
940.2676,-61.06
940.2686,-60.16
940.2695,-59.26
940.2705,-58.97
940.2715,-58.68
940.2725,-59.75
940.2734,-60.82
940.2744,-61.02
940.2754,-61.22
940.2764,-61.11
940.2773,-61.01
940.2783,-60.99
940.2793,-60.96
940.2803,-61.05
940.2812,-61.14
940.2822,-61.19
940.2832,-61.25
940.2842,-60.98
940.2852,-60.72
940.2861,-60.54
940.2871,-60.36
940.2881,-60.48
940.2891,-60.61
940.2900,-60.28
940.2910,-59.95
940.2920,-60.17
940.2930,-60.39
940.2939,-60.20
940.2949,-60.01
940.2959,-60.52
940.2969,-61.02
940.2979,-61.12
940.2988,-61.23
940.2998,-61.08
940.3008,-60.93
940.3018,-60.83
940.3027,-60.73
940.3037,-60.88
940.3047,-61.03
940.3057,-61.09
940.3066,-61.16
940.3076,-61.02
940.3086,-60.88
940.3096,-60.62
940.3105,-60.37
940.3115,-60.61
940.3125,-60.86
940.3135,-61.06
940.3145,-61.25
940.3154,-61.02
940.3164,-60.79
940.3174,-59.88
940.3184,-58.97
940.3193,-59.42
940.3203,-59.88
940.3213,-60.52
940.3223,-61.16
940.3232,-61.16
940.3242,-61.16
940.3252,-60.90
940.3262,-60.63
940.3271,-60.75
940.3281,-60.86
940.3291,-61.05
940.3301,-61.23
940.3311,-61.07
940.3320,-60.90
940.3330,-60.62
940.3340,-60.35
940.3350,-60.45
940.3359,-60.56
940.3369,-60.31
940.3379,-60.05
940.3389,-60.12
940.3398,-60.20
940.3408,-60.32
940.3418,-60.45
940.3428,-60.39
940.3438,-60.33
940.3447,-60.62
940.3457,-60.90
940.3467,-60.94
940.3477,-60.98
940.3486,-60.86
940.3496,-60.74
940.3506,-60.75
940.3516,-60.76
940.3525,-60.89
940.3535,-61.01
940.3545,-61.05
940.3555,-61.08
940.3564,-60.57
940.3574,-60.07
940.3584,-59.88
940.3594,-59.70
940.3604,-60.31
940.3613,-60.93
940.3623,-60.92
940.3633,-60.92
940.3643,-60.70
940.3652,-60.48
940.3662,-60.30
940.3672,-60.11
940.3682,-60.33
940.3691,-60.54
940.3701,-60.70
940.3711,-60.85
940.3721,-60.75
940.3730,-60.66
940.3740,-60.38
940.3750,-60.10
940.3760,-60.44
940.3770,-60.78
940.3779,-60.77
940.3789,-60.76
940.3799,-60.24
940.3809,-59.73
940.3818,-59.71
940.3828,-59.68
940.3838,-59.90
940.3848,-60.12
940.3857,-60.05
940.3867,-59.98
940.3877,-60.28
940.3887,-60.57
940.3896,-60.59
940.3906,-60.61
940.3916,-60.73
940.3926,-60.86
940.3936,-60.93
940.3945,-60.99
940.3955,-60.96
940.3965,-60.93
940.3975,-60.81
940.3984,-60.69
940.3994,-60.73
940.4004,-60.77
940.4014,-60.88
940.4023,-60.99
940.4033,-60.78
940.4043,-60.58
940.4053,-59.72
940.4062,-58.86
940.4072,-59.19
940.4082,-59.53
940.4092,-60.15
940.4102,-60.77
940.4111,-60.68
940.4121,-60.58
940.4131,-60.51
940.4141,-60.44
940.4150,-60.22
940.4160,-59.99
940.4170,-59.75
940.4180,-59.50
940.4189,-59.77
940.4199,-60.05
940.4209,-59.99
940.4219,-59.92
940.4229,-60.04
940.4238,-60.16
940.4248,-60.35
940.4258,-60.54
940.4268,-60.59
940.4277,-60.64
940.4287,-60.39
940.4297,-60.14
940.4307,-59.97
940.4316,-59.79
940.4326,-59.68
940.4336,-59.57
940.4346,-59.87
940.4355,-60.18
940.4365,-60.26
940.4375,-60.33
940.4385,-60.12
940.4395,-59.91
940.4404,-60.04
940.4414,-60.17
940.4424,-60.18
940.4434,-60.19
940.4443,-59.75
940.4453,-59.32
940.4463,-59.20
940.4473,-59.08
940.4482,-59.49
940.4492,-59.90
940.4502,-59.97
940.4512,-60.03
940.4521,-59.83
940.4531,-59.63
940.4541,-59.44
940.4551,-59.25
940.4561,-59.61
940.4570,-59.98
940.4580,-60.00
940.4590,-60.03
940.4600,-60.01
940.4609,-60.00
940.4619,-59.86
940.4629,-59.73
940.4639,-59.97
940.4648,-60.20
940.4658,-60.24
940.4668,-60.28
940.4678,-60.05
940.4688,-59.81
940.4697,-59.54
940.4707,-59.26
940.4717,-59.51
940.4727,-59.75
940.4736,-59.81
940.4746,-59.86
940.4756,-59.67
940.4766,-59.48
940.4775,-59.22
940.4785,-58.97
940.4795,-58.67
940.4805,-58.38
940.4814,-58.41
940.4824,-58.45
940.4834,-58.72
940.4844,-58.98
940.4854,-58.70
940.4863,-58.42
940.4873,-58.35
940.4883,-58.28
940.4893,-58.19
940.4902,-58.10
940.4912,-57.82
940.4922,-57.55
940.4932,-57.08
940.4941,-56.61
940.4951,-56.06
940.4961,-55.50
940.4971,-55.10
940.4980,-54.69
940.4990,-56.74
940.5000,-58.79
940.5010,-56.67
940.5020,-54.55
940.5029,-55.01
940.5039,-55.47
940.5049,-56.20
940.5059,-56.92
940.5068,-57.33
940.5078,-57.73
940.5088,-57.76
940.5098,-57.79
940.5107,-57.96
940.5117,-58.13
940.5127,-58.50
940.5137,-58.88
940.5146,-58.89
940.5156,-58.91
940.5166,-58.79
940.5176,-58.68
940.5186,-58.84
940.5195,-59.00
940.5205,-59.30
940.5215,-59.59
940.5225,-59.63
940.5234,-59.67
940.5244,-59.66
940.5254,-59.66
940.5264,-59.49
940.5273,-59.32
940.5283,-59.20
940.5293,-59.08
940.5303,-59.45
940.5312,-59.83
940.5322,-59.89
940.5332,-59.95
940.5342,-59.90
940.5352,-59.85
940.5361,-60.06
940.5371,-60.27
940.5381,-60.34
940.5391,-60.41
940.5400,-60.18
940.5410,-59.95
940.5420,-59.61
940.5430,-59.26
940.5439,-59.72
940.5449,-60.17
940.5459,-60.33
940.5469,-60.49
940.5479,-60.39
940.5488,-60.28
940.5498,-60.14
940.5508,-60.00
940.5518,-60.24
940.5527,-60.49
940.5537,-60.61
940.5547,-60.73
940.5557,-60.53
940.5566,-60.33
940.5576,-59.95
940.5586,-59.56
940.5596,-60.00
940.5605,-60.45
940.5615,-60.62
940.5625,-60.80
940.5635,-60.62
940.5645,-60.44
940.5654,-60.05
940.5664,-59.65
940.5674,-59.99
940.5684,-60.34
940.5693,-60.63
940.5703,-60.93
940.5713,-60.90
940.5723,-60.87
940.5732,-60.58
940.5742,-60.29
940.5752,-60.02
940.5762,-59.76
940.5771,-60.03
940.5781,-60.31
940.5791,-60.58
940.5801,-60.85
940.5811,-60.74
940.5820,-60.63
940.5830,-60.66
940.5840,-60.68
940.5850,-60.79
940.5859,-60.89
940.5869,-60.91
940.5879,-60.93
940.5889,-60.17
940.5898,-59.40
940.5908,-59.45
940.5918,-59.50
940.5928,-60.20
940.5938,-60.91
940.5947,-60.97
940.5957,-61.04
940.5967,-60.87
940.5977,-60.70
940.5986,-60.70
940.5996,-60.71
940.6006,-60.89
940.6016,-61.08
940.6025,-61.01
940.6035,-60.93
940.6045,-60.53
940.6055,-60.14
940.6064,-60.15
940.6074,-60.16
940.6084,-60.61
940.6094,-61.06
940.6104,-61.06
940.6113,-61.07
940.6123,-60.70
940.6133,-60.33
940.6143,-60.14
940.6152,-59.95
940.6162,-60.45
940.6172,-60.95
940.6182,-61.07
940.6191,-61.19
940.6201,-61.00
940.6211,-60.81
940.6221,-60.25
940.6230,-59.68
940.6240,-59.91
940.6250,-60.14
940.6260,-60.60
940.6270,-61.05
940.6279,-60.90
940.6289,-60.76
940.6299,-60.56
940.6309,-60.36
940.6318,-60.70
940.6328,-61.03
940.6338,-61.12
940.6348,-61.21
940.6357,-60.93
940.6367,-60.65
940.6377,-60.01
940.6387,-59.38
940.6396,-59.96
940.6406,-60.55
940.6416,-60.85
940.6426,-61.16
940.6436,-61.06
940.6445,-60.97
940.6455,-60.50
940.6465,-60.02
940.6475,-60.39
940.6484,-60.75
940.6494,-60.98
940.6504,-61.21
940.6514,-60.98
940.6523,-60.75
940.6533,-60.39
940.6543,-60.02
940.6553,-60.39
940.6562,-60.76
940.6572,-61.04
940.6582,-61.31
940.6592,-61.25
940.6602,-61.20
940.6611,-60.93
940.6621,-60.67
940.6631,-60.78
940.6641,-60.90
940.6650,-61.13
940.6660,-61.36
940.6670,-61.33
940.6680,-61.30
940.6689,-60.97
940.6699,-60.63
940.6709,-60.20
940.6719,-59.78
940.6729,-60.29
940.6738,-60.81
940.6748,-60.97
940.6758,-61.13
940.6768,-60.22
940.6777,-59.31
940.6787,-59.33
940.6797,-59.34
940.6807,-60.25
940.6816,-61.16
940.6826,-61.18
940.6836,-61.20
940.6846,-61.04
940.6855,-60.89
940.6865,-60.80
940.6875,-60.70
940.6885,-60.94
940.6895,-61.17
940.6904,-61.22
940.6914,-61.26
940.6924,-60.85
940.6934,-60.44
940.6943,-60.23
940.6953,-60.01
940.6963,-60.60
940.6973,-61.20
940.6982,-61.20
940.6992,-61.20
940.7002,-60.78
940.7012,-60.35
940.7021,-60.10
940.7031,-59.85
940.7041,-60.49
940.7051,-61.13
940.7061,-61.24
940.7070,-61.35
940.7080,-61.26
940.7090,-61.17
940.7100,-60.99
940.7109,-60.81
940.7119,-61.03
940.7129,-61.24
940.7139,-61.31
940.7148,-61.38
940.7158,-61.26
940.7168,-61.14
940.7178,-60.75
940.7188,-60.36
940.7197,-60.41
940.7207,-60.46
940.7217,-60.86
940.7227,-61.25
940.7236,-60.87
940.7246,-60.49
940.7256,-59.22
940.7266,-57.94
940.7275,-58.91
940.7285,-59.88
940.7295,-60.63
940.7305,-61.37
940.7314,-61.32
940.7324,-61.28
940.7334,-61.05
940.7344,-60.82
940.7354,-61.01
940.7363,-61.20
940.7373,-61.24
940.7383,-61.28
940.7393,-61.21
940.7402,-61.13
940.7412,-60.79
940.7422,-60.46
940.7432,-60.68
940.7441,-60.90
940.7451,-61.14
940.7461,-61.38
940.7471,-61.21
940.7480,-61.05
940.7490,-60.64
940.7500,-60.23
940.7510,-60.40
940.7520,-60.56
940.7529,-60.98
940.7539,-61.39
940.7549,-61.45
940.7559,-61.51
940.7568,-61.25
940.7578,-61.00
940.7588,-61.02
940.7598,-61.04
940.7607,-61.26
940.7617,-61.48
940.7627,-61.44
940.7637,-61.40
940.7646,-60.40
940.7656,-59.39
940.7666,-59.23
940.7676,-59.06
940.7686,-60.11
940.7695,-61.16
940.7705,-61.29
940.7715,-61.43
940.7725,-60.70
940.7734,-59.96
940.7744,-59.66
940.7754,-59.37
940.7764,-60.23
940.7773,-61.09
940.7783,-61.26
940.7793,-61.42
940.7803,-61.03
940.7812,-60.64
940.7822,-60.39
940.7832,-60.14
940.7842,-60.73
940.7852,-61.32
940.7861,-61.36
940.7871,-61.41
940.7881,-61.11
940.7891,-60.82
940.7900,-60.64
940.7910,-60.46
940.7920,-60.88
940.7930,-61.30
940.7939,-61.35
940.7949,-61.39
940.7959,-61.29
940.7969,-61.19
940.7979,-61.06
940.7988,-60.93
940.7998,-61.07
940.8008,-61.22
940.8018,-61.32
940.8027,-61.41
940.8037,-61.35
940.8047,-61.29
940.8057,-61.14
940.8066,-60.98
940.8076,-61.13
940.8086,-61.27
940.8096,-61.43
940.8105,-61.58
940.8115,-60.96
940.8125,-60.33
940.8135,-58.58
940.8145,-56.84
940.8154,-58.02
940.8164,-59.20
940.8174,-60.40
940.8184,-61.60
940.8193,-61.51
940.8203,-61.42
940.8213,-61.22
940.8223,-61.01
940.8232,-61.09
940.8242,-61.16
940.8252,-61.33
940.8262,-61.49
940.8271,-61.42
940.8281,-61.35
940.8291,-60.84
940.8301,-60.33
940.8311,-60.57
940.8320,-60.82
940.8330,-61.14
940.8340,-61.47
940.8350,-61.33
940.8359,-61.19
940.8369,-60.80
940.8379,-60.41
940.8389,-60.57
940.8398,-60.72
940.8408,-61.12
940.8418,-61.51
940.8428,-61.46
940.8438,-61.42
940.8447,-61.37
940.8457,-61.33
940.8467,-61.31
940.8477,-61.30
940.8486,-61.43
940.8496,-61.57
940.8506,-61.54
940.8516,-61.51
940.8525,-61.15
940.8535,-60.78
940.8545,-60.73
940.8555,-60.69
940.8564,-61.10
940.8574,-61.52
940.8584,-61.51
940.8594,-61.49
940.8604,-60.09
940.8613,-58.68
940.8623,-58.04
940.8633,-57.40
940.8643,-59.10
940.8652,-60.79
940.8662,-61.15
940.8672,-61.51
940.8682,-61.34
940.8691,-61.18
940.8701,-61.04
940.8711,-60.91
940.8721,-61.19
940.8730,-61.47
940.8740,-61.52
940.8750,-61.57
940.8760,-61.40
940.8770,-61.22
940.8779,-61.06
940.8789,-60.90
940.8799,-61.17
940.8809,-61.45
940.8818,-61.54
940.8828,-61.63
940.8838,-61.45
940.8848,-61.28
940.8857,-61.02
940.8867,-60.76
940.8877,-61.00
940.8887,-61.25
940.8896,-61.31
940.8906,-61.38
940.8916,-61.40
940.8926,-61.43
940.8936,-61.34
940.8945,-61.25
940.8955,-61.32
940.8965,-61.40
940.8975,-61.48
940.8984,-61.56
940.8994,-61.30
940.9004,-61.05
940.9014,-59.94
940.9023,-58.83
940.9033,-59.50
940.9043,-60.17
940.9053,-60.88
940.9062,-61.58
940.9072,-61.23
940.9082,-60.87
940.9092,-60.04
940.9102,-59.21
940.9111,-59.70
940.9121,-60.18
940.9131,-60.83
940.9141,-61.48
940.9150,-61.50
940.9160,-61.51
940.9170,-61.04
940.9180,-60.56
940.9189,-60.67
940.9199,-60.77
940.9209,-61.20
940.9219,-61.63
940.9229,-61.56
940.9238,-61.49
940.9248,-61.23
940.9258,-60.97
940.9268,-61.04
940.9277,-61.12
940.9287,-61.34
940.9297,-61.57
940.9307,-61.57
940.9316,-61.57
940.9326,-61.50
940.9336,-61.43
940.9346,-61.40
940.9355,-61.38
940.9365,-61.40
940.9375,-61.41
940.9385,-61.44
940.9395,-61.47
940.9404,-61.46
940.9414,-61.46
940.9424,-61.40
940.9434,-61.34
940.9443,-61.46
940.9453,-61.58
940.9463,-61.62
940.9473,-61.66
940.9482,-60.62
940.9492,-59.58
940.9502,-58.84
940.9512,-58.10
940.9521,-59.57
940.9531,-61.05
940.9541,-61.29
940.9551,-61.53
940.9561,-60.96
940.9570,-60.38
940.9580,-60.54
940.9590,-60.69
940.9600,-61.07
940.9609,-61.46
940.9619,-61.54
940.9629,-61.63
940.9639,-61.47
940.9648,-61.31
940.9658,-61.03
940.9668,-60.74
940.9678,-61.08
940.9688,-61.42
940.9697,-61.54
940.9707,-61.67
940.9717,-61.53
940.9727,-61.38
940.9736,-61.24
940.9746,-61.09
940.9756,-61.25
940.9766,-61.40
940.9775,-61.51
940.9785,-61.62
940.9795,-61.65
940.9805,-61.67
940.9814,-61.54
940.9824,-61.40
940.9834,-61.48
940.9844,-61.56
940.9854,-61.54
940.9863,-61.52
940.9873,-61.43
940.9883,-61.33
940.9893,-60.88
940.9902,-60.43
940.9912,-60.73
940.9922,-61.03
940.9932,-61.33
940.9941,-61.63
940.9951,-61.50
940.9961,-61.36
940.9971,-60.37
940.9980,-59.38
940.9990,-59.70
941.0000,-60.01
941.0010,-60.85
941.0020,-61.68
941.0029,-61.38
941.0039,-61.08
941.0049,-60.58
941.0059,-60.07
941.0068,-60.52
941.0078,-60.96
941.0088,-61.29
941.0098,-61.63
941.0107,-61.65
941.0117,-61.68
941.0127,-61.57
941.0137,-61.45
941.0146,-61.46
941.0156,-61.46
941.0166,-61.57
941.0176,-61.67
941.0186,-61.65
941.0195,-61.62
941.0205,-61.56
941.0215,-61.51
941.0225,-61.45
941.0234,-61.39
941.0244,-61.50
941.0254,-61.61
941.0264,-61.60
941.0273,-61.60
941.0283,-61.57
941.0293,-61.55
941.0303,-61.48
941.0312,-61.42
941.0322,-61.48
941.0332,-61.54
941.0342,-61.59
941.0352,-61.63
941.0361,-61.05
941.0371,-60.47
941.0381,-59.90
941.0391,-59.32
941.0400,-60.26
941.0410,-61.19
941.0420,-61.39
941.0430,-61.58
941.0439,-61.39
941.0449,-61.20
941.0459,-60.95
941.0469,-60.69
941.0479,-61.00
941.0488,-61.31
941.0498,-61.29
941.0508,-61.26
941.0518,-60.94
941.0527,-60.62
941.0537,-60.60
941.0547,-60.58
941.0557,-61.07
941.0566,-61.56
941.0576,-61.67
941.0586,-61.78
941.0596,-61.69
941.0605,-61.59
941.0615,-61.46
941.0625,-61.34
941.0635,-61.45
941.0645,-61.57
941.0654,-61.63
941.0664,-61.68
941.0674,-61.69
941.0684,-61.70
941.0693,-61.60
941.0703,-61.51
941.0713,-61.53
941.0723,-61.55
941.0732,-61.62
941.0742,-61.69
941.0752,-61.72
941.0762,-61.74
941.0771,-61.59
941.0781,-61.44
941.0791,-61.43
941.0801,-61.42
941.0811,-61.49
941.0820,-61.55
941.0830,-61.55
941.0840,-61.54
941.0850,-60.74
941.0859,-59.94
941.0869,-60.14
941.0879,-60.33
941.0889,-61.03
941.0898,-61.73
941.0908,-61.74
941.0918,-61.75
941.0928,-61.53
941.0938,-61.31
941.0947,-61.34
941.0957,-61.37
941.0967,-61.52
941.0977,-61.67
941.0986,-61.29
941.0996,-60.92
941.1006,-60.99
941.1016,-61.06
941.1025,-61.27
941.1035,-61.47
941.1045,-61.62
941.1055,-61.77
941.1064,-61.80
941.1074,-61.83
941.1084,-61.72
941.1094,-61.61
941.1104,-61.55
941.1113,-61.50
941.1123,-61.56
941.1133,-61.61
941.1143,-61.68
941.1152,-61.75
941.1162,-61.66
941.1172,-61.58
941.1182,-61.44
941.1191,-61.31
941.1201,-61.46
941.1211,-61.61
941.1221,-61.71
941.1230,-61.81
941.1240,-61.57
941.1250,-61.33
941.1260,-61.06
941.1270,-60.79
941.1279,-61.09
941.1289,-61.38
941.1299,-61.52
941.1309,-61.66
941.1318,-61.55
941.1328,-61.44
941.1338,-61.17
941.1348,-60.90
941.1357,-61.22
941.1367,-61.54
941.1377,-61.65
941.1387,-61.76
941.1396,-61.63
941.1406,-61.51
941.1416,-61.24
941.1426,-60.96
941.1436,-61.18
941.1445,-61.39
941.1455,-61.27
941.1465,-61.15
941.1475,-60.82
941.1484,-60.49
941.1494,-60.94
941.1504,-61.39
941.1514,-61.53
941.1523,-61.66
941.1533,-61.69
941.1543,-61.73
941.1553,-61.70
941.1562,-61.67
941.1572,-61.58
941.1582,-61.50
941.1592,-61.51
941.1602,-61.53
941.1611,-61.62
941.1621,-61.71
941.1631,-61.73
941.1641,-61.75
941.1650,-61.62
941.1660,-61.50
941.1670,-61.53
941.1680,-61.55
941.1689,-61.70
941.1699,-61.85
941.1709,-61.82
941.1719,-61.79
941.1729,-61.33
941.1738,-60.87
941.1748,-60.83
941.1758,-60.79
941.1768,-61.17
941.1777,-61.54
941.1787,-61.59
941.1797,-61.64
941.1807,-61.49
941.1816,-61.35
941.1826,-61.37
941.1836,-61.39
941.1846,-61.52
941.1855,-61.65
941.1865,-61.69
941.1875,-61.73
941.1885,-61.57
941.1895,-61.41
941.1904,-61.37
941.1914,-61.33
941.1924,-61.41
941.1934,-61.50
941.1943,-61.16
941.1953,-60.82
941.1963,-60.88
941.1973,-60.94
941.1982,-61.20
941.1992,-61.63
941.2002,-61.78
941.2012,-61.75
941.2021,-61.78
941.2031,-61.96
941.2041,-61.89
941.2051,-61.68
941.2061,-61.56
941.2070,-61.72
941.2080,-61.79
941.2090,-61.65
941.2100,-61.74
941.2109,-61.90
941.2119,-61.84
941.2129,-61.69
941.2139,-61.54
941.2148,-61.46
941.2158,-61.53
941.2168,-61.43
941.2178,-61.53
941.2188,-61.54
941.2197,-61.55
941.2207,-61.50
941.2217,-61.33
941.2227,-60.97
941.2236,-61.15
941.2246,-61.34
941.2256,-61.46
941.2266,-61.55
941.2275,-61.56
941.2285,-61.70
941.2295,-61.61
941.2305,-61.36
941.2314,-61.50
941.2324,-61.68
941.2334,-61.73
941.2344,-61.77
941.2354,-61.74
941.2363,-61.84
941.2373,-61.63
941.2383,-61.38
941.2393,-61.38
941.2402,-61.41
941.2412,-61.25
941.2422,-61.17
941.2432,-61.11
941.2441,-60.87
941.2451,-61.06
941.2461,-61.22
941.2471,-61.41
941.2480,-61.64
941.2490,-61.75
941.2500,-61.86
941.2510,-61.85
941.2520,-61.75
941.2529,-61.72
941.2539,-61.66
941.2549,-61.71
941.2559,-61.75
941.2568,-61.84
941.2578,-61.89
941.2588,-61.84
941.2598,-61.82
941.2607,-61.64
941.2617,-61.45
941.2627,-61.42
941.2637,-61.37
941.2646,-61.54
941.2656,-61.80
941.2666,-61.87
941.2676,-61.89
941.2686,-61.70
941.2695,-61.47
941.2705,-61.33
941.2715,-61.18
941.2725,-61.45
941.2734,-61.75
941.2744,-61.81
941.2754,-61.85
941.2764,-61.76
941.2773,-61.62
941.2783,-61.55
941.2793,-61.55
941.2803,-61.63
941.2812,-61.71
941.2822,-61.77
941.2832,-61.83
941.2842,-61.78
941.2852,-61.65
941.2861,-61.67
941.2871,-61.59
941.2881,-61.54
941.2891,-61.38
941.2900,-61.00
941.2910,-61.03
941.2920,-61.35
941.2930,-61.59
941.2939,-61.65
941.2949,-61.74
941.2959,-61.80
941.2969,-61.82
941.2979,-61.86
941.2988,-61.91
941.2998,-61.80
941.3008,-61.69
941.3018,-61.65
941.3027,-61.61
941.3037,-61.72
941.3047,-61.84
941.3057,-61.84
941.3066,-61.84
941.3076,-61.74
941.3086,-61.63
941.3096,-61.48
941.3105,-61.32
941.3115,-61.52
941.3125,-61.71
941.3135,-61.81
941.3145,-61.92
941.3154,-61.82
941.3164,-61.73
941.3174,-61.50
941.3184,-61.26
941.3193,-61.24
941.3203,-61.21
941.3213,-61.49
941.3223,-61.76
941.3232,-61.79
941.3242,-61.81
941.3252,-61.66
941.3262,-61.51
941.3271,-61.56
941.3281,-61.61
941.3291,-61.74
941.3301,-61.86
941.3311,-61.83
941.3320,-61.80
941.3330,-61.72
941.3340,-61.64
941.3350,-61.63
941.3359,-61.61
941.3369,-61.23
941.3379,-60.85
941.3389,-60.93
941.3398,-61.01
941.3408,-61.38
941.3418,-61.75
941.3428,-61.77
941.3438,-61.79
941.3447,-61.83
941.3457,-61.86
941.3467,-61.86
941.3477,-61.85
941.3486,-61.78
941.3496,-61.72
941.3506,-61.70
941.3516,-61.68
941.3525,-61.72
941.3535,-61.75
941.3545,-61.76
941.3555,-61.76
941.3564,-61.54
941.3574,-61.31
941.3584,-61.25
941.3594,-61.19
941.3604,-61.49
941.3613,-61.80
941.3623,-61.75
941.3633,-61.71
941.3643,-61.60
941.3652,-61.48
941.3662,-61.40
941.3672,-61.31
941.3682,-61.50
941.3691,-61.70
941.3701,-61.77
941.3711,-61.83
941.3721,-61.79
941.3730,-61.75
941.3740,-61.68
941.3750,-61.60
941.3760,-61.71
941.3770,-61.82
941.3779,-61.82
941.3789,-61.83
941.3799,-61.72
941.3809,-61.61
941.3818,-61.49
941.3828,-61.38
941.3838,-61.26
941.3848,-61.15
941.3857,-61.01
941.3867,-60.87
941.3877,-61.22
941.3887,-61.57
941.3896,-61.63
941.3906,-61.69
941.3916,-61.73
941.3926,-61.78
941.3936,-61.82
941.3945,-61.86
941.3955,-61.74
941.3965,-61.62
941.3975,-61.55
941.3984,-61.49
941.3994,-61.56
941.4004,-61.63
941.4014,-61.71
941.4023,-61.80
941.4033,-61.70
941.4043,-61.59
941.4053,-61.17
941.4062,-60.75
941.4072,-60.97
941.4082,-61.19
941.4092,-61.50
941.4102,-61.82
941.4111,-61.79
941.4121,-61.75
941.4131,-61.51
941.4141,-61.26
941.4150,-61.36
941.4160,-61.45
941.4170,-61.60
941.4180,-61.76
941.4189,-61.82
941.4199,-61.88
941.4209,-61.77
941.4219,-61.65
941.4229,-61.62
941.4238,-61.59
941.4248,-61.61
941.4258,-61.63
941.4268,-61.66
941.4277,-61.69
941.4287,-61.64
941.4297,-61.58
941.4307,-61.41
941.4316,-61.23
941.4326,-60.92
941.4336,-60.61
941.4346,-61.00
941.4355,-61.39
941.4365,-61.56
941.4375,-61.73
941.4385,-61.69
941.4395,-61.65
941.4404,-61.71
941.4414,-61.78
941.4424,-61.78
941.4434,-61.79
941.4443,-61.56
941.4453,-61.33
941.4463,-61.17
941.4473,-61.01
941.4482,-61.34
941.4492,-61.68
941.4502,-61.70
941.4512,-61.72
941.4521,-61.48
941.4531,-61.24
941.4541,-61.02
941.4551,-60.79
941.4561,-61.18
941.4570,-61.56
941.4580,-61.65
941.4590,-61.74
941.4600,-61.69
941.4609,-61.63
941.4619,-61.47
941.4629,-61.31
941.4639,-61.46
941.4648,-61.61
941.4658,-61.70
941.4668,-61.80
941.4678,-61.76
941.4688,-61.73
941.4697,-61.67
941.4707,-61.62
941.4717,-61.66
941.4727,-61.70
941.4736,-61.76
941.4746,-61.82
941.4756,-61.78
941.4766,-61.73
941.4775,-61.62
941.4785,-61.51
941.4795,-61.11
941.4805,-60.72
941.4814,-60.75
941.4824,-60.78
941.4834,-61.29
941.4844,-61.79
941.4854,-61.77
941.4863,-61.74
941.4873,-61.69
941.4883,-61.64
941.4893,-61.66
941.4902,-61.68
941.4912,-61.65
941.4922,-61.62
941.4932,-61.04
941.4941,-60.47
941.4951,-60.73
941.4961,-60.98
941.4971,-61.36
941.4980,-61.73
941.4990,-61.69
941.5000,-61.65
941.5010,-61.41
941.5020,-61.17
941.5029,-61.26
941.5039,-61.34
941.5049,-61.57
941.5059,-61.80
941.5068,-61.82
941.5078,-61.84
941.5088,-61.72
941.5098,-61.59
941.5107,-61.61
941.5117,-61.63
941.5127,-61.73
941.5137,-61.83
941.5146,-61.84
941.5156,-61.84
941.5166,-61.77
941.5176,-61.70
941.5186,-61.67
941.5195,-61.63
941.5205,-61.68
941.5215,-61.72
941.5225,-61.78
941.5234,-61.83
941.5244,-61.70
941.5254,-61.56
941.5264,-61.33
941.5273,-61.09
941.5283,-60.94
941.5293,-60.80
941.5303,-61.11
941.5312,-61.43
941.5322,-61.47
941.5332,-61.50
941.5342,-61.45
941.5352,-61.39
941.5361,-61.55
941.5371,-61.70
941.5381,-61.73
941.5391,-61.76
941.5400,-61.44
941.5410,-61.11
941.5420,-60.60
941.5430,-60.10
941.5439,-60.72
941.5449,-61.35
941.5459,-61.49
941.5469,-61.63
941.5479,-61.60
941.5488,-61.57
941.5498,-61.49
941.5508,-61.41
941.5518,-61.56
941.5527,-61.71
941.5537,-61.75
941.5547,-61.80
941.5557,-61.70
941.5566,-61.60
941.5576,-61.57
941.5586,-61.54
941.5596,-61.66
941.5605,-61.79
941.5615,-61.82
941.5625,-61.85
941.5635,-61.82
941.5645,-61.78
941.5654,-61.62
941.5664,-61.46
941.5674,-61.52
941.5684,-61.57
941.5693,-61.68
941.5703,-61.78
941.5713,-61.79
941.5723,-61.80
941.5732,-61.59
941.5742,-61.38
941.5752,-61.10
941.5762,-60.83
941.5771,-61.06
941.5781,-61.29
941.5791,-61.45
941.5801,-61.61
941.5811,-61.23
941.5820,-60.84
941.5830,-61.00
941.5840,-61.15
941.5850,-61.43
941.5859,-61.72
941.5869,-61.73
941.5879,-61.75
941.5889,-61.15
941.5898,-60.55
941.5908,-60.58
941.5918,-60.60
941.5928,-61.14
941.5938,-61.68
941.5947,-61.73
941.5957,-61.78
941.5967,-61.74
941.5977,-61.69
941.5986,-61.70
941.5996,-61.70
941.6006,-61.74
941.6016,-61.77
941.6025,-61.76
941.6035,-61.75
941.6045,-61.66
941.6055,-61.57
941.6064,-61.65
941.6074,-61.73
941.6084,-61.78
941.6094,-61.84
941.6104,-61.76
941.6113,-61.68
941.6123,-61.48
941.6133,-61.28
941.6143,-61.25
941.6152,-61.22
941.6162,-61.51
941.6172,-61.80
941.6182,-61.80
941.6191,-61.81
941.6201,-61.72
941.6211,-61.63
941.6221,-61.30
941.6230,-60.97
941.6240,-60.96
941.6250,-60.95
941.6260,-61.38
941.6270,-61.81
941.6279,-61.55
941.6289,-61.29
941.6299,-60.79
941.6309,-60.29
941.6318,-60.85
941.6328,-61.40
941.6338,-61.57
941.6348,-61.74
941.6357,-61.59
941.6367,-61.43
941.6377,-60.99
941.6387,-60.55
941.6396,-60.98
941.6406,-61.40
941.6416,-61.56
941.6426,-61.72
941.6436,-61.72
941.6445,-61.72
941.6455,-61.65
941.6465,-61.58
941.6475,-61.62
941.6484,-61.67
941.6494,-61.72
941.6504,-61.77
941.6514,-61.71
941.6523,-61.66
941.6533,-61.59
941.6543,-61.53
941.6553,-61.61
941.6562,-61.68
941.6572,-61.77
941.6582,-61.87
941.6592,-61.84
941.6602,-61.81
941.6611,-61.58
941.6621,-61.35
941.6631,-61.42
941.6641,-61.49
941.6650,-61.64
941.6660,-61.79
941.6670,-61.75
941.6680,-61.72
941.6689,-61.33
941.6699,-60.94
941.6709,-60.65
941.6719,-60.35
941.6729,-60.86
941.6738,-61.36
941.6748,-61.51
941.6758,-61.66
941.6768,-61.04
941.6777,-60.42
941.6787,-60.42
941.6797,-60.41
941.6807,-61.04
941.6816,-61.66
941.6826,-61.68
941.6836,-61.70
941.6846,-61.52
941.6855,-61.35
941.6865,-61.32
941.6875,-61.29
941.6885,-61.53
941.6895,-61.78
941.6904,-61.74
941.6914,-61.70
941.6924,-61.62
941.6934,-61.55
941.6943,-61.55
941.6953,-61.55
941.6963,-61.66
941.6973,-61.77
941.6982,-61.71
941.6992,-61.66
941.7002,-61.57
941.7012,-61.48
941.7021,-61.39
941.7031,-61.31
941.7041,-61.45
941.7051,-61.60
941.7061,-61.65
941.7070,-61.69
941.7080,-61.70
941.7090,-61.71
941.7100,-61.64
941.7109,-61.57
941.7119,-61.64
941.7129,-61.70
941.7139,-61.71
941.7148,-61.71
941.7158,-61.49
941.7168,-61.27
941.7178,-60.76
941.7188,-60.25
941.7197,-60.54
941.7207,-60.82
941.7217,-61.26
941.7227,-61.69
941.7236,-61.53
941.7246,-61.38
941.7256,-60.77
941.7266,-60.16
941.7275,-60.63
941.7285,-61.10
941.7295,-61.42
941.7305,-61.73
941.7314,-61.73
941.7324,-61.73
941.7334,-61.66
941.7344,-61.58
941.7354,-61.65
941.7363,-61.71
941.7373,-61.71
941.7383,-61.72
941.7393,-61.65
941.7402,-61.58
941.7412,-61.54
941.7422,-61.51
941.7432,-61.56
941.7441,-61.62
941.7451,-61.66
941.7461,-61.69
941.7471,-61.63
941.7480,-61.56
941.7490,-61.41
941.7500,-61.26
941.7510,-61.31
941.7520,-61.37
941.7529,-61.52
941.7539,-61.67
941.7549,-61.69
941.7559,-61.70
941.7568,-61.63
941.7578,-61.57
941.7588,-61.59
941.7598,-61.60
941.7607,-61.66
941.7617,-61.72
941.7627,-61.70
941.7637,-61.69
941.7646,-61.18
941.7656,-60.67
941.7666,-60.58
941.7676,-60.49
941.7686,-61.06
941.7695,-61.63
941.7705,-61.67
941.7715,-61.71
941.7725,-61.38
941.7734,-61.05
941.7744,-60.93
941.7754,-60.81
941.7764,-61.19
941.7773,-61.57
941.7783,-61.61
941.7793,-61.64
941.7803,-61.63
941.7812,-61.62
941.7822,-61.61
941.7832,-61.59
941.7842,-61.65
941.7852,-61.70
941.7861,-61.71
941.7871,-61.71
941.7881,-61.66
941.7891,-61.61
941.7900,-61.56
941.7910,-61.51
941.7920,-61.57
941.7930,-61.64
941.7939,-61.64
941.7949,-61.63
941.7959,-61.60
941.7969,-61.57
941.7979,-61.50
941.7988,-61.42
941.7998,-61.44
941.8008,-61.45
941.8018,-61.50
941.8027,-61.56
941.8037,-61.54
941.8047,-61.52
941.8057,-61.46
941.8066,-61.40
941.8076,-61.48
941.8086,-61.55
941.8096,-61.60
941.8105,-61.65
941.8115,-61.50
941.8125,-61.35
941.8135,-60.73
941.8145,-60.11
941.8154,-60.56
941.8164,-61.00
941.8174,-61.32
941.8184,-61.64
941.8193,-61.58
941.8203,-61.52
941.8213,-61.40
941.8223,-61.29
941.8232,-61.39
941.8242,-61.49
941.8252,-61.57
941.8262,-61.65
941.8271,-61.62
941.8281,-61.59
941.8291,-61.49
941.8301,-61.39
941.8311,-61.46
941.8320,-61.52
941.8330,-61.57
941.8340,-61.61
941.8350,-61.58
941.8359,-61.54
941.8369,-61.46
941.8379,-61.37
941.8389,-61.36
941.8398,-61.35
941.8408,-61.45
941.8418,-61.56
941.8428,-61.53
941.8438,-61.51
941.8447,-61.49
941.8457,-61.47
941.8467,-61.53
941.8477,-61.59
941.8486,-61.60
941.8496,-61.60
941.8506,-61.56
941.8516,-61.51
941.8525,-61.43
941.8535,-61.36
941.8545,-61.37
941.8555,-61.38
941.8564,-61.50
941.8574,-61.62
941.8584,-61.59
941.8594,-61.56
941.8604,-61.08
941.8613,-60.60
941.8623,-60.33
941.8633,-60.05
941.8643,-60.67
941.8652,-61.28
941.8662,-61.39
941.8672,-61.51
941.8682,-61.41
941.8691,-61.30
941.8701,-61.29
941.8711,-61.27
941.8721,-61.40
941.8730,-61.52
941.8740,-61.54
941.8750,-61.57
941.8760,-61.53
941.8770,-61.49
941.8779,-61.46
941.8789,-61.43
941.8799,-61.47
941.8809,-61.52
941.8818,-61.51
941.8828,-61.50
941.8838,-61.50
941.8848,-61.49
941.8857,-61.41
941.8867,-61.33
941.8877,-61.32
941.8887,-61.32
941.8896,-61.30
941.8906,-61.27
941.8916,-61.32
941.8926,-61.37
941.8936,-61.40
941.8945,-61.43
941.8955,-61.42
941.8965,-61.40
941.8975,-61.42
941.8984,-61.43
941.8994,-61.40
941.9004,-61.38
941.9014,-61.19
941.9023,-61.01
941.9033,-61.07
941.9043,-61.13
941.9053,-61.15
941.9062,-61.17
941.9072,-61.07
941.9082,-60.96
941.9092,-60.66
941.9102,-60.36
941.9111,-60.61
941.9121,-60.85
941.9131,-61.06
941.9141,-61.26
941.9150,-61.28
941.9160,-61.31
941.9170,-61.23
941.9180,-61.16
941.9189,-61.13
941.9199,-61.10
941.9209,-61.17
941.9219,-61.24
941.9229,-61.22
941.9238,-61.20
941.9248,-61.08
941.9258,-60.97
941.9268,-60.98
941.9277,-61.00
941.9287,-61.07
941.9297,-61.14
941.9307,-61.15
941.9316,-61.17
941.9326,-61.12
941.9336,-61.08
941.9346,-61.10
941.9355,-61.12
941.9365,-61.09
941.9375,-61.05
941.9385,-61.02
941.9395,-61.00
941.9404,-61.00
941.9414,-61.00
941.9424,-60.98
941.9434,-60.95
941.9443,-60.96
941.9453,-60.97
941.9463,-60.95
941.9473,-60.93
941.9482,-60.84
941.9492,-60.75
941.9502,-60.65
941.9512,-60.54
941.9521,-60.64
941.9531,-60.75
941.9541,-60.72
941.9551,-60.69
941.9561,-60.39
941.9570,-60.09
941.9580,-60.19
941.9590,-60.29
941.9600,-60.43
941.9609,-60.58
941.9619,-60.58
941.9629,-60.59
941.9639,-60.58
941.9648,-60.57
941.9658,-60.49
941.9668,-60.40
941.9678,-60.39
941.9688,-60.39
941.9697,-60.36
941.9707,-60.32
941.9717,-60.27
941.9727,-60.21
941.9736,-60.11
941.9746,-60.02
941.9756,-59.97
941.9766,-59.93
941.9775,-59.88
941.9785,-59.82
941.9795,-59.76
941.9805,-59.70
941.9814,-59.59
941.9824,-59.49
941.9834,-59.37
941.9844,-59.25
941.9854,-59.14
941.9863,-59.03
941.9873,-58.82
941.9883,-58.61
941.9893,-58.43
941.9902,-58.26
941.9912,-58.00
941.9922,-57.74
941.9932,-57.38
941.9941,-57.02
941.9951,-56.35
941.9961,-55.69
941.9971,-55.21
941.9980,-54.74
941.9990,-56.84
942.0000,-58.93
942.0010,-56.86
942.0020,-54.79
942.0029,-55.21
942.0039,-55.63
942.0049,-56.17
942.0059,-56.72
942.0068,-57.23
942.0078,-57.73
942.0088,-58.04
942.0098,-58.34
942.0107,-58.56
942.0117,-58.77
942.0127,-58.93
942.0137,-59.09
942.0146,-59.13
942.0156,-59.18
942.0166,-59.29
942.0176,-59.39
942.0186,-59.52
942.0195,-59.64
942.0205,-59.66
942.0215,-59.68
942.0225,-59.75
942.0234,-59.83
942.0244,-59.91
942.0254,-60.00
942.0264,-60.06
942.0273,-60.13
942.0283,-60.19
942.0293,-60.25
942.0303,-60.26
942.0312,-60.27
942.0322,-60.35
942.0332,-60.42
942.0342,-60.45
942.0352,-60.47
942.0361,-60.49
942.0371,-60.51
942.0381,-60.54
942.0391,-60.56
942.0400,-60.63
942.0410,-60.71
942.0420,-60.75
942.0430,-60.80
942.0439,-60.74
942.0449,-60.68
942.0459,-60.69
942.0469,-60.69
942.0479,-60.79
942.0488,-60.89
942.0498,-60.80
942.0508,-60.71
942.0518,-60.57
942.0527,-60.43
942.0537,-60.49
942.0547,-60.54
942.0557,-60.75
942.0566,-60.96
942.0576,-60.99
942.0586,-61.02
942.0596,-61.00
942.0605,-60.98
942.0615,-60.93
942.0625,-60.87
942.0635,-60.94
942.0645,-61.01
942.0654,-61.06
942.0664,-61.12
942.0674,-61.15
942.0684,-61.18
942.0693,-61.09
942.0703,-60.99
942.0713,-61.03
942.0723,-61.06
942.0732,-61.14
942.0742,-61.22
942.0752,-61.24
942.0762,-61.26
942.0771,-61.16
942.0781,-61.05
942.0791,-61.03
942.0801,-61.02
942.0811,-61.06
942.0820,-61.11
942.0830,-61.20
942.0840,-61.29
942.0850,-61.22
942.0859,-61.15
942.0869,-61.16
942.0879,-61.17
942.0889,-61.25
942.0898,-61.33
942.0908,-61.30
942.0918,-61.27
942.0928,-61.17
942.0938,-61.07
942.0947,-61.11
942.0957,-61.14
942.0967,-61.21
942.0977,-61.28
942.0986,-61.08
942.0996,-60.88
942.1006,-60.89
942.1016,-60.90
942.1025,-61.04
942.1035,-61.18
942.1045,-61.29
942.1055,-61.41
942.1064,-61.42
942.1074,-61.43
942.1084,-61.34
942.1094,-61.24
942.1104,-61.15
942.1113,-61.05
942.1123,-61.16
942.1133,-61.28
942.1143,-61.34
942.1152,-61.40
942.1162,-61.39
942.1172,-61.38
942.1182,-61.36
942.1191,-61.34
942.1201,-61.39
942.1211,-61.43
942.1221,-61.45
942.1230,-61.47
942.1240,-61.44
942.1250,-61.41
942.1260,-61.36
942.1270,-61.32
942.1279,-61.35
942.1289,-61.38
942.1299,-61.42
942.1309,-61.46
942.1318,-61.36
942.1328,-61.25
942.1338,-61.09
942.1348,-60.92
942.1357,-61.14
942.1367,-61.35
942.1377,-61.45
942.1387,-61.54
942.1396,-61.52
942.1406,-61.51
942.1416,-61.43
942.1426,-61.36
942.1436,-61.42
942.1445,-61.49
942.1455,-61.38
942.1465,-61.27
942.1475,-61.07
942.1484,-60.88
942.1494,-61.00
942.1504,-61.13
942.1514,-61.26
942.1523,-61.39
942.1533,-61.51
942.1543,-61.62
942.1553,-61.60
942.1562,-61.58
942.1572,-61.36
942.1582,-61.14
942.1592,-61.24
942.1602,-61.34
942.1611,-61.45
942.1621,-61.56
942.1631,-61.56
942.1641,-61.55
942.1650,-61.51
942.1660,-61.46
942.1670,-61.46
942.1680,-61.46
942.1689,-61.50
942.1699,-61.53
942.1709,-61.56
942.1719,-61.58
942.1729,-61.49
942.1738,-61.41
942.1748,-61.34
942.1758,-61.28
942.1768,-61.39
942.1777,-61.51
942.1787,-61.55
942.1797,-61.60
942.1807,-61.28
942.1816,-60.96
942.1826,-60.89
942.1836,-60.82
942.1846,-61.15
942.1855,-61.49
942.1865,-61.54
942.1875,-61.59
942.1885,-61.53
942.1895,-61.48
942.1904,-61.43
942.1914,-61.39
942.1924,-61.43
942.1934,-61.48
942.1943,-61.28
942.1953,-61.09
942.1963,-61.06
942.1973,-61.03
942.1982,-61.03
942.1992,-61.02
942.2002,-61.28
942.2012,-61.54
942.2021,-61.60
942.2031,-61.65
942.2041,-61.56
942.2051,-61.47
942.2061,-61.44
942.2070,-61.41
942.2080,-61.53
942.2090,-61.66
942.2100,-61.66
942.2109,-61.67
942.2119,-61.62
942.2129,-61.57
942.2139,-61.50
942.2148,-61.44
942.2158,-61.48
942.2168,-61.53
942.2178,-61.59
942.2188,-61.64
942.2197,-61.58
942.2207,-61.51
942.2217,-61.16
942.2227,-60.82
942.2236,-61.04
942.2246,-61.27
942.2256,-61.43
942.2266,-61.60
942.2275,-61.55
942.2285,-61.51
942.2295,-61.29
942.2305,-61.07
942.2314,-61.26
942.2324,-61.44
942.2334,-61.54
942.2344,-61.64
942.2354,-61.60
942.2363,-61.57
942.2373,-61.37
942.2383,-61.17
942.2393,-61.27
942.2402,-61.37
942.2412,-61.31
942.2422,-61.25
942.2432,-61.26
942.2441,-61.26
942.2451,-61.22
942.2461,-61.18
942.2471,-61.30
942.2480,-61.41
942.2490,-61.57
942.2500,-61.72
942.2510,-61.72
942.2520,-61.72
942.2529,-61.65
942.2539,-61.58
942.2549,-61.52
942.2559,-61.45
942.2568,-61.46
942.2578,-61.46
942.2588,-61.53
942.2598,-61.59
942.2607,-61.54
942.2617,-61.49
942.2627,-61.49
942.2637,-61.49
942.2646,-61.55
942.2656,-61.61
942.2666,-61.61
942.2676,-61.61
942.2686,-61.10
942.2695,-60.58
942.2705,-60.39
942.2715,-60.20
942.2725,-60.86
942.2734,-61.52
942.2744,-61.63
942.2754,-61.74
942.2764,-61.70
942.2773,-61.65
942.2783,-61.60
942.2793,-61.54
942.2803,-61.59
942.2812,-61.63
942.2822,-61.63
942.2832,-61.63
942.2842,-61.53
942.2852,-61.43
942.2861,-61.31
942.2871,-61.20
942.2881,-61.29
942.2891,-61.38
942.2900,-61.27
942.2910,-61.16
942.2920,-61.29
942.2930,-61.42
942.2939,-61.33
942.2949,-61.24
942.2959,-61.42
942.2969,-61.60
942.2979,-61.65
942.2988,-61.70
942.2998,-61.61
942.3008,-61.51
942.3018,-61.38
942.3027,-61.24
942.3037,-61.39
942.3047,-61.54
942.3057,-61.61
942.3066,-61.67
942.3076,-61.59
942.3086,-61.51
942.3096,-61.30
942.3105,-61.08
942.3115,-61.25
942.3125,-61.42
942.3135,-61.50
942.3145,-61.58
942.3154,-61.48
942.3164,-61.38
942.3174,-60.85
942.3184,-60.33
942.3193,-60.64
942.3203,-60.95
942.3213,-61.29
942.3223,-61.63
942.3232,-61.62
942.3242,-61.60
942.3252,-61.47
942.3262,-61.34
942.3271,-61.42
942.3281,-61.50
942.3291,-61.60
942.3301,-61.69
942.3311,-61.66
942.3320,-61.63
942.3330,-61.51
942.3340,-61.39
942.3350,-61.41
942.3359,-61.44
942.3369,-61.38
942.3379,-61.32
942.3389,-61.35
942.3398,-61.38
942.3408,-61.45
942.3418,-61.51
942.3428,-61.51
942.3438,-61.52
942.3447,-61.59
942.3457,-61.66
942.3467,-61.66
942.3477,-61.66
942.3486,-61.57
942.3496,-61.48
942.3506,-61.49
942.3516,-61.50
942.3525,-61.55
942.3535,-61.59
942.3545,-61.60
942.3555,-61.60
942.3564,-61.20
942.3574,-60.81
942.3584,-60.58
942.3594,-60.35
942.3604,-60.93
942.3613,-61.50
942.3623,-61.51
942.3633,-61.52
942.3643,-61.42
942.3652,-61.33
942.3662,-61.25
942.3672,-61.18
942.3682,-61.41
942.3691,-61.64
942.3701,-61.68
942.3711,-61.72
942.3721,-61.62
942.3730,-61.52
942.3740,-61.39
942.3750,-61.25
942.3760,-61.43
942.3770,-61.61
942.3779,-61.60
942.3789,-61.59
942.3799,-61.57
942.3809,-61.54
942.3818,-61.37
942.3828,-61.21
942.3838,-61.26
942.3848,-61.31
942.3857,-61.24
942.3867,-61.17
942.3877,-61.30
942.3887,-61.44
942.3896,-61.41
942.3906,-61.38
942.3916,-61.42
942.3926,-61.46
942.3936,-61.51
942.3945,-61.56
942.3955,-61.52
942.3965,-61.48
942.3975,-61.38
942.3984,-61.29
942.3994,-61.36
942.4004,-61.43
942.4014,-61.49
942.4023,-61.54
942.4033,-61.40
942.4043,-61.26
942.4053,-60.59
942.4062,-59.91
942.4072,-60.28
942.4082,-60.65
942.4092,-61.09
942.4102,-61.52
942.4111,-61.52
942.4121,-61.52
942.4131,-61.51
942.4141,-61.50
942.4150,-61.50
942.4160,-61.50
942.4170,-61.50
942.4180,-61.50
942.4189,-61.51
942.4199,-61.53
942.4209,-61.44
942.4219,-61.35
942.4229,-61.31
942.4238,-61.27
942.4248,-61.29
942.4258,-61.32
942.4268,-61.33
942.4277,-61.33
942.4287,-61.29
942.4297,-61.24
942.4307,-61.14
942.4316,-61.05
942.4326,-61.03
942.4336,-61.02
942.4346,-61.19
942.4355,-61.35
942.4365,-61.30
942.4375,-61.25
942.4385,-61.22
942.4395,-61.20
942.4404,-61.33
942.4414,-61.46
942.4424,-61.46
942.4434,-61.46
942.4443,-61.23
942.4453,-61.00
942.4463,-60.89
942.4473,-60.77
942.4482,-61.07
942.4492,-61.37
942.4502,-61.43
942.4512,-61.49
942.4521,-61.27
942.4531,-61.06
942.4541,-60.81
942.4551,-60.56
942.4561,-60.92
942.4570,-61.29
942.4580,-61.37
942.4590,-61.45
942.4600,-61.38
942.4609,-61.32
942.4619,-61.24
942.4629,-61.17
942.4639,-61.29
942.4648,-61.42
942.4658,-61.44
942.4668,-61.45
942.4678,-61.41
942.4688,-61.38
942.4697,-61.32
942.4707,-61.26
942.4717,-61.35
942.4727,-61.44
942.4736,-61.49
942.4746,-61.54
942.4756,-61.55
942.4766,-61.55
942.4775,-61.47
942.4785,-61.38
942.4795,-61.27
942.4805,-61.17
942.4814,-61.20
942.4824,-61.24
942.4834,-61.34
942.4844,-61.44
942.4854,-61.40
942.4863,-61.36
942.4873,-61.35
942.4883,-61.35
942.4893,-61.39
942.4902,-61.44
942.4912,-61.35
942.4922,-61.26
942.4932,-60.81
942.4941,-60.35
942.4951,-60.58
942.4961,-60.81
942.4971,-61.17
942.4980,-61.53
942.4990,-61.52
942.5000,-61.51
942.5010,-61.42
942.5020,-61.32
942.5029,-61.37
942.5039,-61.41
942.5049,-61.48
942.5059,-61.55
942.5068,-61.53
942.5078,-61.51
942.5088,-61.39
942.5098,-61.27
942.5107,-61.31
942.5117,-61.35
942.5127,-61.44
942.5137,-61.54
942.5146,-61.39
942.5156,-61.24
942.5166,-61.29
942.5176,-61.33
942.5186,-61.35
942.5195,-61.38
942.5205,-61.42
942.5215,-61.47
942.5225,-61.49
942.5234,-61.52
942.5244,-61.45
942.5254,-61.38
942.5264,-61.31
942.5273,-61.23
942.5283,-61.19
942.5293,-61.16
942.5303,-61.27
942.5312,-61.37
942.5322,-61.40
942.5332,-61.42
942.5342,-61.39
942.5352,-61.37
942.5361,-61.44
942.5371,-61.51
942.5381,-61.55
942.5391,-61.59
942.5400,-61.41
942.5410,-61.24
942.5420,-60.92
942.5430,-60.61
942.5439,-61.00
942.5449,-61.39
942.5459,-61.51
942.5469,-61.62
942.5479,-61.60
942.5488,-61.57
942.5498,-61.42
942.5508,-61.27
942.5518,-61.35
942.5527,-61.44
942.5537,-61.54
942.5547,-61.63
942.5557,-61.59
942.5566,-61.55
942.5576,-61.43
942.5586,-61.31
942.5596,-61.41
942.5605,-61.51
942.5615,-61.56
942.5625,-61.60
942.5635,-61.62
942.5645,-61.64
942.5654,-61.61
942.5664,-61.58
942.5674,-61.61
942.5684,-61.64
942.5693,-61.64
942.5703,-61.63
942.5713,-61.61
942.5723,-61.59
942.5732,-61.46
942.5742,-61.34
942.5752,-61.33
942.5762,-61.31
942.5771,-61.40
942.5781,-61.48
942.5791,-61.49
942.5801,-61.50
942.5811,-61.29
942.5820,-61.08
942.5830,-61.18
942.5840,-61.27
942.5850,-61.48
942.5859,-61.69
942.5869,-61.65
942.5879,-61.60
942.5889,-61.53
942.5898,-61.47
942.5908,-61.47
942.5918,-61.47
942.5928,-61.58
942.5938,-61.69
942.5947,-61.71
942.5957,-61.72
942.5967,-61.61
942.5977,-61.50
942.5986,-61.49
942.5996,-61.48
942.6006,-61.61
942.6016,-61.74
942.6025,-61.76
942.6035,-61.78
942.6045,-61.70
942.6055,-61.63
942.6064,-61.59
942.6074,-61.55
942.6084,-61.64
942.6094,-61.73
942.6104,-61.77
942.6113,-61.81
942.6123,-61.71
942.6133,-61.61
942.6143,-61.59
942.6152,-61.57
942.6162,-61.66
942.6172,-61.74
942.6182,-61.75
942.6191,-61.76
942.6201,-61.71
942.6211,-61.66
942.6221,-61.55
942.6230,-61.45
942.6240,-61.52
942.6250,-61.60
942.6260,-61.69
942.6270,-61.78
942.6279,-61.68
942.6289,-61.58
942.6299,-61.40
942.6309,-61.22
942.6318,-61.44
942.6328,-61.66
942.6338,-61.73
942.6348,-61.80
942.6357,-61.78
942.6367,-61.76
942.6377,-61.69
942.6387,-61.63
942.6396,-61.70
942.6406,-61.77
942.6416,-61.77
942.6426,-61.76
942.6436,-61.66
942.6445,-61.56
942.6455,-61.50
942.6465,-61.45
942.6475,-61.55
942.6484,-61.65
942.6494,-61.73
942.6504,-61.82
942.6514,-61.79
942.6523,-61.76
942.6533,-61.66
942.6543,-61.56
942.6553,-61.64
942.6562,-61.72
942.6572,-61.76
942.6582,-61.80
942.6592,-61.78
942.6602,-61.77
942.6611,-61.65
942.6621,-61.53
942.6631,-61.55
942.6641,-61.58
942.6650,-61.64
942.6660,-61.71
942.6670,-61.72
942.6680,-61.73
942.6689,-61.60
942.6699,-61.48
942.6709,-61.42
942.6719,-61.36
942.6729,-61.54
942.6738,-61.72
942.6748,-61.72
942.6758,-61.71
942.6768,-61.64
942.6777,-61.57
942.6787,-61.57
942.6797,-61.57
942.6807,-61.62
942.6816,-61.67
942.6826,-61.69
942.6836,-61.72
942.6846,-61.60
942.6855,-61.49
942.6865,-61.46
942.6875,-61.44
942.6885,-61.62
942.6895,-61.81
942.6904,-61.81
942.6914,-61.82
942.6924,-61.73
942.6934,-61.65
942.6943,-61.62
942.6953,-61.59
942.6963,-61.66
942.6973,-61.73
942.6982,-61.73
942.6992,-61.89
942.7002,-61.85
942.7012,-61.73
942.7021,-61.67
942.7031,-61.60
942.7041,-61.70
942.7051,-61.81
942.7061,-61.83
942.7070,-61.83
942.7080,-61.76
942.7090,-61.75
942.7100,-61.68
942.7109,-61.50
942.7119,-61.64
942.7129,-61.82
942.7139,-61.83
942.7148,-61.77
942.7158,-61.69
942.7168,-61.65
942.7178,-61.46
942.7188,-61.31
942.7197,-61.46
942.7207,-61.58
942.7217,-61.72
942.7227,-61.87
942.7236,-61.89
942.7246,-61.87
942.7256,-61.80
942.7266,-61.70
942.7275,-61.70
942.7285,-61.75
942.7295,-61.78
942.7305,-61.81
942.7314,-61.83
942.7324,-61.81
942.7334,-61.73
942.7344,-61.64
942.7354,-61.68
942.7363,-61.76
942.7373,-61.75
942.7383,-61.82
942.7393,-61.78
942.7402,-61.77
942.7412,-61.70
942.7422,-61.60
942.7432,-61.65
942.7441,-61.76
942.7451,-61.79
942.7461,-61.88
942.7471,-61.86
942.7480,-61.81
942.7490,-61.75
942.7500,-61.73
942.7510,-61.74
942.7520,-61.73
942.7529,-61.78
942.7539,-61.87
942.7549,-61.86
942.7559,-61.85
942.7568,-61.75
942.7578,-61.66
942.7588,-61.70
942.7598,-61.67
942.7607,-61.79
942.7617,-61.89
942.7627,-61.86
942.7637,-61.94
942.7646,-61.75
942.7656,-61.49
942.7666,-61.45
942.7676,-61.46
942.7686,-61.66
942.7695,-61.87
942.7705,-61.86
942.7715,-61.89
942.7725,-61.75
942.7734,-61.64
942.7744,-61.60
942.7754,-61.53
942.7764,-61.67
942.7773,-61.81
942.7783,-61.85
942.7793,-61.85
942.7803,-61.78
942.7812,-61.74
942.7822,-61.65
942.7832,-61.60
942.7842,-61.65
942.7852,-61.58
942.7861,-61.71
942.7871,-61.92
942.7881,-61.88
942.7891,-61.78
942.7900,-61.68
942.7910,-61.64
942.7920,-61.76
942.7930,-61.78
942.7939,-61.79
942.7949,-61.87
942.7959,-61.81
942.7969,-61.76
942.7979,-61.70
942.7988,-61.63
942.7998,-61.70
942.8008,-61.77
942.8018,-61.84
942.8027,-61.90
942.8037,-61.85
942.8047,-61.80
942.8057,-61.71
942.8066,-61.62
942.8076,-61.69
942.8086,-61.75
942.8096,-61.80
942.8105,-61.86
942.8115,-61.79
942.8125,-61.73
942.8135,-61.47
942.8145,-61.21
942.8154,-61.38
942.8164,-61.55
942.8174,-61.69
942.8184,-61.83
942.8193,-61.79
942.8203,-61.75
942.8213,-61.69
942.8223,-61.63
942.8232,-61.68
942.8242,-61.73
942.8252,-61.80
942.8262,-61.87
942.8271,-61.82
942.8281,-61.77
942.8291,-61.65
942.8301,-61.53
942.8311,-61.59
942.8320,-61.65
942.8330,-61.74
942.8340,-61.84
942.8350,-61.87
942.8359,-61.89
942.8369,-61.78
942.8379,-61.67
942.8389,-61.62
942.8398,-61.58
942.8408,-61.69
942.8418,-61.80
942.8428,-61.83
942.8438,-61.87
942.8447,-61.78
942.8457,-61.69
942.8467,-61.66
942.8477,-61.62
942.8486,-61.68
942.8496,-61.74
942.8506,-61.76
942.8516,-61.77
942.8525,-61.73
942.8535,-61.69
942.8545,-61.69
942.8555,-61.70
942.8564,-61.74
942.8574,-61.78
942.8584,-61.76
942.8594,-61.74
942.8604,-61.59
942.8613,-61.44
942.8623,-61.31
942.8633,-61.19
942.8643,-61.47
942.8652,-61.75
942.8662,-61.79
942.8672,-61.83
942.8682,-61.79
942.8691,-61.74
942.8701,-61.69
942.8711,-61.64
942.8721,-61.71
942.8730,-61.78
942.8740,-61.79
942.8750,-61.80
942.8760,-61.77
942.8770,-61.74
942.8779,-61.67
942.8789,-61.60
942.8799,-61.68
942.8809,-61.75
942.8818,-61.79
942.8828,-61.82
942.8838,-61.81
942.8848,-61.79
942.8857,-61.75
942.8867,-61.70
942.8877,-61.75
942.8887,-61.81
942.8896,-61.84
942.8906,-61.86
942.8916,-61.82
942.8926,-61.77
942.8936,-61.72
942.8945,-61.66
942.8955,-61.70
942.8965,-61.74
942.8975,-61.74
942.8984,-61.75
942.8994,-61.72
942.9004,-61.69
942.9014,-61.54
942.9023,-61.39
942.9033,-61.48
942.9043,-61.56
942.9053,-61.67
942.9062,-61.78
942.9072,-61.77
942.9082,-61.75
942.9092,-61.64
942.9102,-61.53
942.9111,-61.56
942.9121,-61.58
942.9131,-61.66
942.9141,-61.73
942.9150,-61.74
942.9160,-61.75
942.9170,-61.66
942.9180,-61.57
942.9189,-61.62
942.9199,-61.67
942.9209,-61.75
942.9219,-61.83
942.9229,-61.81
942.9238,-61.78
942.9248,-61.67
942.9258,-61.56
942.9268,-61.57
942.9277,-61.57
942.9287,-61.70
942.9297,-61.82
942.9307,-61.83
942.9316,-61.84
942.9326,-61.77
942.9336,-61.70
942.9346,-61.70
942.9355,-61.70
942.9365,-61.76
942.9375,-61.82
942.9385,-61.83
942.9395,-61.84
942.9404,-61.78
942.9414,-61.73
942.9424,-61.71
942.9434,-61.70
942.9443,-61.74
942.9453,-61.79
942.9463,-61.80
942.9473,-61.81
942.9482,-61.69
942.9492,-61.57
942.9502,-61.38
942.9512,-61.20
942.9521,-61.44
942.9531,-61.69
942.9541,-61.71
942.9551,-61.74
942.9561,-61.68
942.9570,-61.62
942.9580,-61.59
942.9590,-61.57
942.9600,-61.63
942.9609,-61.69
942.9619,-61.72
942.9629,-61.74
942.9639,-61.77
942.9648,-61.81
942.9658,-61.75
942.9668,-61.69
942.9678,-61.73
942.9688,-61.76
942.9697,-61.78
942.9707,-61.80
942.9717,-61.81
942.9727,-61.82
942.9736,-61.74
942.9746,-61.66
942.9756,-61.70
942.9766,-61.73
942.9775,-61.78
942.9785,-61.82
942.9795,-61.81
942.9805,-61.79
942.9814,-61.70
942.9824,-61.60
942.9834,-61.66
942.9844,-61.71
942.9854,-61.73
942.9863,-61.75
942.9873,-61.70
942.9883,-61.64
942.9893,-61.59
942.9902,-61.54
942.9912,-61.62
942.9922,-61.70
942.9932,-61.74
942.9941,-61.79
942.9951,-61.77
942.9961,-61.76
942.9971,-61.55
942.9980,-61.34
942.9990,-61.40
943.0000,-61.45
943.0010,-61.62
943.0020,-61.78
943.0029,-61.79
943.0039,-61.80
943.0049,-61.71
943.0059,-61.61
943.0068,-61.65
943.0078,-61.70
943.0088,-61.76
943.0098,-61.82
943.0107,-61.81
943.0117,-61.80
943.0127,-61.77
943.0137,-61.74
943.0146,-61.77
943.0156,-61.80
943.0166,-61.85
943.0176,-61.89
943.0186,-61.85
943.0195,-61.80
943.0205,-61.75
943.0215,-61.71
943.0225,-61.71
943.0234,-61.71
943.0244,-61.78
943.0254,-61.85
943.0264,-61.86
943.0273,-61.86
943.0283,-61.80
943.0293,-61.74
943.0303,-61.63
943.0312,-61.53
943.0322,-61.61
943.0332,-61.70
943.0342,-61.76
943.0352,-61.82
943.0361,-61.73
943.0371,-61.64
943.0381,-61.43
943.0391,-61.21
943.0400,-61.43
943.0410,-61.64
943.0420,-61.70
943.0430,-61.76
943.0439,-61.76
943.0449,-61.76
943.0459,-61.66
943.0469,-61.56
943.0479,-61.61
943.0488,-61.67
943.0498,-61.66
943.0508,-61.66
943.0518,-61.65
943.0527,-61.64
943.0537,-61.62
943.0547,-61.60
943.0557,-61.67
943.0566,-61.75
943.0576,-61.80
943.0586,-61.85
943.0596,-61.86
943.0605,-61.86
943.0615,-61.79
943.0625,-61.72
943.0635,-61.72
943.0645,-61.72
943.0654,-61.70
943.0664,-61.69
943.0674,-61.70
943.0684,-61.72
943.0693,-61.70
943.0703,-61.68
943.0713,-61.71
943.0723,-61.75
943.0732,-61.75
943.0742,-61.75
943.0752,-61.76
943.0762,-61.77
943.0771,-61.72
943.0781,-61.66
943.0791,-61.69
943.0801,-61.72
943.0811,-61.76
943.0820,-61.80
943.0830,-61.77
943.0840,-61.74
943.0850,-61.50
943.0859,-61.26
943.0869,-61.32
943.0879,-61.37
943.0889,-61.63
943.0898,-61.89
943.0908,-61.89
943.0918,-61.88
943.0928,-61.79
943.0938,-61.70
943.0947,-61.69
943.0957,-61.68
943.0967,-61.72
943.0977,-61.76
943.0986,-61.75
943.0996,-61.74
943.1006,-61.74
943.1016,-61.74
943.1025,-61.72
943.1035,-61.71
943.1045,-61.72
943.1055,-61.73
943.1064,-61.75
943.1074,-61.77
943.1084,-61.78
943.1094,-61.79
943.1104,-61.76
943.1113,-61.73
943.1123,-61.73
943.1133,-61.72
943.1143,-61.74
943.1152,-61.76
943.1162,-61.73
943.1172,-61.70
943.1182,-61.68
943.1191,-61.66
943.1201,-61.73
943.1211,-61.80
943.1221,-61.78
943.1230,-61.77
943.1240,-61.74
943.1250,-61.72
943.1260,-61.64
943.1270,-61.57
943.1279,-61.69
943.1289,-61.81
943.1299,-61.84
943.1309,-61.87
943.1318,-61.81
943.1328,-61.74
943.1338,-61.58
943.1348,-61.41
943.1357,-61.55
943.1367,-61.69
943.1377,-61.74
943.1387,-61.79
943.1396,-61.75
943.1406,-61.71
943.1416,-61.66
943.1426,-61.62
943.1436,-61.65
943.1445,-61.69
943.1455,-61.71
943.1465,-61.73
943.1475,-61.74
943.1484,-61.75
943.1494,-61.73
943.1504,-61.72
943.1514,-61.74
943.1523,-61.77
943.1533,-61.79
943.1543,-61.81
943.1553,-61.78
943.1562,-61.76
943.1572,-61.74
943.1582,-61.71
943.1592,-61.67
943.1602,-61.62
943.1611,-61.68
943.1621,-61.73
943.1631,-61.77
943.1641,-61.81
943.1650,-61.77
943.1660,-61.74
943.1670,-61.72
943.1680,-61.70
943.1689,-61.73
943.1699,-61.76
943.1709,-61.77
943.1719,-61.77
943.1729,-61.62
943.1738,-61.46
943.1748,-61.45
943.1758,-61.43
943.1768,-61.56
943.1777,-61.70
943.1787,-61.71
943.1797,-61.72
943.1807,-61.65
943.1816,-61.58
943.1826,-61.58
943.1836,-61.58
943.1846,-61.66
943.1855,-61.74
943.1865,-61.73
943.1875,-61.72
943.1885,-61.74
943.1895,-61.76
943.1904,-61.75
943.1914,-61.74
943.1924,-61.75
943.1934,-61.76
943.1943,-61.71
943.1953,-61.67
943.1963,-61.64
943.1973,-61.62
943.1982,-61.61
943.1992,-61.60
943.2002,-61.64
943.2012,-61.69
943.2021,-61.73
943.2031,-61.77
943.2041,-61.73
943.2051,-61.69
943.2061,-61.62
943.2070,-61.54
943.2080,-61.62
943.2090,-61.70
943.2100,-61.71
943.2109,-61.72
943.2119,-61.69
943.2129,-61.66
943.2139,-61.61
943.2148,-61.56
943.2158,-61.64
943.2168,-61.73
943.2178,-61.73
943.2188,-61.72
943.2197,-61.69
943.2207,-61.67
943.2217,-61.58
943.2227,-61.50
943.2236,-61.58
943.2246,-61.66
943.2256,-61.69
943.2266,-61.71
943.2275,-61.72
943.2285,-61.73
943.2295,-61.64
943.2305,-61.54
943.2314,-61.61
943.2324,-61.67
943.2334,-61.69
943.2344,-61.71
943.2354,-61.69
943.2363,-61.67
943.2373,-61.61
943.2383,-61.56
943.2393,-61.60
943.2402,-61.64
943.2412,-61.68
943.2422,-61.71
943.2432,-61.71
943.2441,-61.71
943.2451,-61.69
943.2461,-61.67
943.2471,-61.69
943.2480,-61.71
943.2490,-61.72
943.2500,-61.74
943.2510,-61.74
943.2520,-61.75
943.2529,-61.71
943.2539,-61.67
943.2549,-61.63
943.2559,-61.60
943.2568,-61.69
943.2578,-61.78
943.2588,-61.76
943.2598,-61.73
943.2607,-61.66
943.2617,-61.59
943.2627,-61.63
943.2637,-61.67
943.2646,-61.73
943.2656,-61.79
943.2666,-61.79
943.2676,-61.80
943.2686,-61.75
943.2695,-61.70
943.2705,-61.67
943.2715,-61.65
943.2725,-61.68
943.2734,-61.70
943.2744,-61.69
943.2754,-61.68
943.2764,-61.65
943.2773,-61.62
943.2783,-61.62
943.2793,-61.62
943.2803,-61.71
943.2812,-61.79
943.2822,-61.79
943.2832,-61.78
943.2842,-61.72
943.2852,-61.66
943.2861,-61.63
943.2871,-61.61
943.2881,-61.62
943.2891,-61.63
943.2900,-61.59
943.2910,-61.56
943.2920,-61.60
943.2930,-61.64
943.2939,-61.63
943.2949,-61.61
943.2959,-61.65
943.2969,-61.70
943.2979,-61.69
943.2988,-61.68
943.2998,-61.62
943.3008,-61.55
943.3018,-61.57
943.3027,-61.58
943.3037,-61.65
943.3047,-61.73
943.3057,-61.68
943.3066,-61.63
943.3076,-61.63
943.3086,-61.62
943.3096,-61.58
943.3105,-61.55
943.3115,-61.57
943.3125,-61.59
943.3135,-61.61
943.3145,-61.64
943.3154,-61.67
943.3164,-61.70
943.3174,-61.60
943.3184,-61.50
943.3193,-61.52
943.3203,-61.55
943.3213,-61.63
943.3223,-61.71
943.3232,-61.73
943.3242,-61.76
943.3252,-61.69
943.3262,-61.62
943.3271,-61.58
943.3281,-61.55
943.3291,-61.56
943.3301,-61.57
943.3311,-61.60
943.3320,-61.63
943.3330,-61.57
943.3340,-61.52
943.3350,-61.50
943.3359,-61.48
943.3369,-61.53
943.3379,-61.58
943.3389,-61.64
943.3398,-61.70
943.3408,-61.68
943.3418,-61.66
943.3428,-61.61
943.3438,-61.57
943.3447,-61.59
943.3457,-61.60
943.3467,-61.62
943.3477,-61.63
943.3486,-61.62
943.3496,-61.61
943.3506,-61.55
943.3516,-61.49
943.3525,-61.51
943.3535,-61.53
943.3545,-61.54
943.3555,-61.54
943.3564,-61.52
943.3574,-61.49
943.3584,-61.51
943.3594,-61.54
943.3604,-61.54
943.3613,-61.55
943.3623,-61.54
943.3633,-61.53
943.3643,-61.51
943.3652,-61.49
943.3662,-61.47
943.3672,-61.44
943.3682,-61.43
943.3691,-61.43
943.3701,-61.23
943.3711,-61.03
943.3721,-61.23
943.3730,-61.43
943.3740,-61.45
943.3750,-61.47
943.3760,-61.51
943.3770,-61.56
943.3779,-61.56
943.3789,-61.56
943.3799,-61.54
943.3809,-61.51
943.3818,-61.48
943.3828,-61.44
943.3838,-61.43
943.3848,-61.42
943.3857,-61.44
943.3867,-61.46
943.3877,-61.47
943.3887,-61.48
943.3896,-61.43
943.3906,-61.39
943.3916,-61.42
943.3926,-61.44
943.3936,-61.46
943.3945,-61.48
943.3955,-61.46
943.3965,-61.44
943.3975,-61.39
943.3984,-61.35
943.3994,-61.41
943.4004,-61.47
943.4014,-61.45
943.4023,-61.43
943.4033,-61.41
943.4043,-61.39
943.4053,-61.34
943.4062,-61.29
943.4072,-61.31
943.4082,-61.34
943.4092,-61.40
943.4102,-61.45
943.4111,-61.44
943.4121,-61.43
943.4131,-61.35
943.4141,-61.28
943.4150,-61.27
943.4160,-61.27
943.4170,-61.29
943.4180,-61.31
943.4189,-61.28
943.4199,-61.25
943.4209,-61.24
943.4219,-61.23
943.4229,-61.25
943.4238,-61.28
943.4248,-61.24
943.4258,-61.20
943.4268,-61.21
943.4277,-61.21
943.4287,-61.20
943.4297,-61.20
943.4307,-61.14
943.4316,-61.08
943.4326,-61.14
943.4336,-61.20
943.4346,-61.19
943.4355,-61.18
943.4365,-61.14
943.4375,-61.10
943.4385,-61.09
943.4395,-61.08
943.4404,-61.09
943.4414,-61.10
943.4424,-61.12
943.4434,-61.14
943.4443,-61.14
943.4453,-61.14
943.4463,-61.07
943.4473,-61.01
943.4482,-61.01
943.4492,-61.02
943.4502,-60.97
943.4512,-60.93
943.4521,-60.86
943.4531,-60.79
943.4541,-60.74
943.4551,-60.70
943.4561,-60.79
943.4570,-60.88
943.4580,-60.86
943.4590,-60.84
943.4600,-60.80
943.4609,-60.76
943.4619,-60.66
943.4629,-60.57
943.4639,-60.56
943.4648,-60.55
943.4658,-60.54
943.4668,-60.54
943.4678,-60.51
943.4688,-60.48
943.4697,-60.41
943.4707,-60.35
943.4717,-60.32
943.4727,-60.30
943.4736,-60.22
943.4746,-60.13
943.4756,-60.09
943.4766,-60.05
943.4775,-59.98
943.4785,-59.91
943.4795,-59.81
943.4805,-59.71
943.4814,-59.63
943.4824,-59.55
943.4834,-59.46
943.4844,-59.37
943.4854,-59.21
943.4863,-59.05
943.4873,-58.90
943.4883,-58.76
943.4893,-58.57
943.4902,-58.39
943.4912,-58.11
943.4922,-57.83
943.4932,-57.44
943.4941,-57.04
943.4951,-56.40
943.4961,-55.76
943.4971,-55.29
943.4980,-54.82
943.4990,-56.89
943.5000,-58.95
943.5010,-56.86
943.5020,-54.77
943.5029,-55.24
943.5039,-55.70
943.5049,-56.39
943.5059,-57.08
943.5068,-57.44
943.5078,-57.80
943.5088,-58.08
943.5098,-58.35
943.5107,-58.55
943.5117,-58.76
943.5127,-58.92
943.5137,-59.08
943.5146,-59.23
943.5156,-59.38
943.5166,-59.49
943.5176,-59.60
943.5186,-59.67
943.5195,-59.74
943.5205,-59.81
943.5215,-59.89
943.5225,-59.98
943.5234,-60.07
943.5244,-60.11
943.5254,-60.15
943.5264,-60.14
943.5273,-60.13
943.5283,-60.23
943.5293,-60.33
943.5303,-60.39
943.5312,-60.44
943.5322,-60.48
943.5332,-60.52
943.5342,-60.54
943.5352,-60.56
943.5361,-60.62
943.5371,-60.67
943.5381,-60.70
943.5391,-60.72
943.5400,-60.72
943.5410,-60.72
943.5420,-60.65
943.5430,-60.59
943.5439,-60.71
943.5449,-60.84
943.5459,-60.86
943.5469,-60.88
943.5479,-60.88
943.5488,-60.88
943.5498,-60.86
943.5508,-60.83
943.5518,-60.89
943.5527,-60.94
943.5537,-60.97
943.5547,-61.01
943.5557,-61.06
943.5566,-61.11
943.5576,-61.10
943.5586,-61.09
943.5596,-61.11
943.5605,-61.13
943.5615,-61.15
943.5625,-61.17
943.5635,-61.16
943.5645,-61.16
943.5654,-61.13
943.5664,-61.11
943.5674,-61.15
943.5684,-61.18
943.5693,-61.22
943.5703,-61.27
943.5713,-61.26
943.5723,-61.26
943.5732,-61.21
943.5742,-61.15
943.5752,-61.18
943.5762,-61.21
943.5771,-61.27
943.5781,-61.33
943.5791,-61.37
943.5801,-61.41
943.5811,-61.33
943.5820,-61.26
943.5830,-61.26
943.5840,-61.26
943.5850,-61.32
943.5859,-61.37
943.5869,-61.39
943.5879,-61.41
943.5889,-61.38
943.5898,-61.35
943.5908,-61.35
943.5918,-61.35
943.5928,-61.37
943.5938,-61.40
943.5947,-61.43
943.5957,-61.46
943.5967,-61.45
943.5977,-61.43
943.5986,-61.43
943.5996,-61.43
943.6006,-61.45
943.6016,-61.48
943.6025,-61.48
943.6035,-61.48
943.6045,-61.44
943.6055,-61.39
943.6064,-61.40
943.6074,-61.41
943.6084,-61.47
943.6094,-61.54
943.6104,-61.53
943.6113,-61.51
943.6123,-61.47
943.6133,-61.42
943.6143,-61.42
943.6152,-61.42
943.6162,-61.46
943.6172,-61.50
943.6182,-61.52
943.6191,-61.54
943.6201,-61.55
943.6211,-61.56
943.6221,-61.52
943.6230,-61.49
943.6240,-61.53
943.6250,-61.58
943.6260,-61.61
943.6270,-61.63
943.6279,-61.57
943.6289,-61.51
943.6299,-61.36
943.6309,-61.21
943.6318,-61.35
943.6328,-61.49
943.6338,-61.56
943.6348,-61.63
943.6357,-61.62
943.6367,-61.60
943.6377,-61.56
943.6387,-61.52
943.6396,-61.54
943.6406,-61.56
943.6416,-61.61
943.6426,-61.66
943.6436,-61.67
943.6445,-61.68
943.6455,-61.67
943.6465,-61.66
943.6475,-61.69
943.6484,-61.72
943.6494,-61.71
943.6504,-61.71
943.6514,-61.71
943.6523,-61.72
943.6533,-61.68
943.6543,-61.65
943.6553,-61.64
943.6562,-61.63
943.6572,-61.65
943.6582,-61.68
943.6592,-61.66
943.6602,-61.65
943.6611,-61.60
943.6621,-61.55
943.6631,-61.55
943.6641,-61.55
943.6650,-61.59
943.6660,-61.63
943.6670,-61.65
943.6680,-61.66
943.6689,-61.63
943.6699,-61.59
943.6709,-61.57
943.6719,-61.56
943.6729,-61.62
943.6738,-61.68
943.6748,-61.62
943.6758,-61.57
943.6768,-61.47
943.6777,-61.37
943.6787,-61.39
943.6797,-61.41
943.6807,-61.53
943.6816,-61.64
943.6826,-61.69
943.6836,-61.74
943.6846,-61.74
943.6855,-61.74
943.6865,-61.69
943.6875,-61.65
943.6885,-61.67
943.6895,-61.69
943.6904,-61.68
943.6914,-61.68
943.6924,-61.69
943.6934,-61.70
943.6943,-61.68
943.6953,-61.67
943.6963,-61.69
943.6973,-61.71
943.6982,-61.72
943.6992,-61.72
943.7002,-61.70
943.7012,-61.68
943.7021,-61.67
943.7031,-61.66
943.7041,-61.70
943.7051,-61.74
943.7061,-61.75
943.7070,-61.76
943.7080,-61.71
943.7090,-61.65
943.7100,-61.66
943.7109,-61.66
943.7119,-61.72
943.7129,-61.79
943.7139,-61.77
943.7148,-61.76
943.7158,-61.69
943.7168,-61.61
943.7178,-61.53
943.7188,-61.46
943.7197,-61.60
943.7207,-61.74
943.7217,-61.75
943.7227,-61.76
943.7236,-61.78
943.7246,-61.79
943.7256,-61.66
943.7266,-61.53
943.7275,-61.62
943.7285,-61.70
943.7295,-61.75
943.7305,-61.79
943.7314,-61.75
943.7324,-61.70
943.7334,-61.67
943.7344,-61.65
943.7354,-61.69
943.7363,-61.74
943.7373,-61.73
943.7383,-61.72
943.7393,-61.73
943.7402,-61.74
943.7412,-61.71
943.7422,-61.67
943.7432,-61.72
943.7441,-61.76
943.7451,-61.79
943.7461,-61.82
943.7471,-61.78
943.7480,-61.75
943.7490,-61.73
943.7500,-61.70
943.7510,-61.73
943.7520,-61.77
943.7529,-61.82
943.7539,-61.88
943.7549,-61.85
943.7559,-61.83
943.7568,-61.80
943.7578,-61.77
943.7588,-61.80
943.7598,-61.83
943.7607,-61.85
943.7617,-61.87
943.7627,-61.85
943.7637,-61.83
943.7646,-61.72
943.7656,-61.61
943.7666,-61.55
943.7676,-61.50
943.7686,-61.64
943.7695,-61.79
943.7705,-61.80
943.7715,-61.82
943.7725,-61.73
943.7734,-61.64
943.7744,-61.60
943.7754,-61.55
943.7764,-61.64
943.7773,-61.73
943.7783,-61.78
943.7793,-61.84
943.7803,-61.85
943.7812,-61.86
943.7822,-61.84
943.7832,-61.82
943.7842,-61.82
943.7852,-61.82
943.7861,-61.84
943.7871,-61.86
943.7881,-61.84
943.7891,-61.82
943.7900,-61.80
943.7910,-61.78
943.7920,-61.79
943.7930,-61.80
943.7939,-61.78
943.7949,-61.76
943.7959,-61.72
943.7969,-61.68
943.7979,-61.64
943.7988,-61.61
943.7998,-61.68
943.8008,-61.75
943.8018,-61.78
943.8027,-61.80
943.8037,-61.77
943.8047,-61.74
943.8057,-61.68
943.8066,-61.63
943.8076,-61.70
943.8086,-61.77
943.8096,-61.84
943.8105,-61.91
943.8115,-61.91
943.8125,-61.92
943.8135,-61.72
943.8145,-61.52
943.8154,-61.59
943.8164,-61.65
943.8174,-61.75
943.8184,-61.85
943.8193,-61.86
943.8203,-61.87
943.8213,-61.78
943.8223,-61.69
943.8232,-61.72
943.8242,-61.74
943.8252,-61.78
943.8262,-61.81
943.8271,-61.82
943.8281,-61.82
943.8291,-61.81
943.8301,-61.80
943.8311,-61.82
943.8320,-61.83
943.8330,-61.84
943.8340,-61.85
943.8350,-61.87
943.8359,-61.90
943.8369,-61.87
943.8379,-61.84
943.8389,-61.84
943.8398,-61.83
943.8408,-61.86
943.8418,-61.90
943.8428,-61.88
943.8438,-61.87
943.8447,-61.83
943.8457,-61.79
943.8467,-61.76
943.8477,-61.72
943.8486,-61.78
943.8496,-61.83
943.8506,-61.88
943.8516,-61.92
943.8525,-61.86
943.8535,-61.81
943.8545,-61.74
943.8555,-61.68
943.8564,-61.72
943.8574,-61.77
943.8584,-61.77
943.8594,-61.78
943.8604,-61.71
943.8613,-61.64
943.8623,-61.57
943.8633,-61.50
943.8643,-61.66
943.8652,-61.82
943.8662,-61.85
943.8672,-61.87
943.8682,-61.83
943.8691,-61.79
943.8701,-61.73
943.8711,-61.67
943.8721,-61.73
943.8730,-61.79
943.8740,-61.82
943.8750,-61.86
943.8760,-61.86
943.8770,-61.87
943.8779,-61.84
943.8789,-61.82
943.8799,-61.81
943.8809,-61.79
943.8818,-61.80
943.8828,-61.80
943.8838,-61.82
943.8848,-61.85
943.8857,-61.83
943.8867,-61.81
943.8877,-61.84
943.8887,-61.88
943.8896,-61.85
943.8906,-61.82
943.8916,-61.80
943.8926,-61.79
943.8936,-61.78
943.8945,-61.78
943.8955,-61.82
943.8965,-61.86
943.8975,-61.89
943.8984,-61.92
943.8994,-61.89
943.9004,-61.87
943.9014,-61.77
943.9023,-61.67
943.9033,-61.73
943.9043,-61.79
943.9053,-61.85
943.9062,-61.91
943.9072,-61.86
943.9082,-61.80
943.9092,-61.63
943.9102,-61.47
943.9111,-61.56
943.9121,-61.65
943.9131,-61.76
943.9141,-61.87
943.9150,-61.88
943.9160,-61.88
943.9170,-61.89
943.9180,-61.90
943.9189,-61.92
943.9199,-61.94
943.9209,-61.94
943.9219,-61.95
943.9229,-61.91
943.9238,-61.88
943.9248,-61.81
943.9258,-61.74
943.9268,-61.75
943.9277,-61.76
943.9287,-61.76
943.9297,-61.77
943.9307,-61.79
943.9316,-61.81
943.9326,-61.80
943.9336,-61.80
943.9346,-61.79
943.9355,-61.79
943.9365,-61.83
943.9375,-61.86
943.9385,-61.90
943.9395,-61.94
943.9404,-61.92
943.9414,-61.90
943.9424,-61.84
943.9434,-61.78
943.9443,-61.79
943.9453,-61.79
943.9463,-61.84
943.9473,-61.89
943.9482,-61.83
943.9492,-61.77
943.9502,-61.73
943.9512,-61.68
943.9521,-61.74
943.9531,-61.79
943.9541,-61.84
943.9551,-61.90
943.9561,-61.77
943.9570,-61.64
943.9580,-61.61
943.9590,-61.57
943.9600,-61.68
943.9609,-61.79
943.9619,-61.83
943.9629,-61.87
943.9639,-61.84
943.9648,-61.82
943.9658,-61.82
943.9668,-61.83
943.9678,-61.87
943.9688,-61.91
943.9697,-61.91
943.9707,-61.91
943.9717,-61.87
943.9727,-61.84
943.9736,-61.81
943.9746,-61.77
943.9756,-61.82
943.9766,-61.87
943.9775,-61.92
943.9785,-61.98
943.9795,-61.97
943.9805,-61.97
943.9814,-61.91
943.9824,-61.85
943.9834,-61.86
943.9844,-61.86
943.9854,-61.85
943.9863,-61.84
943.9873,-61.84
943.9883,-61.84
943.9893,-61.83
943.9902,-61.82
943.9912,-61.83
943.9922,-61.84
943.9932,-61.83
943.9941,-61.81
943.9951,-61.75
943.9961,-61.68
943.9971,-61.62
943.9980,-61.55
943.9990,-61.55
944.0000,-61.54
944.0010,-61.69
944.0020,-61.83
944.0029,-61.79
944.0039,-61.75
944.0049,-61.66
944.0059,-61.57
944.0068,-61.65
944.0078,-61.72
944.0088,-61.77
944.0098,-61.82
944.0107,-61.84
944.0117,-61.87
944.0127,-61.90
944.0137,-61.94
944.0146,-61.89
944.0156,-61.84
944.0166,-61.82
944.0176,-61.80
944.0186,-61.82
944.0195,-61.84
944.0205,-61.81
944.0215,-61.78
944.0225,-61.74
944.0234,-61.70
944.0244,-61.71
944.0254,-61.73
944.0264,-61.77
944.0273,-61.81
944.0283,-61.81
944.0293,-61.80
944.0303,-61.78
944.0312,-61.76
944.0322,-61.78
944.0332,-61.80
944.0342,-61.80
944.0352,-61.80
944.0361,-61.83
944.0371,-61.87
944.0381,-61.90
944.0391,-61.92
944.0400,-61.94
944.0410,-61.96
944.0420,-61.94
944.0430,-61.92
944.0439,-61.85
944.0449,-61.78
944.0459,-61.72
944.0469,-61.66
944.0479,-61.72
944.0488,-61.77
944.0498,-61.76
944.0508,-61.76
944.0518,-61.70
944.0527,-61.65
944.0537,-61.71
944.0547,-61.77
944.0557,-61.83
944.0566,-61.89
944.0576,-61.87
944.0586,-61.86
944.0596,-61.84
944.0605,-61.83
944.0615,-61.83
944.0625,-61.82
944.0635,-61.79
944.0645,-61.76
944.0654,-61.79
944.0664,-61.81
944.0674,-61.85
944.0684,-61.89
944.0693,-61.87
944.0703,-61.86
944.0713,-61.85
944.0723,-61.84
944.0732,-61.86
944.0742,-61.88
944.0752,-61.91
944.0762,-61.94
944.0771,-61.93
944.0781,-61.91
944.0791,-61.84
944.0801,-61.77
944.0811,-61.79
944.0820,-61.81
944.0830,-61.85
944.0840,-61.89
944.0850,-61.85
944.0859,-61.82
944.0869,-61.80
944.0879,-61.79
944.0889,-61.78
944.0898,-61.77
944.0908,-61.79
944.0918,-61.80
944.0928,-61.78
944.0938,-61.76
944.0947,-61.82
944.0957,-61.87
944.0967,-61.89
944.0977,-61.90
944.0986,-61.75
944.0996,-61.60
944.1006,-61.63
944.1016,-61.67
944.1025,-61.69
944.1035,-61.71
944.1045,-61.75
944.1055,-61.79
944.1064,-61.84
944.1074,-61.89
944.1084,-61.87
944.1094,-61.86
944.1104,-61.82
944.1113,-61.78
944.1123,-61.78
944.1133,-61.79
944.1143,-61.84
944.1152,-61.88
944.1162,-61.89
944.1172,-61.89
944.1182,-61.84
944.1191,-61.79
944.1201,-61.80
944.1211,-61.81
944.1221,-61.83
944.1230,-61.84
944.1240,-61.89
944.1250,-61.93
944.1260,-61.87
944.1270,-61.81
944.1279,-61.80
944.1289,-61.78
944.1299,-61.70
944.1309,-61.63
944.1318,-61.47
944.1328,-61.31
944.1338,-61.35
944.1348,-61.39
944.1357,-61.50
944.1367,-61.61
944.1377,-61.54
944.1387,-61.47
944.1396,-61.46
944.1406,-61.46
944.1416,-61.27
944.1426,-61.08
944.1436,-60.84
944.1445,-60.60
944.1455,-60.70
944.1465,-60.80
944.1475,-60.53
944.1484,-60.26
944.1494,-60.79
944.1504,-61.31
944.1514,-61.39
944.1523,-61.47
944.1533,-61.46
944.1543,-61.45
944.1553,-61.46
944.1562,-61.48
944.1572,-61.36
944.1582,-61.24
944.1592,-61.20
944.1602,-61.16
944.1611,-61.37
944.1621,-61.58
944.1631,-61.51
944.1641,-61.44
944.1650,-61.45
944.1660,-61.46
944.1670,-61.37
944.1680,-61.29
944.1689,-61.25
944.1699,-61.21
944.1709,-61.37
944.1719,-61.52
944.1729,-61.53
944.1738,-61.55
944.1748,-61.25
944.1758,-60.95
944.1768,-61.01
944.1777,-61.06
944.1787,-60.57
944.1797,-60.09
944.1807,-59.61
944.1816,-59.13
944.1826,-59.81
944.1836,-60.49
944.1846,-60.96
944.1855,-61.43
944.1865,-61.53
944.1875,-61.63
944.1885,-61.59
944.1895,-61.56
944.1904,-61.58
944.1914,-61.60
944.1924,-61.56
944.1934,-61.53
944.1943,-61.47
944.1953,-61.42
944.1963,-61.51
944.1973,-61.60
944.1982,-61.63
944.1992,-61.77
944.2002,-61.80
944.2012,-61.80
944.2021,-61.85
944.2031,-61.88
944.2041,-61.86
944.2051,-61.76
944.2061,-61.72
944.2070,-61.61
944.2080,-61.67
944.2090,-61.75
944.2100,-61.76
944.2109,-61.83
944.2119,-61.79
944.2129,-61.75
944.2139,-61.75
944.2148,-61.70
944.2158,-61.54
944.2168,-61.40
944.2178,-61.38
944.2188,-61.33
944.2197,-61.47
944.2207,-61.63
944.2217,-61.61
944.2227,-61.67
944.2236,-61.69
944.2246,-61.65
944.2256,-61.66
944.2266,-61.71
944.2275,-61.79
944.2285,-61.81
944.2295,-61.75
944.2305,-61.79
944.2314,-61.79
944.2324,-61.72
944.2334,-61.68
944.2344,-61.75
944.2354,-61.74
944.2363,-61.77
944.2373,-61.81
944.2383,-61.75
944.2393,-61.76
944.2402,-61.76
944.2412,-61.67
944.2422,-61.70
944.2432,-61.68
944.2441,-61.61
944.2451,-61.66
944.2461,-61.79
944.2471,-61.77
944.2480,-61.76
944.2490,-61.64
944.2500,-61.57
944.2510,-61.67
944.2520,-61.76
944.2529,-61.74
944.2539,-61.86
944.2549,-61.86
944.2559,-61.67
944.2568,-61.63
944.2578,-61.81
944.2588,-61.81
944.2598,-61.60
944.2607,-61.70
944.2617,-61.73
944.2627,-61.64
944.2637,-61.64
944.2646,-61.68
944.2656,-61.73
944.2666,-61.78
944.2676,-61.90
944.2686,-61.77
944.2695,-61.73
944.2705,-61.65
944.2715,-61.47
944.2725,-61.61
944.2734,-61.79
944.2744,-61.81
944.2754,-61.78
944.2764,-61.75
944.2773,-61.75
944.2783,-61.73
944.2793,-61.63
944.2803,-61.61
944.2812,-61.72
944.2822,-61.72
944.2832,-61.71
944.2842,-61.76
944.2852,-61.80
944.2861,-61.81
944.2871,-61.80
944.2881,-61.75
944.2891,-61.75
944.2900,-61.62
944.2910,-61.38
944.2920,-61.59
944.2930,-61.66
944.2939,-61.72
944.2949,-61.93
944.2959,-61.86
944.2969,-61.91
944.2979,-61.77
944.2988,-61.64
944.2998,-61.66
944.3008,-61.68
944.3018,-61.64
944.3027,-61.60
944.3037,-61.63
944.3047,-61.66
944.3057,-61.70
944.3066,-61.74
944.3076,-61.72
944.3086,-61.69
944.3096,-61.61
944.3105,-61.52
944.3115,-61.60
944.3125,-61.68
944.3135,-61.71
944.3145,-61.75
944.3154,-61.75
944.3164,-61.76
944.3174,-61.67
944.3184,-61.58
944.3193,-61.06
944.3203,-60.55
944.3213,-60.31
944.3223,-60.06
944.3232,-60.81
944.3242,-61.56
944.3252,-61.64
944.3262,-61.73
944.3271,-61.73
944.3281,-61.74
944.3291,-61.71
944.3301,-61.68
944.3311,-61.71
944.3320,-61.74
944.3330,-61.76
944.3340,-61.78
944.3350,-61.79
944.3359,-61.80
944.3369,-61.67
944.3379,-61.53
944.3389,-61.55
944.3398,-61.57
944.3408,-61.67
944.3418,-61.77
944.3428,-61.75
944.3438,-61.73
944.3447,-61.78
944.3457,-61.84
944.3467,-61.82
944.3477,-61.80
944.3486,-61.82
944.3496,-61.84
944.3506,-61.88
944.3516,-61.91
944.3525,-61.93
944.3535,-61.94
944.3545,-61.97
944.3555,-62.01
944.3564,-61.81
944.3574,-61.62
944.3584,-61.48
944.3594,-61.34
944.3604,-61.57
944.3613,-61.81
944.3623,-61.78
944.3633,-61.76
944.3643,-61.72
944.3652,-61.69
944.3662,-61.70
944.3672,-61.72
944.3682,-61.80
944.3691,-61.88
944.3701,-61.92
944.3711,-61.97
944.3721,-61.93
944.3730,-61.90
944.3740,-61.91
944.3750,-61.91
944.3760,-61.88
944.3770,-61.85
944.3779,-61.83
944.3789,-61.80
944.3799,-61.83
944.3809,-61.86
944.3818,-61.84
944.3828,-61.83
944.3838,-61.76
944.3848,-61.70
944.3857,-61.64
944.3867,-61.57
944.3877,-61.62
944.3887,-61.66
944.3896,-61.62
944.3906,-61.58
944.3916,-61.67
944.3926,-61.76
944.3936,-61.82
944.3945,-61.87
944.3955,-61.82
944.3965,-61.77
944.3975,-61.73
944.3984,-61.70
944.3994,-61.77
944.4004,-61.83
944.4014,-61.80
944.4023,-61.77
944.4033,-61.76
944.4043,-61.75
944.4053,-61.47
944.4062,-61.19
944.4072,-61.32
944.4082,-61.45
944.4092,-61.59
944.4102,-61.73
944.4111,-61.75
944.4121,-61.77
944.4131,-61.74
944.4141,-61.71
944.4150,-61.72
944.4160,-61.73
944.4170,-61.79
944.4180,-61.84
944.4189,-61.83
944.4199,-61.82
944.4209,-61.80
944.4219,-61.78
944.4229,-61.76
944.4238,-61.73
944.4248,-61.76
944.4258,-61.79
944.4268,-61.79
944.4277,-61.79
944.4287,-61.79
944.4297,-61.79
944.4307,-61.71
944.4316,-61.63
944.4326,-61.47
944.4336,-61.31
944.4346,-61.49
944.4355,-61.67
944.4365,-61.67
944.4375,-61.66
944.4385,-61.61
944.4395,-61.56
944.4404,-61.68
944.4414,-61.80
944.4424,-61.80
944.4434,-61.81
944.4443,-61.67
944.4453,-61.52
944.4463,-61.37
944.4473,-61.21
944.4482,-61.47
944.4492,-61.72
944.4502,-61.74
944.4512,-61.76
944.4521,-61.67
944.4531,-61.58
944.4541,-61.41
944.4551,-61.24
944.4561,-61.49
944.4570,-61.73
944.4580,-61.80
944.4590,-61.87
944.4600,-61.86
944.4609,-61.85
944.4619,-61.80
944.4629,-61.76
944.4639,-61.83
944.4648,-61.91
944.4658,-61.92
944.4668,-61.93
944.4678,-61.92
944.4688,-61.91
944.4697,-61.82
944.4707,-61.73
944.4717,-61.73
944.4727,-61.73
944.4736,-61.77
944.4746,-61.82
944.4756,-61.84
944.4766,-61.85
944.4775,-61.74
944.4785,-61.62
944.4795,-61.49
944.4805,-61.36
944.4814,-61.40
944.4824,-61.44
944.4834,-61.65
944.4844,-61.86
944.4854,-61.85
944.4863,-61.83
944.4873,-61.82
944.4883,-61.81
944.4893,-61.81
944.4902,-61.81
944.4912,-61.79
944.4922,-61.76
944.4932,-61.33
944.4941,-60.89
944.4951,-61.03
944.4961,-61.17
944.4971,-61.50
944.4980,-61.83
944.4990,-61.78
944.5000,-61.72
944.5010,-61.65
944.5020,-61.58
944.5029,-61.63
944.5039,-61.68
944.5049,-61.76
944.5059,-61.84
944.5068,-61.85
944.5078,-61.87
944.5088,-61.81
944.5098,-61.76
944.5107,-61.75
944.5117,-61.73
944.5127,-61.80
944.5137,-61.87
944.5146,-61.86
944.5156,-61.85
944.5166,-61.80
944.5176,-61.76
944.5186,-61.70
944.5195,-61.65
944.5205,-61.68
944.5215,-61.72
944.5225,-61.77
944.5234,-61.82
944.5244,-61.68
944.5254,-61.54
944.5264,-61.43
944.5273,-61.31
944.5283,-61.28
944.5293,-61.26
944.5303,-61.43
944.5312,-61.61
944.5322,-61.65
944.5332,-61.68
944.5342,-61.65
944.5352,-61.63
944.5361,-61.71
944.5371,-61.80
944.5381,-61.80
944.5391,-61.80
944.5400,-61.60
944.5410,-61.40
944.5420,-60.98
944.5430,-60.56
944.5439,-61.10
944.5449,-61.64
944.5459,-61.79
944.5469,-61.94
944.5479,-61.91
944.5488,-61.88
944.5498,-61.78
944.5508,-61.68
944.5518,-61.73
944.5527,-61.77
944.5537,-61.79
944.5547,-61.80
944.5557,-61.81
944.5566,-61.82
944.5576,-61.83
944.5586,-61.83
944.5596,-61.84
944.5605,-61.85
944.5615,-61.87
944.5625,-61.89
944.5635,-61.90
944.5645,-61.90
944.5654,-61.82
944.5664,-61.73
944.5674,-61.77
944.5684,-61.81
944.5693,-61.84
944.5703,-61.87
944.5713,-61.84
944.5723,-61.81
944.5732,-61.63
944.5742,-61.46
944.5752,-61.31
944.5762,-61.15
944.5771,-61.35
944.5781,-61.54
944.5791,-61.62
944.5801,-61.69
944.5811,-61.43
944.5820,-61.16
944.5830,-61.20
944.5840,-61.25
944.5850,-61.52
944.5859,-61.79
944.5869,-61.81
944.5879,-61.84
944.5889,-61.51
944.5898,-61.17
944.5908,-61.20
944.5918,-61.22
944.5928,-61.52
944.5938,-61.83
944.5947,-61.84
944.5957,-61.85
944.5967,-61.80
944.5977,-61.75
944.5986,-61.75
944.5996,-61.75
944.6006,-61.82
944.6016,-61.89
944.6025,-61.86
944.6035,-61.84
944.6045,-61.74
944.6055,-61.63
944.6064,-61.61
944.6074,-61.58
944.6084,-61.68
944.6094,-61.79
944.6104,-61.81
944.6113,-61.82
944.6123,-61.72
944.6133,-61.61
944.6143,-61.54
944.6152,-61.47
944.6162,-61.63
944.6172,-61.79
944.6182,-61.81
944.6191,-61.82
944.6201,-61.79
944.6211,-61.76
944.6221,-61.53
944.6230,-61.31
944.6240,-61.28
944.6250,-61.26
944.6260,-61.52
944.6270,-61.78
944.6279,-61.63
944.6289,-61.47
944.6299,-61.03
944.6309,-60.58
944.6318,-60.98
944.6328,-61.38
944.6338,-61.54
944.6348,-61.71
944.6357,-61.71
944.6367,-61.72
944.6377,-61.55
944.6387,-61.38
944.6396,-61.53
944.6406,-61.69
944.6416,-61.78
944.6426,-61.86
944.6436,-61.85
944.6445,-61.83
944.6455,-61.74
944.6465,-61.65
944.6475,-61.72
944.6484,-61.79
944.6494,-61.85
944.6504,-61.91
944.6514,-61.86
944.6523,-61.81
944.6533,-61.76
944.6543,-61.72
944.6553,-61.75
944.6562,-61.78
944.6572,-61.81
944.6582,-61.84
944.6592,-61.85
944.6602,-61.86
944.6611,-61.62
944.6621,-61.37
944.6631,-61.42
944.6641,-61.46
944.6650,-61.63
944.6660,-61.80
944.6670,-61.81
944.6680,-61.82
944.6689,-61.67
944.6699,-61.52
944.6709,-61.27
944.6719,-61.02
944.6729,-61.33
944.6738,-61.63
944.6748,-61.72
944.6758,-61.81
944.6768,-61.48
944.6777,-61.16
944.6787,-61.09
944.6797,-61.02
944.6807,-61.35
944.6816,-61.67
944.6826,-61.69
944.6836,-61.71
944.6846,-61.63
944.6855,-61.54
944.6865,-61.52
944.6875,-61.50
944.6885,-61.65
944.6895,-61.79
944.6904,-61.80
944.6914,-61.81
944.6924,-61.79
944.6934,-61.77
944.6943,-61.77
944.6953,-61.76
944.6963,-61.79
944.6973,-61.83
944.6982,-61.80
944.6992,-61.77
944.7002,-61.69
944.7012,-61.61
944.7021,-61.61
944.7031,-61.62
944.7041,-61.72
944.7051,-61.82
944.7061,-61.79
944.7070,-61.77
944.7080,-61.64
944.7090,-61.51
944.7100,-61.42
944.7109,-61.32
944.7119,-61.42
944.7129,-61.51
944.7139,-61.55
944.7148,-61.59
944.7158,-61.47
944.7168,-61.35
944.7178,-60.88
944.7188,-60.41
944.7197,-60.68
944.7207,-60.96
944.7217,-61.31
944.7227,-61.66
944.7236,-61.69
944.7246,-61.71
944.7256,-61.50
944.7266,-61.29
944.7275,-61.36
944.7285,-61.43
944.7295,-61.53
944.7305,-61.62
944.7314,-61.61
944.7324,-61.60
944.7334,-61.51
944.7344,-61.41
944.7354,-61.51
944.7363,-61.61
944.7373,-61.62
944.7383,-61.64
944.7393,-61.60
944.7402,-61.56
944.7412,-61.55
944.7422,-61.53
944.7432,-61.57
944.7441,-61.61
944.7451,-61.66
944.7461,-61.72
944.7471,-61.65
944.7480,-61.57
944.7490,-61.49
944.7500,-61.41
944.7510,-61.43
944.7520,-61.45
944.7529,-61.53
944.7539,-61.61
944.7549,-61.61
944.7559,-61.62
944.7568,-61.55
944.7578,-61.49
944.7588,-61.54
944.7598,-61.59
944.7607,-61.67
944.7617,-61.75
944.7627,-61.74
944.7637,-61.73
944.7646,-61.23
944.7656,-60.72
944.7666,-60.56
944.7676,-60.39
944.7686,-60.99
944.7695,-61.58
944.7705,-61.67
944.7715,-61.77
944.7725,-61.61
944.7734,-61.45
944.7744,-61.33
944.7754,-61.22
944.7764,-61.39
944.7773,-61.55
944.7783,-61.57
944.7793,-61.59
944.7803,-61.48
944.7812,-61.38
944.7822,-61.34
944.7832,-61.30
944.7842,-61.48
944.7852,-61.65
944.7861,-61.70
944.7871,-61.75
944.7881,-61.72
944.7891,-61.69
944.7900,-61.65
944.7910,-61.60
944.7920,-61.64
944.7930,-61.68
944.7939,-61.70
944.7949,-61.71
944.7959,-61.68
944.7969,-61.65
944.7979,-61.50
944.7988,-61.35
944.7998,-61.49
944.8008,-61.62
944.8018,-61.65
944.8027,-61.67
944.8037,-61.57
944.8047,-61.47
944.8057,-61.34
944.8066,-61.21
944.8076,-61.36
944.8086,-61.52
944.8096,-61.57
944.8105,-61.63
944.8115,-61.52
944.8125,-61.41
944.8135,-60.96
944.8145,-60.50
944.8154,-60.78
944.8164,-61.06
944.8174,-61.25
944.8184,-61.45
944.8193,-61.45
944.8203,-61.46
944.8213,-61.28
944.8223,-61.11
944.8232,-61.17
944.8242,-61.23
944.8252,-61.43
944.8262,-61.63
944.8271,-61.63
944.8281,-61.64
944.8291,-61.59
944.8301,-61.53
944.8311,-61.56
944.8320,-61.58
944.8330,-61.44
944.8340,-61.29
944.8350,-60.92
944.8359,-60.54
944.8369,-60.84
944.8379,-61.14
944.8389,-61.26
944.8398,-61.38
944.8408,-61.41
944.8418,-61.45
944.8428,-61.45
944.8438,-61.45
944.8447,-61.45
944.8457,-61.45
944.8467,-61.46
944.8477,-61.47
944.8486,-61.58
944.8496,-61.68
944.8506,-61.61
944.8516,-61.54
944.8525,-61.37
944.8535,-61.19
944.8545,-61.11
944.8555,-61.03
944.8564,-61.25
944.8574,-61.47
944.8584,-61.46
944.8594,-61.45
944.8604,-61.23
944.8613,-61.02
944.8623,-60.94
944.8633,-60.86
944.8643,-61.16
944.8652,-61.45
944.8662,-61.52
944.8672,-61.58
944.8682,-61.52
944.8691,-61.45
944.8701,-61.35
944.8711,-61.24
944.8721,-61.37
944.8730,-61.51
944.8740,-61.54
944.8750,-61.57
944.8760,-61.55
944.8770,-61.53
944.8779,-61.49
944.8789,-61.45
944.8799,-61.50
944.8809,-61.55
944.8818,-61.60
944.8828,-61.66
944.8838,-61.61
944.8848,-61.56
944.8857,-61.35
944.8867,-61.15
944.8877,-61.23
944.8887,-61.32
944.8896,-61.38
944.8906,-61.44
944.8916,-61.45
944.8926,-61.45
944.8936,-61.37
944.8945,-61.29
944.8955,-61.35
944.8965,-61.41
944.8975,-61.42
944.8984,-61.44
944.8994,-61.36
944.9004,-61.29
944.9014,-61.18
944.9023,-61.07
944.9033,-61.16
944.9043,-61.24
944.9053,-61.27
944.9062,-61.30
944.9072,-61.08
944.9082,-60.86
944.9092,-60.62
944.9102,-60.39
944.9111,-60.69
944.9121,-60.99
944.9131,-61.14
944.9141,-61.29
944.9150,-61.26
944.9160,-61.22
944.9170,-61.16
944.9180,-61.10
944.9189,-61.10
944.9199,-61.11
944.9209,-61.17
944.9219,-61.24
944.9229,-61.25
944.9238,-61.26
944.9248,-61.18
944.9258,-61.09
944.9268,-61.07
944.9277,-61.06
944.9287,-61.07
944.9297,-61.08
944.9307,-61.07
944.9316,-61.07
944.9326,-60.96
944.9336,-60.86
944.9346,-60.76
944.9355,-60.66
944.9365,-60.71
944.9375,-60.77
944.9385,-60.78
944.9395,-60.80
944.9404,-60.62
944.9414,-60.44
944.9424,-60.42
944.9434,-60.40
944.9443,-60.29
944.9453,-60.19
944.9463,-59.96
944.9473,-59.73
944.9482,-59.94
944.9492,-60.15
944.9502,-60.20
944.9512,-60.24
944.9521,-60.19
944.9531,-60.13
944.9541,-60.01
944.9551,-59.89
944.9561,-59.62
944.9570,-59.35
944.9580,-59.35
944.9590,-59.36
944.9600,-59.62
944.9609,-59.89
944.9619,-60.04
944.9629,-60.19
944.9639,-60.15
944.9648,-60.10
944.9658,-59.93
944.9668,-59.76
944.9678,-59.22
944.9688,-58.68
944.9697,-58.65
944.9707,-58.62
944.9717,-58.95
944.9727,-59.28
944.9736,-58.41
944.9746,-57.54
944.9756,-57.16
944.9766,-56.79
944.9775,-57.55
944.9785,-58.32
944.9795,-57.87
944.9805,-57.42
944.9814,-57.42
944.9824,-57.42
944.9834,-57.93
944.9844,-58.44
944.9854,-57.86
944.9863,-57.28
944.9873,-56.91
944.9883,-56.54
944.9893,-56.79
944.9902,-57.04
944.9912,-57.00
944.9922,-56.97
944.9932,-56.46
944.9941,-55.96
944.9951,-55.45
944.9961,-54.93
944.9971,-54.26
944.9980,-53.59
944.9990,-53.96
945.0000,-54.33
945.0010,-54.02
945.0020,-53.72
945.0029,-54.22
945.0039,-54.71
945.0049,-54.77
945.0059,-54.82
945.0068,-55.38
945.0078,-55.93
945.0088,-56.51
945.0098,-57.08
945.0107,-57.18
945.0117,-57.28
945.0127,-56.96
945.0137,-56.64
945.0146,-56.78
945.0156,-56.91
945.0166,-57.61
945.0176,-58.31
945.0186,-58.43
945.0195,-58.54
945.0205,-58.56
945.0215,-58.59
945.0225,-58.24
945.0234,-57.90
945.0244,-57.49
945.0254,-57.07
945.0264,-57.36
945.0273,-57.64
945.0283,-57.64
945.0293,-57.64
945.0303,-56.63
945.0312,-55.62
945.0322,-56.14
945.0332,-56.66
945.0342,-57.35
945.0352,-58.04
945.0361,-56.95
945.0371,-55.85
945.0381,-55.09
945.0391,-54.33
945.0400,-54.01
945.0410,-53.68
945.0420,-52.32
945.0430,-50.96
945.0439,-49.89
945.0449,-48.81
945.0459,-47.88
945.0469,-46.96
945.0479,-47.79
945.0488,-48.63
945.0498,-48.22
945.0508,-47.80
945.0518,-47.33
945.0527,-46.87
945.0537,-48.31
945.0547,-49.75
945.0557,-48.39
945.0566,-47.02
945.0576,-46.73
945.0586,-46.43
945.0596,-46.61
945.0605,-46.78
945.0615,-45.47
945.0625,-44.16
945.0635,-44.39
945.0645,-44.62
945.0654,-43.29
945.0664,-41.97
945.0674,-42.09
945.0684,-42.22
945.0693,-41.20
945.0703,-40.18
945.0713,-38.89
945.0723,-37.60
945.0732,-36.16
945.0742,-34.72
945.0752,-35.37
945.0762,-36.02
945.0771,-38.45
945.0781,-40.87
945.0791,-40.23
945.0801,-39.59
945.0811,-39.08
945.0820,-38.58
945.0830,-35.84
945.0840,-33.11
945.0850,-32.58
945.0859,-32.05
945.0869,-33.84
945.0879,-35.63
945.0889,-35.52
945.0898,-35.41
945.0908,-33.96
945.0918,-32.51
945.0928,-32.13
945.0938,-31.75
945.0947,-31.86
945.0957,-31.96
945.0967,-31.97
945.0977,-31.97
945.0986,-32.04
945.0996,-32.10
945.1006,-33.16
945.1016,-34.23
945.1025,-34.00
945.1035,-33.76
945.1045,-33.93
945.1055,-34.09
945.1064,-32.49
945.1074,-30.90
945.1084,-28.80
945.1094,-26.69
945.1104,-25.52
945.1113,-24.34
945.1123,-25.79
945.1133,-27.24
945.1143,-28.72
945.1152,-30.19
945.1162,-30.55
945.1172,-30.91
945.1182,-32.65
945.1191,-34.38
945.1201,-32.83
945.1211,-31.27
945.1221,-29.56
945.1230,-27.84
945.1240,-28.25
945.1250,-28.66
945.1260,-27.87
945.1270,-27.09
945.1279,-27.07
945.1289,-27.05
945.1299,-26.86
945.1309,-26.68
945.1318,-25.03
945.1328,-23.38
945.1338,-23.81
945.1348,-24.24
945.1357,-25.07
945.1367,-25.91
945.1377,-25.22
945.1387,-24.54
945.1396,-24.87
945.1406,-25.20
945.1416,-24.33
945.1426,-23.46
945.1436,-22.22
945.1445,-20.99
945.1455,-21.66
945.1465,-22.34
945.1475,-21.50
945.1484,-20.65
945.1494,-22.32
945.1504,-24.00
945.1514,-23.88
945.1523,-23.77
945.1533,-23.62
945.1543,-23.47
945.1553,-23.99
945.1562,-24.51
945.1572,-23.29
945.1582,-22.06
945.1592,-21.66
945.1602,-21.26
945.1611,-22.79
945.1621,-24.31
945.1631,-23.70
945.1641,-23.09
945.1650,-23.48
945.1660,-23.87
945.1670,-23.94
945.1680,-24.02
945.1689,-23.76
945.1699,-23.50
945.1709,-25.26
945.1719,-27.01
945.1729,-27.61
945.1738,-28.21
945.1748,-26.17
945.1758,-24.14
945.1768,-24.04
945.1777,-23.94
945.1787,-21.69
945.1797,-19.43
945.1807,-18.19
945.1816,-16.95
945.1826,-18.45
945.1836,-19.95
945.1846,-22.08
945.1855,-24.21
945.1865,-24.81
945.1875,-25.41
945.1885,-25.16
945.1895,-24.92
945.1904,-24.67
945.1914,-24.42
945.1924,-23.00
945.1934,-21.59
945.1943,-21.54
945.1953,-21.48
945.1963,-21.16
945.1973,-20.83
945.1982,-20.38
945.1992,-19.93
945.2002,-20.35
945.2012,-20.77
945.2021,-22.23
945.2031,-23.68
945.2041,-22.95
945.2051,-22.23
945.2061,-20.32
945.2070,-18.41
945.2080,-19.27
945.2090,-20.13
945.2100,-21.84
945.2109,-23.55
945.2119,-23.18
945.2129,-22.82
945.2139,-23.12
945.2148,-23.42
945.2158,-20.36
945.2168,-17.30
945.2178,-16.98
945.2188,-16.67
945.2197,-18.11
945.2207,-19.55
945.2217,-20.14
945.2227,-20.73
945.2236,-21.09
945.2246,-21.46
945.2256,-20.85
945.2266,-20.24
945.2275,-21.19
945.2285,-22.14
945.2295,-21.77
945.2305,-21.39
945.2314,-22.59
945.2324,-23.78
945.2334,-23.31
945.2344,-22.83
945.2354,-23.58
945.2363,-24.34
945.2373,-23.80
945.2383,-23.25
945.2393,-21.10
945.2402,-18.95
945.2412,-19.64
945.2422,-20.33
945.2432,-19.70
945.2441,-19.07
945.2451,-17.75
945.2461,-16.44
945.2471,-16.99
945.2480,-17.55
945.2490,-18.49
945.2500,-19.44
945.2510,-19.21
945.2520,-18.99
945.2529,-20.37
945.2539,-21.76
945.2549,-22.47
945.2559,-23.18
945.2568,-21.71
945.2578,-20.24
945.2588,-19.80
945.2598,-19.36
945.2607,-20.80
945.2617,-22.23
945.2627,-21.45
945.2637,-20.67
945.2646,-21.22
945.2656,-21.77
945.2666,-23.08
945.2676,-24.38
945.2686,-22.13
945.2695,-19.88
945.2705,-18.99
945.2715,-18.10
945.2725,-20.23
945.2734,-22.36
945.2744,-21.98
945.2754,-21.61
945.2764,-21.59
945.2773,-21.58
945.2783,-21.41
945.2793,-21.24
945.2803,-20.18
945.2812,-19.12
945.2822,-19.76
945.2832,-20.40
945.2842,-21.64
945.2852,-22.87
945.2861,-22.52
945.2871,-22.16
945.2881,-23.89
945.2891,-25.62
945.2900,-23.94
945.2910,-22.26
945.2920,-21.78
945.2930,-21.30
945.2939,-23.17
945.2949,-25.03
945.2959,-25.32
945.2969,-25.61
945.2979,-23.94
945.2988,-22.27
945.2998,-23.40
945.3008,-24.53
945.3018,-24.05
945.3027,-23.57
945.3037,-23.27
945.3047,-22.96
945.3057,-24.87
945.3066,-26.78
945.3076,-26.78
945.3086,-26.77
945.3096,-25.62
945.3105,-24.47
945.3115,-24.59
945.3125,-24.70
945.3135,-24.73
945.3145,-24.76
945.3154,-24.06
945.3164,-23.37
945.3174,-23.77
945.3184,-24.17
945.3193,-26.09
945.3203,-28.00
945.3213,-27.48
945.3223,-26.96
945.3232,-28.16
945.3242,-29.35
945.3252,-32.03
945.3262,-34.71
945.3271,-33.95
945.3281,-33.20
945.3291,-33.82
945.3301,-34.45
945.3311,-34.24
945.3320,-34.04
945.3330,-33.68
945.3340,-33.31
945.3350,-33.66
945.3359,-34.01
945.3369,-33.77
945.3379,-33.52
945.3389,-34.82
945.3398,-36.12
945.3408,-35.73
945.3418,-35.34
945.3428,-34.14
945.3438,-32.94
945.3447,-32.71
945.3457,-32.48
945.3467,-34.09
945.3477,-35.69
945.3486,-37.36
945.3496,-39.03
945.3506,-39.17
945.3516,-39.30
945.3525,-39.26
945.3535,-39.22
945.3545,-38.15
945.3555,-37.08
945.3564,-38.09
945.3574,-39.11
945.3584,-40.49
945.3594,-41.87
945.3604,-41.80
945.3613,-41.73
945.3623,-41.43
945.3633,-41.13
945.3643,-41.33
945.3652,-41.53
945.3662,-42.38
945.3672,-43.24
945.3682,-43.79
945.3691,-44.33
945.3701,-44.84
945.3711,-45.35
945.3721,-47.33
945.3730,-49.30
945.3740,-48.52
945.3750,-47.74
945.3760,-47.40
945.3770,-47.06
945.3779,-46.23
945.3789,-45.40
945.3799,-43.44
945.3809,-41.49
945.3818,-42.09
945.3828,-42.70
945.3838,-44.65
945.3848,-46.61
945.3857,-47.67
945.3867,-48.74
945.3877,-48.86
945.3887,-48.98
945.3896,-49.15
945.3906,-49.31
945.3916,-47.99
945.3926,-46.68
945.3936,-46.12
945.3945,-45.57
945.3955,-45.11
945.3965,-44.65
945.3975,-43.99
945.3984,-43.33
945.3994,-43.13
945.4004,-42.93
945.4014,-44.17
945.4023,-45.42
945.4033,-45.88
945.4043,-46.34
945.4053,-43.93
945.4062,-41.53
945.4072,-41.23
945.4082,-40.93
945.4092,-43.05
945.4102,-45.16
945.4111,-45.38
945.4121,-45.60
945.4131,-46.07
945.4141,-46.53
945.4150,-45.52
945.4160,-44.52
945.4170,-43.26
945.4180,-42.00
945.4189,-43.02
945.4199,-44.04
945.4209,-45.32
945.4219,-46.61
945.4229,-47.47
945.4238,-48.32
945.4248,-47.88
945.4258,-47.43
945.4268,-48.19
945.4277,-48.95
945.4287,-48.38
945.4297,-47.82
945.4307,-48.61
945.4316,-49.40
945.4326,-49.44
945.4336,-49.48
945.4346,-49.47
945.4355,-49.46
945.4365,-50.36
945.4375,-51.26
945.4385,-48.58
945.4395,-45.91
945.4404,-45.52
945.4414,-45.13
945.4424,-45.64
945.4434,-46.15
945.4443,-44.43
945.4453,-42.71
945.4463,-42.71
945.4473,-42.70
945.4482,-43.94
945.4492,-45.18
945.4502,-45.39
945.4512,-45.60
945.4521,-46.13
945.4531,-46.67
945.4541,-48.30
945.4551,-49.93
945.4561,-49.40
945.4570,-48.87
945.4580,-47.78
945.4590,-46.68
945.4600,-48.02
945.4609,-49.36
945.4619,-50.49
945.4629,-51.61
945.4639,-51.56
945.4648,-51.52
945.4658,-53.38
945.4668,-55.23
945.4678,-54.88
945.4688,-54.53
945.4697,-53.25
945.4707,-51.96
945.4717,-52.95
945.4727,-53.94
945.4736,-55.20
945.4746,-56.47
945.4756,-55.56
945.4766,-54.66
945.4775,-54.77
945.4785,-54.87
945.4795,-53.67
945.4805,-52.47
945.4814,-52.57
945.4824,-52.67
945.4834,-53.96
945.4844,-55.25
945.4854,-55.50
945.4863,-55.74
945.4873,-56.33
945.4883,-56.92
945.4893,-57.13
945.4902,-57.34
945.4912,-56.27
945.4922,-55.20
945.4932,-55.76
945.4941,-56.32
945.4951,-57.12
945.4961,-57.91
945.4971,-56.88
945.4980,-55.84
945.4990,-55.92
945.5000,-55.99
945.5010,-56.05
945.5020,-56.11
945.5029,-55.36
945.5039,-54.60
945.5049,-55.57
945.5059,-56.54
945.5068,-56.82
945.5078,-57.10
945.5088,-56.21
945.5098,-55.31
945.5107,-54.76
945.5117,-54.21
945.5127,-54.80
945.5137,-55.39
945.5146,-55.19
945.5156,-54.99
945.5166,-55.00
945.5176,-55.02
945.5186,-56.19
945.5195,-57.36
945.5205,-57.82
945.5215,-58.27
945.5225,-58.31
945.5234,-58.35
945.5244,-59.13
945.5254,-59.92
945.5264,-59.64
945.5273,-59.35
945.5283,-59.11
945.5293,-58.87
945.5303,-59.03
945.5312,-59.18
945.5322,-58.56
945.5332,-57.94
945.5342,-57.51
945.5352,-57.08
945.5361,-56.87
945.5371,-56.67
945.5381,-57.22
945.5391,-57.76
945.5400,-58.00
945.5410,-58.23
945.5420,-57.42
945.5430,-56.61
945.5439,-56.16
945.5449,-55.71
945.5459,-55.79
945.5469,-55.88
945.5479,-56.16
945.5488,-56.45
945.5498,-56.89
945.5508,-57.34
945.5518,-56.90
945.5527,-56.46
945.5537,-55.72
945.5547,-54.99
945.5557,-54.89
945.5566,-54.79
945.5576,-55.23
945.5586,-55.68
945.5596,-56.27
945.5605,-56.87
945.5615,-57.55
945.5625,-58.23
945.5635,-58.21
945.5645,-58.19
945.5654,-58.26
945.5664,-58.34
945.5674,-58.46
945.5684,-58.58
945.5693,-58.66
945.5703,-58.74
945.5713,-58.92
945.5723,-59.10
945.5732,-58.77
945.5742,-58.45
945.5752,-57.64
945.5762,-56.82
945.5771,-56.73
945.5781,-56.64
945.5791,-55.47
945.5801,-54.30
945.5811,-54.05
945.5820,-53.81
945.5830,-55.01
945.5840,-56.21
945.5850,-57.23
945.5859,-58.25
945.5869,-58.60
945.5879,-58.94
945.5889,-58.66
945.5898,-58.38
945.5908,-58.35
945.5918,-58.32
945.5928,-58.45
945.5938,-58.58
945.5947,-58.49
945.5957,-58.41
945.5967,-58.24
945.5977,-58.07
945.5986,-57.79
945.5996,-57.52
945.6006,-57.85
945.6016,-58.17
945.6025,-58.60
945.6035,-59.02
945.6045,-58.56
945.6055,-58.11
945.6064,-57.48
945.6074,-56.86
945.6084,-57.59
945.6094,-58.31
945.6104,-58.83
945.6113,-59.35
945.6123,-59.19
945.6133,-59.02
945.6143,-58.68
945.6152,-58.34
945.6162,-57.45
945.6172,-56.56
945.6182,-56.70
945.6191,-56.85
945.6201,-57.44
945.6211,-58.03
945.6221,-57.78
945.6230,-57.52
945.6240,-57.35
945.6250,-57.18
945.6260,-57.42
945.6270,-57.65
945.6279,-57.60
945.6289,-57.55
945.6299,-57.34
945.6309,-57.14
945.6318,-57.44
945.6328,-57.73
945.6338,-57.71
945.6348,-57.69
945.6357,-57.97
945.6367,-58.24
945.6377,-57.58
945.6387,-56.91
945.6396,-56.27
945.6406,-55.63
945.6416,-55.99
945.6426,-56.34
945.6436,-55.56
945.6445,-54.79
945.6455,-54.20
945.6465,-53.61
945.6475,-54.21
945.6484,-54.81
945.6494,-55.35
945.6504,-55.88
945.6514,-55.85
945.6523,-55.82
945.6533,-56.71
945.6543,-57.60
945.6553,-57.90
945.6562,-58.21
945.6572,-57.59
945.6582,-56.97
945.6592,-56.88
945.6602,-56.80
945.6611,-56.92
945.6621,-57.04
945.6631,-56.72
945.6641,-56.40
945.6650,-56.65
945.6660,-56.90
945.6670,-57.15
945.6680,-57.41
945.6689,-56.49
945.6699,-55.57
945.6709,-55.08
945.6719,-54.59
945.6729,-55.14
945.6738,-55.69
945.6748,-56.04
945.6758,-56.40
945.6768,-57.18
945.6777,-57.95
945.6787,-57.41
945.6797,-56.87
945.6807,-56.37
945.6816,-55.86
945.6826,-56.02
945.6836,-56.18
945.6846,-56.15
945.6855,-56.11
945.6865,-56.80
945.6875,-57.48
945.6885,-57.75
945.6895,-58.02
945.6904,-57.33
945.6914,-56.63
945.6924,-56.58
945.6934,-56.53
945.6943,-57.06
945.6953,-57.59
945.6963,-57.77
945.6973,-57.96
945.6982,-57.64
945.6992,-57.65
945.7002,-57.81
945.7012,-58.20
945.7021,-57.94
945.7031,-57.83
945.7041,-58.04
945.7051,-58.08
945.7061,-57.88
945.7070,-57.59
945.7080,-56.01
945.7090,-54.55
945.7100,-53.13
945.7109,-51.81
945.7119,-52.46
945.7129,-53.06
945.7139,-54.37
945.7148,-55.61
945.7158,-55.63
945.7168,-55.72
945.7178,-56.49
945.7188,-57.21
945.7197,-56.73
945.7207,-56.30
945.7217,-54.93
945.7227,-53.47
945.7236,-53.48
945.7246,-53.81
945.7256,-53.41
945.7266,-52.60
945.7275,-52.17
945.7285,-52.16
945.7295,-52.35
945.7305,-52.06
945.7314,-50.20
945.7324,-48.85
945.7334,-48.79
945.7344,-48.37
945.7354,-49.22
945.7363,-50.61
945.7373,-50.02
945.7383,-49.00
945.7393,-48.88
945.7402,-49.18
945.7412,-48.76
945.7422,-47.87
945.7432,-46.09
945.7441,-44.88
945.7451,-45.37
945.7461,-45.35
945.7471,-44.29
945.7480,-43.69
945.7490,-44.72
945.7500,-45.34
945.7510,-45.65
945.7520,-46.45
945.7529,-45.84
945.7539,-44.74
945.7549,-45.35
945.7559,-46.35
945.7568,-45.24
945.7578,-43.76
945.7588,-42.93
945.7598,-42.46
945.7607,-43.87
945.7617,-44.92
945.7627,-44.78
945.7637,-45.06
945.7646,-45.07
945.7656,-44.62
945.7666,-45.14
945.7676,-46.12
945.7686,-45.33
945.7695,-44.15
945.7705,-45.80
945.7715,-47.12
945.7725,-48.64
945.7734,-50.54
945.7744,-48.35
945.7754,-45.76
945.7764,-45.58
945.7773,-44.93
945.7783,-43.32
945.7793,-42.09
945.7803,-39.94
945.7812,-38.14
945.7822,-39.07
945.7832,-40.35
945.7842,-42.46
945.7852,-44.28
945.7861,-45.36
945.7871,-46.13
945.7881,-45.70
945.7891,-45.51
945.7900,-45.25
945.7910,-45.25
945.7920,-44.10
945.7930,-42.70
945.7939,-42.67
945.7949,-42.96
945.7959,-42.60
945.7969,-42.57
945.7979,-42.09
945.7988,-41.62
945.7998,-41.72
945.8008,-41.81
945.8018,-43.41
945.8027,-45.00
945.8037,-44.86
945.8047,-44.72
945.8057,-42.44
945.8066,-40.17
945.8076,-40.43
945.8086,-40.69
945.8096,-42.66
945.8105,-44.63
945.8115,-44.28
945.8125,-43.93
945.8135,-44.60
945.8145,-45.27
945.8154,-42.42
945.8164,-39.57
945.8174,-38.63
945.8184,-37.68
945.8193,-39.05
945.8203,-40.41
945.8213,-41.17
945.8223,-41.93
945.8232,-42.53
945.8242,-43.13
945.8252,-42.11
945.8262,-41.08
945.8271,-42.12
945.8281,-43.16
945.8291,-42.55
945.8301,-41.94
945.8311,-42.97
945.8320,-44.01
945.8330,-44.08
945.8340,-44.15
945.8350,-44.52
945.8359,-44.88
945.8369,-45.26
945.8379,-45.64
945.8389,-42.92
945.8398,-40.20
945.8408,-40.35
945.8418,-40.50
945.8428,-40.46
945.8438,-40.41
945.8447,-38.83
945.8457,-37.25
945.8467,-37.46
945.8477,-37.67
945.8486,-38.71
945.8496,-39.75
945.8506,-39.59
945.8516,-39.42
945.8525,-40.34
945.8535,-41.25
945.8545,-42.40
945.8555,-43.55
945.8564,-42.52
945.8574,-41.50
945.8584,-40.81
945.8594,-40.12
945.8604,-40.93
945.8613,-41.73
945.8623,-41.46
945.8633,-41.20
945.8643,-41.13
945.8652,-41.06
945.8662,-41.45
945.8672,-41.83
945.8682,-41.20
945.8691,-40.57
945.8701,-39.45
945.8711,-38.33
945.8721,-37.97
945.8730,-37.60
945.8740,-36.97
945.8750,-36.35
945.8760,-37.46
945.8770,-38.58
945.8779,-39.29
945.8789,-40.00
945.8799,-39.32
945.8809,-38.64
945.8818,-38.03
945.8828,-37.42
945.8838,-36.02
945.8848,-34.62
945.8857,-35.12
945.8867,-35.62
945.8877,-36.79
945.8887,-37.96
945.8896,-37.21
945.8906,-36.45
945.8916,-35.36
945.8926,-34.28
945.8936,-34.33
945.8945,-34.37
945.8955,-34.30
945.8965,-34.23
945.8975,-34.06
945.8984,-33.89
945.8994,-34.01
945.9004,-34.12
945.9014,-34.52
945.9023,-34.91
945.9033,-34.89
945.9043,-34.87
945.9053,-34.62
945.9062,-34.38
945.9072,-32.76
945.9082,-31.15
945.9092,-29.60
945.9102,-28.06
945.9111,-27.72
945.9121,-27.38
945.9131,-29.10
945.9141,-30.83
945.9150,-31.09
945.9160,-31.35
945.9170,-31.89
945.9180,-32.44
945.9189,-32.93
945.9199,-33.42
945.9209,-32.16
945.9219,-30.89
945.9229,-30.14
945.9238,-29.39
945.9248,-29.39
945.9258,-29.39
945.9268,-28.51
945.9277,-27.63
945.9287,-27.90
945.9297,-28.17
945.9307,-27.17
945.9316,-26.18
945.9326,-25.37
945.9336,-24.56
945.9346,-24.61
945.9355,-24.66
945.9365,-24.57
945.9375,-24.48
945.9385,-24.62
945.9395,-24.75
945.9404,-25.45
945.9414,-26.15
945.9424,-24.64
945.9434,-23.13
945.9443,-22.69
945.9453,-22.25
945.9463,-22.10
945.9473,-21.95
945.9482,-22.18
945.9492,-22.41
945.9502,-23.69
945.9512,-24.98
945.9521,-23.97
945.9531,-22.96
945.9541,-22.64
945.9551,-22.33
945.9561,-22.32
945.9570,-22.31
945.9580,-21.96
945.9590,-21.61
945.9600,-22.10
945.9609,-22.60
945.9619,-23.33
945.9629,-24.07
945.9639,-23.62
945.9648,-23.17
945.9658,-23.98
945.9668,-24.78
945.9678,-24.49
945.9688,-24.21
945.9697,-24.64
945.9707,-25.08
945.9717,-25.91
945.9727,-26.73
945.9736,-26.09
945.9746,-25.45
945.9756,-24.65
945.9766,-23.86
945.9775,-23.60
945.9785,-23.34
945.9795,-21.19
945.9805,-19.03
945.9814,-19.08
945.9824,-19.13
945.9834,-20.68
945.9844,-22.22
945.9854,-23.41
945.9863,-24.59
945.9873,-24.64
945.9883,-24.69
945.9893,-24.50
945.9902,-24.30
945.9912,-23.61
945.9922,-22.93
945.9932,-22.53
945.9941,-22.13
945.9951,-22.02
945.9961,-21.90
945.9971,-21.69
945.9980,-21.47
945.9990,-21.24
946.0000,-21.01
946.0010,-21.87
946.0020,-22.73
946.0029,-23.47
946.0039,-24.22
946.0049,-22.71
946.0059,-21.19
946.0068,-20.34
946.0078,-19.49
946.0088,-20.83
946.0098,-22.17
946.0107,-22.54
946.0117,-22.90
946.0127,-22.99
946.0137,-23.07
946.0146,-22.30
946.0156,-21.52
946.0166,-19.78
946.0176,-18.03
946.0186,-18.70
946.0195,-19.37
946.0205,-20.54
946.0215,-21.72
946.0225,-22.14
946.0234,-22.57
946.0244,-22.15
946.0254,-21.74
946.0264,-22.07
946.0273,-22.40
946.0283,-22.25
946.0293,-22.10
946.0303,-22.25
946.0312,-22.41
946.0322,-23.00
946.0332,-23.60
946.0342,-23.59
946.0352,-23.59
946.0361,-24.47
946.0371,-25.35
946.0381,-23.86
946.0391,-22.36
946.0400,-21.55
946.0410,-20.73
946.0420,-21.36
946.0430,-21.99
946.0439,-20.64
946.0449,-19.28
946.0459,-18.84
946.0469,-18.40
946.0479,-19.24
946.0488,-20.09
946.0498,-20.42
946.0508,-20.74
946.0518,-20.88
946.0527,-21.01
946.0537,-22.55
946.0547,-24.09
946.0557,-23.94
946.0566,-23.80
946.0576,-22.52
946.0586,-21.25
946.0596,-21.71
946.0605,-22.18
946.0615,-22.82
946.0625,-23.46
946.0635,-23.02
946.0645,-22.59
946.0654,-23.74
946.0664,-24.90
946.0674,-24.75
946.0684,-24.61
946.0693,-22.78
946.0703,-20.96
946.0713,-21.03
946.0723,-21.09
946.0732,-22.68
946.0742,-24.27
946.0752,-23.94
946.0762,-23.61
946.0771,-24.24
946.0781,-24.86
946.0791,-23.60
946.0801,-22.35
946.0811,-21.73
946.0820,-21.12
946.0830,-22.45
946.0840,-23.78
946.0850,-24.43
946.0859,-25.09
946.0869,-25.30
946.0879,-25.52
946.0889,-25.80
946.0898,-26.08
946.0908,-24.92
946.0918,-23.76
946.0928,-24.53
946.0938,-25.29
946.0947,-26.84
946.0957,-28.38
946.0967,-27.50
946.0977,-26.62
946.0986,-26.24
946.0996,-25.86
946.1006,-26.64
946.1016,-27.43
946.1025,-26.66
946.1035,-25.89
946.1045,-26.63
946.1055,-27.36
946.1064,-28.55
946.1074,-29.75
946.1084,-29.30
946.1094,-28.86
946.1104,-28.04
946.1113,-27.22
946.1123,-27.69
946.1133,-28.15
946.1143,-27.86
946.1152,-27.56
946.1162,-27.22
946.1172,-26.88
946.1182,-27.92
946.1191,-28.96
946.1201,-29.98
946.1211,-31.00
946.1221,-30.69
946.1230,-30.37
946.1240,-32.17
946.1250,-33.98
946.1260,-34.45
946.1270,-34.92
946.1279,-34.74
946.1289,-34.57
946.1299,-34.73
946.1309,-34.90
946.1318,-34.29
946.1328,-33.67
946.1338,-34.00
946.1348,-34.32
946.1357,-34.40
946.1367,-34.48
946.1377,-34.70
946.1387,-34.92
946.1396,-35.34
946.1406,-35.75
946.1416,-35.06
946.1426,-34.37
946.1436,-33.33
946.1445,-32.30
946.1455,-32.75
946.1465,-33.21
946.1475,-33.48
946.1484,-33.75
946.1494,-34.85
946.1504,-35.95
946.1514,-35.95
946.1523,-35.95
946.1533,-35.64
946.1543,-35.33
946.1553,-35.39
946.1562,-35.44
946.1572,-35.13
946.1582,-34.83
946.1592,-34.47
946.1602,-34.11
946.1611,-35.07
946.1621,-36.03
946.1631,-35.57
946.1641,-35.11
946.1650,-35.44
946.1660,-35.76
946.1670,-35.96
946.1680,-36.15
946.1689,-36.00
946.1699,-35.84
946.1709,-37.13
946.1719,-38.42
946.1729,-38.70
946.1738,-38.97
946.1748,-37.49
946.1758,-36.01
946.1768,-35.69
946.1777,-35.37
946.1787,-33.45
946.1797,-31.54
946.1807,-30.40
946.1816,-29.25
946.1826,-30.45
946.1836,-31.64
946.1846,-33.51
946.1855,-35.39
946.1865,-35.87
946.1875,-36.36
946.1885,-36.03
946.1895,-35.70
946.1904,-35.40
946.1914,-35.10
946.1924,-34.14
946.1934,-33.18
946.1943,-32.97
946.1953,-32.77
946.1963,-32.45
946.1973,-32.13
946.1982,-31.70
946.1992,-31.28
946.2002,-31.59
946.2012,-31.90
946.2021,-33.07
946.2031,-34.24
946.2041,-33.60
946.2051,-32.96
946.2061,-31.19
946.2070,-29.42
946.2080,-30.09
946.2090,-30.77
946.2100,-32.28
946.2109,-33.80
946.2119,-33.56
946.2129,-33.32
946.2139,-33.50
946.2148,-33.68
946.2158,-31.07
946.2168,-28.47
946.2178,-28.18
946.2188,-27.88
946.2197,-29.26
946.2207,-30.63
946.2217,-31.26
946.2227,-31.89
946.2236,-32.09
946.2246,-32.29
946.2256,-31.73
946.2266,-31.17
946.2275,-31.83
946.2285,-32.50
946.2295,-32.11
946.2305,-31.72
946.2314,-32.54
946.2324,-33.36
946.2334,-33.24
946.2344,-33.12
946.2354,-33.92
946.2363,-34.72
946.2373,-34.47
946.2383,-34.22
946.2393,-32.16
946.2402,-30.10
946.2412,-30.62
946.2422,-31.15
946.2432,-30.67
946.2441,-30.18
946.2451,-28.85
946.2461,-27.52
946.2471,-28.05
946.2480,-28.58
946.2490,-29.45
946.2500,-30.31
946.2510,-30.23
946.2520,-30.15
946.2529,-31.30
946.2539,-32.45
946.2549,-33.21
946.2559,-33.98
946.2568,-32.77
946.2578,-31.57
946.2588,-31.18
946.2598,-30.80
946.2607,-31.81
946.2617,-32.82
946.2627,-32.38
946.2637,-31.93
946.2646,-32.31
946.2656,-32.68
946.2666,-33.73
946.2676,-34.79
946.2686,-33.13
946.2695,-31.48
946.2705,-30.55
946.2715,-29.63
946.2725,-30.58
946.2734,-31.53
946.2744,-31.31
946.2754,-31.08
946.2764,-31.86
946.2773,-32.63
946.2783,-32.78
946.2793,-32.93
946.2803,-31.86
946.2812,-30.79
946.2822,-30.83
946.2832,-30.87
946.2842,-30.52
946.2852,-30.18
946.2861,-30.79
946.2871,-31.41
946.2881,-32.84
946.2891,-34.26
946.2900,-32.83
946.2910,-31.39
946.2920,-30.69
946.2930,-29.98
946.2939,-30.61
946.2949,-31.23
946.2959,-31.36
946.2969,-31.49
946.2979,-30.91
946.2988,-30.33
946.2998,-30.99
946.3008,-31.65
946.3018,-31.70
946.3027,-31.76
946.3037,-31.73
946.3047,-31.71
946.3057,-31.87
946.3066,-32.03
946.3076,-30.00
946.3086,-27.97
946.3096,-26.33
946.3105,-24.68
946.3115,-24.90
946.3125,-25.13
946.3135,-27.18
946.3145,-29.22
946.3154,-29.31
946.3164,-29.39
946.3174,-30.59
946.3184,-31.79
946.3193,-32.24
946.3203,-32.69
946.3213,-30.60
946.3223,-28.52
946.3232,-28.22
946.3242,-27.91
946.3252,-28.03
946.3262,-28.16
946.3271,-27.21
946.3281,-26.26
946.3291,-26.76
946.3301,-27.26
946.3311,-25.49
946.3320,-23.73
946.3330,-23.40
946.3340,-23.07
946.3350,-24.24
946.3359,-25.41
946.3369,-25.08
946.3379,-24.76
946.3389,-24.18
946.3398,-23.59
946.3408,-23.87
946.3418,-24.15
946.3428,-22.21
946.3438,-20.28
946.3447,-20.67
946.3457,-21.06
946.3467,-20.42
946.3477,-19.77
946.3486,-20.31
946.3496,-20.84
946.3506,-22.08
946.3516,-23.31
946.3525,-22.48
946.3535,-21.66
946.3545,-22.56
946.3555,-23.47
946.3564,-22.80
946.3574,-22.13
946.3584,-20.90
946.3594,-19.67
946.3604,-20.58
946.3613,-21.49
946.3623,-22.03
946.3633,-22.57
946.3643,-22.24
946.3652,-21.90
946.3662,-22.97
946.3672,-24.04
946.3682,-23.14
946.3691,-22.23
946.3701,-23.32
946.3711,-24.40
946.3721,-26.37
946.3730,-28.34
946.3740,-26.45
946.3750,-24.55
946.3760,-23.65
946.3770,-22.75
946.3779,-21.82
946.3789,-20.90
946.3799,-18.33
946.3809,-15.77
946.3818,-16.39
946.3828,-17.00
946.3838,-19.10
946.3848,-21.19
946.3857,-22.74
946.3867,-24.28
946.3877,-23.99
946.3887,-23.70
946.3896,-23.64
946.3906,-23.58
946.3916,-22.37
946.3926,-21.17
946.3936,-20.87
946.3945,-20.56
946.3955,-20.37
946.3965,-20.19
946.3975,-19.66
946.3984,-19.14
946.3994,-18.94
946.4004,-18.74
946.4014,-20.09
946.4023,-21.44
946.4033,-22.08
946.4043,-22.72
946.4053,-20.24
946.4062,-17.76
946.4072,-17.40
946.4082,-17.04
946.4092,-19.09
946.4102,-21.13
946.4111,-21.12
946.4121,-21.11
946.4131,-21.81
946.4141,-22.51
946.4150,-20.33
946.4160,-18.15
946.4170,-16.48
946.4180,-14.82
946.4189,-15.95
946.4199,-17.08
946.4209,-18.16
946.4219,-19.23
946.4229,-19.97
946.4238,-20.70
946.4248,-19.80
946.4258,-18.91
946.4268,-19.82
946.4277,-20.74
946.4287,-20.31
946.4297,-19.89
946.4307,-20.68
946.4316,-21.47
946.4326,-21.89
946.4336,-22.32
946.4346,-22.22
946.4355,-22.12
946.4365,-23.39
946.4375,-24.66
946.4385,-21.71
946.4395,-18.76
946.4404,-18.41
946.4414,-18.05
946.4424,-18.66
946.4434,-19.27
946.4443,-17.42
946.4453,-15.58
946.4463,-15.44
946.4473,-15.30
946.4482,-16.37
946.4492,-17.45
946.4502,-17.61
946.4512,-17.77
946.4521,-18.28
946.4531,-18.78
946.4541,-20.51
946.4551,-22.23
946.4561,-21.48
946.4570,-20.72
946.4580,-19.32
946.4590,-17.93
946.4600,-19.07
946.4609,-20.21
946.4619,-20.52
946.4629,-20.83
946.4639,-20.37
946.4648,-19.90
946.4658,-22.06
946.4668,-24.22
946.4678,-23.09
946.4688,-21.97
946.4697,-19.87
946.4707,-17.77
946.4717,-18.82
946.4727,-19.88
946.4736,-21.61
946.4746,-23.34
946.4756,-22.22
946.4766,-21.10
946.4775,-22.07
946.4785,-23.05
946.4795,-21.58
946.4805,-20.11
946.4814,-20.02
946.4824,-19.93
946.4834,-21.37
946.4844,-22.82
946.4854,-22.65
946.4863,-22.49
946.4873,-23.41
946.4883,-24.34
946.4893,-24.56
946.4902,-24.79
946.4912,-23.04
946.4922,-21.29
946.4932,-22.64
946.4941,-24.00
946.4951,-25.78
946.4961,-27.57
946.4971,-26.68
946.4980,-25.78
946.4990,-27.59
946.5000,-29.40
946.5010,-27.32
946.5020,-25.24
946.5029,-23.93
946.5039,-22.62
946.5049,-23.93
946.5059,-25.24
946.5068,-26.28
946.5078,-27.32
946.5088,-26.52
946.5098,-25.73
946.5107,-25.08
946.5117,-24.43
946.5127,-24.92
946.5137,-25.41
946.5146,-24.78
946.5156,-24.15
946.5166,-23.89
946.5176,-23.63
946.5186,-25.20
946.5195,-26.76
946.5205,-27.25
946.5215,-27.74
946.5225,-27.68
946.5234,-27.63
946.5244,-30.61
946.5254,-33.59
946.5264,-33.66
946.5273,-33.74
946.5283,-33.62
946.5293,-33.51
946.5303,-33.80
946.5312,-34.09
946.5322,-33.31
946.5332,-32.53
946.5342,-33.03
946.5352,-33.53
946.5361,-32.92
946.5371,-32.32
946.5381,-33.53
946.5391,-34.74
946.5400,-34.86
946.5410,-34.97
946.5420,-33.94
946.5430,-32.92
946.5439,-31.99
946.5449,-31.06
946.5459,-31.86
946.5469,-32.66
946.5479,-35.03
946.5488,-37.40
946.5498,-37.59
946.5508,-37.78
946.5518,-38.11
946.5527,-38.44
946.5537,-37.22
946.5547,-36.00
946.5557,-35.87
946.5566,-35.75
946.5576,-37.48
946.5586,-39.22
946.5596,-39.51
946.5605,-39.81
946.5615,-39.47
946.5625,-39.14
946.5635,-38.95
946.5645,-38.76
946.5654,-39.29
946.5664,-39.82
946.5674,-40.58
946.5684,-41.33
946.5693,-41.41
946.5703,-41.49
946.5713,-42.84
946.5723,-44.20
946.5732,-44.79
946.5742,-45.39
946.5752,-44.91
946.5762,-44.43
946.5771,-44.34
946.5781,-44.25
946.5791,-42.49
946.5801,-40.74
946.5811,-40.32
946.5820,-39.91
946.5830,-41.30
946.5840,-42.70
946.5850,-44.05
946.5859,-45.39
946.5869,-45.52
946.5879,-45.65
946.5889,-45.49
946.5898,-45.34
946.5908,-44.91
946.5918,-44.48
946.5928,-43.79
946.5938,-43.09
946.5947,-42.89
946.5957,-42.69
946.5967,-42.47
946.5977,-42.25
946.5986,-41.91
946.5996,-41.57
946.6006,-41.95
946.6016,-42.32
946.6025,-43.07
946.6035,-43.81
946.6045,-42.97
946.6055,-42.12
946.6064,-40.93
946.6074,-39.74
946.6084,-40.53
946.6094,-41.32
946.6104,-41.91
946.6113,-42.49
946.6123,-42.37
946.6133,-42.24
946.6143,-42.11
946.6152,-41.97
946.6162,-40.66
946.6172,-39.35
946.6182,-39.67
946.6191,-39.99
946.6201,-41.33
946.6211,-42.67
946.6221,-43.26
946.6230,-43.85
946.6240,-43.83
946.6250,-43.82
946.6260,-43.85
946.6270,-43.88
946.6279,-44.17
946.6289,-44.46
946.6299,-44.48
946.6309,-44.50
946.6318,-45.24
946.6328,-45.97
946.6338,-45.84
946.6348,-45.71
946.6357,-46.77
946.6367,-47.82
946.6377,-47.10
946.6387,-46.38
946.6396,-45.08
946.6406,-43.79
946.6416,-44.56
946.6426,-45.33
946.6436,-44.43
946.6445,-43.53
946.6455,-42.62
946.6465,-41.71
946.6475,-42.41
946.6484,-43.11
946.6494,-43.71
946.6504,-44.32
946.6514,-44.22
946.6523,-44.11
946.6533,-45.45
946.6543,-46.79
946.6553,-46.99
946.6562,-47.19
946.6572,-45.94
946.6582,-44.69
946.6592,-44.78
946.6602,-44.88
946.6611,-45.71
946.6621,-46.54
946.6631,-45.85
946.6641,-45.16
946.6650,-45.94
946.6660,-46.73
946.6670,-47.12
946.6680,-47.51
946.6689,-45.90
946.6699,-44.28
946.6709,-43.93
946.6719,-43.57
946.6729,-45.21
946.6738,-46.84
946.6748,-46.58
946.6758,-46.32
946.6768,-46.72
946.6777,-47.13
946.6787,-46.69
946.6797,-46.25
946.6807,-45.36
946.6816,-44.46
946.6826,-45.46
946.6836,-46.45
946.6846,-47.13
946.6855,-47.82
946.6865,-47.82
946.6875,-47.82
946.6885,-48.64
946.6895,-49.46
946.6904,-48.09
946.6914,-46.72
946.6924,-46.78
946.6934,-46.84
946.6943,-47.99
946.6953,-49.14
946.6963,-48.97
946.6973,-48.80
946.6982,-48.10
946.6992,-47.41
946.7002,-48.27
946.7012,-49.13
946.7021,-48.59
946.7031,-48.06
946.7041,-48.25
946.7051,-48.45
946.7061,-49.50
946.7070,-50.54
946.7080,-49.80
946.7090,-49.06
946.7100,-48.02
946.7109,-46.98
946.7119,-47.47
946.7129,-47.95
946.7139,-48.36
946.7148,-48.78
946.7158,-48.35
946.7168,-47.92
946.7178,-48.50
946.7188,-49.09
946.7197,-50.08
946.7207,-51.07
946.7217,-50.47
946.7227,-49.88
946.7236,-50.64
946.7246,-51.41
946.7256,-51.47
946.7266,-51.53
946.7275,-51.08
946.7285,-50.64
946.7295,-50.92
946.7305,-51.19
946.7314,-50.05
946.7324,-48.91
946.7334,-48.73
946.7344,-48.54
946.7354,-48.69
946.7363,-48.83
946.7373,-48.78
946.7383,-48.74
946.7393,-49.00
946.7402,-49.26
946.7412,-48.95
946.7422,-48.64
946.7432,-47.12
946.7441,-45.60
946.7451,-45.84
946.7461,-46.08
946.7471,-45.42
946.7480,-44.77
946.7490,-45.65
946.7500,-46.52
946.7510,-46.77
946.7520,-47.01
946.7529,-46.09
946.7539,-45.16
946.7549,-44.85
946.7559,-44.55
946.7568,-44.52
946.7578,-44.49
946.7588,-44.28
946.7598,-44.08
946.7607,-45.21
946.7617,-46.35
946.7627,-46.19
946.7637,-46.03
946.7646,-45.99
946.7656,-45.94
946.7666,-46.39
946.7676,-46.84
946.7686,-46.47
946.7695,-46.09
946.7705,-47.12
946.7715,-48.15
946.7725,-48.97
946.7734,-49.79
946.7744,-48.53
946.7754,-47.26
946.7764,-46.82
946.7773,-46.38
946.7783,-45.14
946.7793,-43.90
946.7803,-42.26
946.7812,-40.61
946.7822,-41.52
946.7832,-42.43
946.7842,-44.09
946.7852,-45.76
946.7861,-46.55
946.7871,-47.35
946.7881,-46.93
946.7891,-46.52
946.7900,-46.24
946.7910,-45.96
946.7920,-45.04
946.7930,-44.12
946.7939,-43.88
946.7949,-43.64
946.7959,-43.41
946.7969,-43.18
946.7979,-42.99
946.7988,-42.81
946.7998,-43.03
946.8008,-43.26
946.8018,-44.46
946.8027,-45.65
946.8037,-45.75
946.8047,-45.84
946.8057,-43.99
946.8066,-42.14
946.8076,-42.42
946.8086,-42.71
946.8096,-44.67
946.8105,-46.63
946.8115,-46.61
946.8125,-46.58
946.8135,-47.13
946.8145,-47.67
946.8154,-45.48
946.8164,-43.29
946.8174,-42.46
946.8184,-41.62
946.8193,-42.93
946.8203,-44.23
946.8213,-45.06
946.8223,-45.89
946.8232,-46.32
946.8242,-46.76
946.8252,-45.99
946.8262,-45.22
946.8271,-46.06
946.8281,-46.90
946.8291,-46.40
946.8301,-45.91
946.8311,-46.84
946.8320,-47.78
946.8330,-47.95
946.8340,-48.12
946.8350,-48.44
946.8359,-48.77
946.8369,-49.14
946.8379,-49.51
946.8389,-47.40
946.8398,-45.29
946.8408,-45.42
946.8418,-45.55
946.8428,-45.60
946.8438,-45.65
946.8447,-44.05
946.8457,-42.45
946.8467,-42.62
946.8477,-42.79
946.8486,-43.76
946.8496,-44.72
946.8506,-44.65
946.8516,-44.58
946.8525,-45.35
946.8535,-46.12
946.8545,-47.20
946.8555,-48.29
946.8564,-47.40
946.8574,-46.50
946.8584,-45.62
946.8594,-44.73
946.8604,-45.67
946.8613,-46.61
946.8623,-46.22
946.8633,-45.82
946.8643,-45.82
946.8652,-45.81
946.8662,-47.28
946.8672,-48.75
946.8682,-47.35
946.8691,-45.95
946.8701,-44.53
946.8711,-43.10
946.8721,-44.16
946.8730,-45.21
946.8740,-45.95
946.8750,-46.70
946.8760,-46.34
946.8770,-45.98
946.8779,-46.15
946.8789,-46.32
946.8799,-44.99
946.8809,-43.67
946.8818,-43.91
946.8828,-44.16
946.8838,-45.57
946.8848,-46.97
946.8857,-46.99
946.8867,-47.02
946.8877,-48.06
946.8887,-49.11
946.8896,-48.40
946.8906,-47.69
946.8916,-47.11
946.8926,-46.52
946.8936,-48.02
946.8945,-49.52
946.8955,-50.56
946.8965,-51.59
946.8975,-50.13
946.8984,-48.67
946.8994,-49.18
946.9004,-49.69
946.9014,-49.58
946.9023,-49.48
946.9033,-48.84
946.9043,-48.20
946.9053,-49.67
946.9062,-51.14
946.9072,-51.44
946.9082,-51.74
946.9092,-50.78
946.9102,-49.81
946.9111,-49.72
946.9121,-49.62
946.9131,-50.13
946.9141,-50.64
946.9150,-50.16
946.9160,-49.69
946.9170,-49.74
946.9180,-49.79
946.9189,-51.35
946.9199,-52.91
946.9209,-53.11
946.9219,-53.32
946.9229,-53.83
946.9238,-54.35
946.9248,-56.13
946.9258,-57.91
946.9268,-57.78
946.9277,-57.65
946.9287,-57.87
946.9297,-58.09
946.9307,-58.20
946.9316,-58.30
946.9326,-57.78
946.9336,-57.25
946.9346,-57.33
946.9355,-57.40
946.9365,-57.56
946.9375,-57.73
946.9385,-58.33
946.9395,-58.93
946.9404,-58.63
946.9414,-58.32
946.9424,-57.66
946.9434,-57.00
946.9443,-56.89
946.9453,-56.78
946.9463,-57.28
946.9473,-57.77
946.9482,-58.20
946.9492,-58.63
946.9502,-58.27
946.9512,-57.90
946.9521,-58.68
946.9531,-59.46
946.9541,-59.07
946.9551,-58.69
946.9561,-57.87
946.9570,-57.04
946.9580,-57.00
946.9590,-56.95
946.9600,-58.22
946.9609,-59.49
946.9619,-59.79
946.9629,-60.08
946.9639,-59.94
946.9648,-59.79
946.9658,-59.40
946.9668,-59.00
946.9678,-59.55
946.9688,-60.10
946.9697,-60.37
946.9707,-60.64
946.9717,-60.68
946.9727,-60.71
946.9736,-60.14
946.9746,-59.57
946.9756,-59.99
946.9766,-60.41
946.9775,-60.70
946.9785,-60.98
946.9795,-60.80
946.9805,-60.61
946.9814,-60.35
946.9824,-60.10
946.9834,-60.35
946.9844,-60.61
946.9854,-60.80
946.9863,-60.99
946.9873,-61.00
946.9883,-61.02
946.9893,-60.50
946.9902,-59.98
946.9912,-60.16
946.9922,-60.34
946.9932,-60.62
946.9941,-60.91
946.9951,-60.69
946.9961,-60.47
946.9971,-59.31
946.9980,-58.14
946.9990,-58.35
947.0000,-58.57
947.0010,-59.73
947.0020,-60.90
947.0029,-60.37
947.0039,-59.85
947.0049,-58.94
947.0059,-58.02
947.0068,-58.80
947.0078,-59.58
947.0088,-60.36
947.0098,-61.15
947.0107,-61.15
947.0117,-61.16
947.0127,-60.99
947.0137,-60.81
947.0146,-60.78
947.0156,-60.74
947.0166,-60.89
947.0176,-61.03
947.0186,-61.02
947.0195,-61.01
947.0205,-60.60
947.0215,-60.19
947.0225,-59.90
947.0234,-59.61
947.0244,-60.32
947.0254,-61.02
947.0264,-61.11
947.0273,-61.19
947.0283,-60.94
947.0293,-60.70
947.0303,-60.40
947.0312,-60.09
947.0322,-60.47
947.0332,-60.84
947.0342,-61.00
947.0352,-61.16
947.0361,-61.06
947.0371,-60.95
947.0381,-60.62
947.0391,-60.29
947.0400,-60.56
947.0410,-60.84
947.0420,-60.78
947.0430,-60.72
947.0439,-60.26
947.0449,-59.80
947.0459,-58.80
947.0469,-57.80
947.0479,-58.92
947.0488,-60.03
947.0498,-60.20
947.0508,-60.37
947.0518,-59.66
947.0527,-58.95
947.0537,-59.13
947.0547,-59.31
947.0557,-60.11
947.0566,-60.91
947.0576,-61.10
947.0586,-61.29
947.0596,-61.10
947.0605,-60.91
947.0615,-60.53
947.0625,-60.15
947.0635,-60.51
947.0645,-60.86
947.0654,-61.06
947.0664,-61.26
947.0674,-61.23
947.0684,-61.21
947.0693,-60.86
947.0703,-60.51
947.0713,-60.66
947.0723,-60.82
947.0732,-61.08
947.0742,-61.34
947.0752,-61.28
947.0762,-61.22
947.0771,-60.63
947.0781,-60.04
947.0791,-60.13
947.0801,-60.22
947.0811,-60.61
947.0820,-61.00
947.0830,-61.05
947.0840,-61.10
947.0850,-60.39
947.0859,-59.67
947.0869,-59.70
947.0879,-59.74
947.0889,-60.22
947.0898,-60.71
947.0908,-60.70
947.0918,-60.70
947.0928,-60.22
947.0938,-59.73
947.0947,-59.63
947.0957,-59.54
947.0967,-60.16
947.0977,-60.79
947.0986,-59.97
947.0996,-59.15
947.1006,-59.15
947.1016,-59.16
947.1025,-59.78
947.1035,-60.39
947.1045,-60.80
947.1055,-61.20
947.1064,-61.15
947.1074,-61.10
947.1084,-60.43
947.1094,-59.77
947.1104,-59.46
947.1113,-59.14
947.1123,-60.01
947.1133,-60.88
947.1143,-61.01
947.1152,-61.15
947.1162,-61.04
947.1172,-60.93
947.1182,-60.72
947.1191,-60.51
947.1201,-60.81
947.1211,-61.12
947.1221,-61.20
947.1230,-61.29
947.1240,-61.12
947.1250,-60.96
947.1260,-60.64
947.1270,-60.32
947.1279,-60.59
947.1289,-60.87
947.1299,-61.02
947.1309,-61.16
947.1318,-60.72
947.1328,-60.28
947.1338,-59.34
947.1348,-58.39
947.1357,-59.23
947.1367,-60.06
947.1377,-60.32
947.1387,-60.57
947.1396,-60.68
947.1406,-60.78
947.1416,-60.49
947.1426,-60.21
947.1436,-60.39
947.1445,-60.57
947.1455,-60.23
947.1465,-59.90
947.1475,-59.13
947.1484,-58.36
947.1494,-59.04
947.1504,-59.72
947.1514,-60.16
947.1523,-60.59
947.1533,-60.80
947.1543,-61.00
947.1553,-60.78
947.1562,-60.56
947.1572,-59.81
947.1582,-59.06
947.1592,-59.41
947.1602,-59.75
947.1611,-60.43
947.1621,-61.12
947.1631,-61.09
947.1641,-61.06
947.1650,-60.60
947.1660,-60.13
947.1670,-60.16
947.1680,-60.18
947.1689,-60.60
947.1699,-61.01
947.1709,-61.08
947.1719,-61.15
947.1729,-60.92
947.1738,-60.70
947.1748,-60.58
947.1758,-60.45
947.1768,-60.69
947.1777,-60.92
947.1787,-60.71
947.1797,-60.49
947.1807,-59.75
947.1816,-59.01
947.1826,-58.95
947.1836,-58.88
947.1846,-59.67
947.1855,-60.46
947.1865,-60.57
947.1875,-60.68
947.1885,-60.57
947.1895,-60.45
947.1904,-60.25
947.1914,-60.05
947.1924,-60.14
947.1934,-60.24
947.1943,-59.50
947.1953,-58.77
947.1963,-58.70
947.1973,-58.63
947.1982,-58.93
947.1992,-59.23
947.2002,-59.88
947.2012,-60.61
947.2021,-60.76
947.2031,-60.82
947.2041,-60.41
947.2051,-60.17
947.2061,-59.84
947.2070,-59.33
947.2080,-59.92
947.2090,-60.60
947.2100,-60.86
947.2109,-60.91
947.2119,-60.76
947.2129,-60.74
947.2139,-60.32
947.2148,-59.85
947.2158,-59.98
947.2168,-60.15
947.2178,-60.25
947.2188,-60.26
947.2197,-60.35
947.2207,-60.52
947.2217,-60.07
947.2227,-59.66
947.2236,-59.94
947.2246,-60.17
947.2256,-60.43
947.2266,-60.70
947.2275,-60.62
947.2285,-60.63
947.2295,-60.01
947.2305,-59.42
947.2314,-59.76
947.2324,-60.03
947.2334,-60.33
947.2344,-60.71
947.2354,-60.86
947.2363,-60.96
947.2373,-60.46
947.2383,-59.89
947.2393,-59.99
947.2402,-59.91
947.2412,-59.61
947.2422,-59.57
947.2432,-59.40
947.2441,-58.97
947.2451,-58.93
947.2461,-58.75
947.2471,-59.11
947.2480,-59.47
947.2490,-60.13
947.2500,-60.86
947.2510,-60.72
947.2520,-60.47
947.2529,-60.21
947.2539,-59.89
947.2549,-60.04
947.2559,-60.13
947.2568,-60.45
947.2578,-60.77
947.2588,-60.70
947.2598,-60.75
947.2607,-60.47
947.2617,-60.13
947.2627,-59.96
947.2637,-59.97
947.2646,-60.40
947.2656,-60.66
947.2666,-60.79
947.2676,-61.02
947.2686,-60.45
947.2695,-59.84
947.2705,-59.46
947.2715,-59.11
947.2725,-59.84
947.2734,-60.52
947.2744,-60.65
947.2754,-60.76
947.2764,-60.41
947.2773,-60.09
947.2783,-59.67
947.2793,-59.28
947.2803,-59.44
947.2812,-59.65
947.2822,-59.97
947.2832,-60.22
947.2842,-60.19
947.2852,-60.19
947.2861,-59.76
947.2871,-59.34
947.2881,-59.62
947.2891,-59.90
947.2900,-59.22
947.2910,-58.57
947.2920,-59.09
947.2930,-59.48
947.2939,-59.14
947.2949,-59.09
947.2959,-59.83
947.2969,-60.41
947.2979,-60.59
947.2988,-60.76
947.2998,-60.56
947.3008,-60.36
947.3018,-60.13
947.3027,-59.89
947.3037,-60.23
947.3047,-60.56
947.3057,-60.87
947.3066,-61.17
947.3076,-61.05
947.3086,-60.94
947.3096,-60.50
947.3105,-60.07
947.3115,-60.32
947.3125,-60.56
947.3135,-60.77
947.3145,-60.97
947.3154,-60.80
947.3164,-60.63
947.3174,-59.74
947.3184,-58.86
947.3193,-59.32
947.3203,-59.78
947.3213,-60.41
947.3223,-61.04
947.3232,-60.98
947.3242,-60.93
947.3252,-60.14
947.3262,-59.35
947.3271,-59.50
947.3281,-59.64
947.3291,-60.18
947.3301,-60.71
947.3311,-60.84
947.3320,-60.96
947.3330,-60.53
947.3340,-60.09
947.3350,-60.10
947.3359,-60.10
947.3369,-59.62
947.3379,-59.15
947.3389,-59.17
947.3398,-59.20
947.3408,-59.36
947.3418,-59.53
947.3428,-59.43
947.3438,-59.33
947.3447,-60.12
947.3457,-60.91
947.3467,-60.73
947.3477,-60.55
947.3486,-60.36
947.3496,-60.18
947.3506,-60.19
947.3516,-60.20
947.3525,-60.59
947.3535,-60.99
947.3545,-61.06
947.3555,-61.14
947.3564,-60.93
947.3574,-60.72
947.3584,-60.49
947.3594,-60.27
947.3604,-60.61
947.3613,-60.96
947.3623,-60.99
947.3633,-61.02
947.3643,-60.33
947.3652,-59.65
947.3662,-59.00
947.3672,-58.36
947.3682,-59.50
947.3691,-60.63
947.3701,-60.92
947.3711,-61.20
947.3721,-60.80
947.3730,-60.39
947.3740,-59.60
947.3750,-58.81
947.3760,-59.56
947.3770,-60.30
947.3779,-60.68
947.3789,-61.05
947.3799,-60.70
947.3809,-60.34
947.3818,-59.95
947.3828,-59.55
947.3838,-59.55
947.3848,-59.55
947.3857,-59.30
947.3867,-59.05
947.3877,-59.62
947.3887,-60.18
947.3896,-59.98
947.3906,-59.79
947.3916,-60.13
947.3926,-60.46
947.3936,-60.55
947.3945,-60.63
947.3955,-60.41
947.3965,-60.18
947.3975,-59.81
947.3984,-59.43
947.3994,-59.72
947.4004,-60.01
947.4014,-60.47
947.4023,-60.93
947.4033,-60.84
947.4043,-60.75
947.4053,-59.87
947.4062,-58.98
947.4072,-59.19
947.4082,-59.40
947.4092,-60.11
947.4102,-60.81
947.4111,-60.86
947.4121,-60.91
947.4131,-59.96
947.4141,-59.02
947.4150,-59.15
947.4160,-59.28
947.4170,-60.01
947.4180,-60.74
947.4189,-60.83
947.4199,-60.92
947.4209,-60.32
947.4219,-59.73
947.4229,-59.55
947.4238,-59.38
947.4248,-60.03
947.4258,-60.67
947.4268,-60.84
947.4277,-61.01
947.4287,-60.36
947.4297,-59.71
947.4307,-59.28
947.4316,-58.86
947.4326,-58.81
947.4336,-58.76
947.4346,-59.40
947.4355,-60.03
947.4365,-60.38
947.4375,-60.72
947.4385,-60.60
947.4395,-60.49
947.4404,-60.65
947.4414,-60.81
947.4424,-60.68
947.4434,-60.56
947.4443,-60.37
947.4453,-60.18
947.4463,-60.05
947.4473,-59.92
947.4482,-60.35
947.4492,-60.78
947.4502,-60.79
947.4512,-60.80
947.4521,-60.06
947.4531,-59.32
947.4541,-58.44
947.4551,-57.55
947.4561,-58.83
947.4570,-60.11
947.4580,-60.53
947.4590,-60.96
947.4600,-60.64
947.4609,-60.32
947.4619,-59.66
947.4629,-58.99
947.4639,-59.72
947.4648,-60.45
947.4658,-60.77
947.4668,-61.10
947.4678,-61.01
947.4688,-60.93
947.4697,-60.47
947.4707,-60.00
947.4717,-60.12
947.4727,-60.24
947.4736,-60.68
947.4746,-61.11
947.4756,-60.97
947.4766,-60.82
947.4775,-59.97
947.4785,-59.11
947.4795,-58.82
947.4805,-58.53
947.4814,-58.76
947.4824,-58.98
947.4834,-59.91
947.4844,-60.84
947.4854,-60.41
947.4863,-59.98
947.4873,-60.18
947.4883,-60.38
947.4893,-60.45
947.4902,-60.52
947.4912,-60.45
947.4922,-60.39
947.4932,-60.05
947.4941,-59.71
947.4951,-59.90
947.4961,-60.09
947.4971,-60.51
947.4980,-60.93
947.4990,-60.84
947.5000,-60.76
947.5010,-59.36
947.5020,-57.96
947.5029,-58.06
947.5039,-58.16
947.5049,-59.60
947.5059,-61.03
947.5068,-61.00
947.5078,-60.98
947.5088,-60.27
947.5098,-59.56
947.5107,-59.47
947.5117,-59.39
947.5127,-60.16
947.5137,-60.94
947.5146,-60.99
947.5156,-61.05
947.5166,-60.72
947.5176,-60.38
947.5186,-60.15
947.5195,-59.92
947.5205,-60.34
947.5215,-60.77
947.5225,-60.85
947.5234,-60.93
947.5244,-60.77
947.5254,-60.61
947.5264,-60.06
947.5273,-59.51
947.5283,-59.08
947.5293,-58.66
947.5303,-59.38
947.5312,-60.11
947.5322,-60.15
947.5332,-60.20
947.5342,-59.85
947.5352,-59.50
947.5361,-59.88
947.5371,-60.27
947.5381,-60.17
947.5391,-60.08
947.5400,-59.75
947.5410,-59.42
947.5420,-58.33
947.5430,-57.23
947.5439,-58.22
947.5449,-59.20
947.5459,-59.71
947.5469,-60.22
947.5479,-59.80
947.5488,-59.37
947.5498,-58.79
947.5508,-58.20
947.5518,-58.93
947.5527,-59.66
947.5537,-60.06
947.5547,-60.46
947.5557,-60.34
947.5566,-60.22
947.5576,-59.81
947.5586,-59.40
947.5596,-59.74
947.5605,-60.07
947.5615,-60.47
947.5625,-60.87
947.5635,-60.69
947.5645,-60.50
947.5654,-59.91
947.5664,-59.32
947.5674,-59.65
947.5684,-59.97
947.5693,-60.40
947.5703,-60.82
947.5713,-60.90
947.5723,-60.98
947.5732,-60.34
947.5742,-59.69
947.5752,-59.03
947.5762,-58.37
947.5771,-58.86
947.5781,-59.35
947.5791,-59.36
947.5801,-59.37
947.5811,-58.90
947.5820,-58.42
947.5830,-58.90
947.5840,-59.38
947.5850,-59.74
947.5859,-60.10
947.5869,-60.18
947.5879,-60.26
947.5889,-58.79
947.5898,-57.33
947.5908,-57.23
947.5918,-57.12
947.5928,-58.63
947.5938,-60.14
947.5947,-60.22
947.5957,-60.31
947.5967,-59.84
947.5977,-59.37
947.5986,-59.20
947.5996,-59.03
947.6006,-59.59
947.6016,-60.15
947.6025,-60.39
947.6035,-60.63
947.6045,-60.28
947.6055,-59.94
947.6064,-59.56
947.6074,-59.19
947.6084,-59.75
947.6094,-60.30
947.6104,-60.54
947.6113,-60.78
947.6123,-60.51
947.6133,-60.23
947.6143,-59.86
947.6152,-59.49
947.6162,-59.18
947.6172,-58.87
947.6182,-59.01
947.6191,-59.14
947.6201,-59.31
947.6211,-59.47
947.6221,-58.62
947.6230,-57.78
947.6240,-57.93
947.6250,-58.09
947.6260,-58.97
947.6270,-59.84
947.6279,-59.69
947.6289,-59.54
947.6299,-58.73
947.6309,-57.92
947.6318,-58.72
947.6328,-59.52
947.6338,-59.81
947.6348,-60.10
947.6357,-59.97
947.6367,-59.85
947.6377,-58.59
947.6387,-57.34
947.6396,-58.01
947.6406,-58.67
947.6416,-59.46
947.6426,-60.25
947.6436,-59.79
947.6445,-59.34
947.6455,-58.75
947.6465,-58.16
947.6475,-58.54
947.6484,-58.92
947.6494,-59.19
947.6504,-59.46
947.6514,-59.27
947.6523,-59.08
947.6533,-59.11
947.6543,-59.13
947.6553,-59.40
947.6562,-59.66
947.6572,-59.64
947.6582,-59.63
947.6592,-59.62
947.6602,-59.62
947.6611,-59.48
947.6621,-59.35
947.6631,-59.28
947.6641,-59.22
947.6650,-59.75
947.6660,-60.28
947.6670,-60.39
947.6680,-60.50
947.6689,-59.73
947.6699,-58.95
947.6709,-58.17
947.6719,-57.38
947.6729,-58.42
947.6738,-59.46
947.6748,-59.90
947.6758,-60.35
947.6768,-58.97
947.6777,-57.60
947.6787,-57.27
947.6797,-56.94
947.6807,-58.07
947.6816,-59.20
947.6826,-59.73
947.6836,-60.26
947.6846,-59.99
947.6855,-59.72
947.6865,-59.53
947.6875,-59.35
947.6885,-60.07
947.6895,-60.80
947.6904,-60.62
947.6914,-60.44
947.6924,-60.26
947.6934,-60.08
947.6943,-60.03
947.6953,-59.98
947.6963,-60.23
947.6973,-60.49
947.6982,-60.46
947.6992,-60.43
947.7002,-60.34
947.7012,-60.24
947.7021,-59.83
947.7031,-59.41
947.7041,-59.61
947.7051,-59.82
947.7061,-59.68
947.7070,-59.54
947.7080,-58.96
947.7090,-58.38
947.7100,-57.73
947.7109,-57.09
947.7119,-57.48
947.7129,-57.86
947.7139,-58.05
947.7148,-58.24
947.7158,-58.13
947.7168,-58.02
947.7178,-57.59
947.7188,-57.17
947.7197,-57.19
947.7207,-57.22
947.7217,-57.58
947.7227,-57.94
947.7236,-57.63
947.7246,-57.32
947.7256,-56.24
947.7266,-55.17
947.7275,-55.61
947.7285,-56.06
947.7295,-56.63
947.7305,-57.20
947.7314,-57.40
947.7324,-57.60
947.7334,-57.73
947.7344,-57.86
947.7354,-58.10
947.7363,-58.33
947.7373,-58.51
947.7383,-58.69
947.7393,-58.66
947.7402,-58.63
947.7412,-58.24
947.7422,-57.85
947.7432,-57.92
947.7441,-57.98
947.7451,-58.31
947.7461,-58.63
947.7471,-58.73
947.7480,-58.82
947.7490,-58.79
947.7500,-58.76
947.7510,-58.76
947.7520,-58.77
947.7529,-58.82
947.7539,-58.87
947.7549,-58.69
947.7559,-58.51
947.7568,-57.99
947.7578,-57.47
947.7588,-57.53
947.7598,-57.59
947.7607,-58.01
947.7617,-58.43
947.7627,-58.42
947.7637,-58.41
947.7646,-57.42
947.7656,-56.42
947.7666,-55.97
947.7676,-55.52
947.7686,-56.44
947.7695,-57.36
947.7705,-57.30
947.7715,-57.23
947.7725,-56.80
947.7734,-56.37
947.7744,-56.07
947.7754,-55.76
947.7764,-56.28
947.7773,-56.80
947.7783,-57.25
947.7793,-57.69
947.7803,-57.90
947.7812,-58.11
947.7822,-58.15
947.7832,-58.19
947.7842,-58.30
947.7852,-58.41
947.7861,-58.35
947.7871,-58.29
947.7881,-58.05
947.7891,-57.81
947.7900,-57.47
947.7910,-57.13
947.7920,-57.64
947.7930,-58.15
947.7939,-58.27
947.7949,-58.38
947.7959,-58.35
947.7969,-58.32
947.7979,-58.08
947.7988,-57.85
947.7998,-57.86
947.8008,-57.87
947.8018,-57.83
947.8027,-57.79
947.8037,-57.62
947.8047,-57.46
947.8057,-57.46
947.8066,-57.46
947.8076,-57.70
947.8086,-57.93
947.8096,-57.97
947.8105,-58.01
947.8115,-57.52
947.8125,-57.03
947.8135,-55.64
947.8145,-54.25
947.8154,-54.78
947.8164,-55.30
947.8174,-55.91
947.8184,-56.52
947.8193,-56.54
947.8203,-56.57
947.8213,-56.62
947.8223,-56.67
947.8232,-56.77
947.8242,-56.86
947.8252,-57.28
947.8262,-57.71
947.8271,-57.84
947.8281,-57.97
947.8291,-57.72
947.8301,-57.47
947.8311,-57.37
947.8320,-57.28
947.8330,-57.36
947.8340,-57.44
947.8350,-57.49
947.8359,-57.55
947.8369,-57.43
947.8379,-57.31
947.8389,-57.43
947.8398,-57.55
947.8408,-57.77
947.8418,-57.99
947.8428,-57.85
947.8438,-57.72
947.8447,-57.41
947.8457,-57.10
947.8467,-56.99
947.8477,-56.88
947.8486,-57.06
947.8496,-57.24
947.8506,-57.23
947.8516,-57.22
947.8525,-57.11
947.8535,-57.00
947.8545,-57.04
947.8555,-57.08
947.8564,-57.13
947.8574,-57.18
947.8584,-57.00
947.8594,-56.82
947.8604,-56.10
947.8613,-55.38
947.8623,-54.82
947.8633,-54.26
947.8643,-54.97
947.8652,-55.68
947.8662,-56.05
947.8672,-56.41
947.8682,-56.50
947.8691,-56.59
947.8701,-56.74
947.8711,-56.88
947.8721,-56.99
947.8730,-57.09
947.8740,-57.18
947.8750,-57.28
947.8760,-57.21
947.8770,-57.14
947.8779,-56.86
947.8789,-56.58
947.8799,-56.76
947.8809,-56.94
947.8818,-57.08
947.8828,-57.22
947.8838,-57.35
947.8848,-57.48
947.8857,-57.53
947.8867,-57.58
947.8877,-57.58
947.8887,-57.58
947.8896,-57.43
947.8906,-57.28
947.8916,-57.24
947.8926,-57.20
947.8936,-57.08
947.8945,-56.96
947.8955,-57.13
947.8965,-57.30
947.8975,-57.34
947.8984,-57.39
947.8994,-57.17
947.9004,-56.95
947.9014,-56.47
947.9023,-55.99
947.9033,-56.02
947.9043,-56.06
947.9053,-56.00
947.9062,-55.95
947.9072,-55.64
947.9082,-55.33
947.9092,-55.19
947.9102,-55.05
947.9111,-55.39
947.9121,-55.73
947.9131,-56.20
947.9141,-56.67
947.9150,-56.98
947.9160,-57.30
947.9170,-57.21
947.9180,-57.12
947.9189,-57.00
947.9199,-56.88
947.9209,-57.00
947.9219,-57.13
947.9229,-57.14
947.9238,-57.16
947.9248,-57.00
947.9258,-56.84
947.9268,-56.88
947.9277,-56.91
947.9287,-57.21
947.9297,-57.52
947.9307,-57.61
947.9316,-57.70
947.9326,-57.56
947.9336,-57.43
947.9346,-57.34
947.9355,-57.26
947.9365,-57.26
947.9375,-57.26
947.9385,-57.22
947.9395,-57.19
947.9404,-57.19
947.9414,-57.19
947.9424,-57.15
947.9434,-57.12
947.9443,-57.21
947.9453,-57.30
947.9463,-57.11
947.9473,-56.93
947.9482,-56.39
947.9492,-55.85
947.9502,-55.55
947.9512,-55.24
947.9521,-55.32
947.9531,-55.39
947.9541,-55.36
947.9551,-55.33
947.9561,-55.03
947.9570,-54.73
947.9580,-55.04
947.9590,-55.35
947.9600,-55.95
947.9609,-56.54
947.9619,-56.68
947.9629,-56.83
947.9639,-56.75
947.9648,-56.67
947.9658,-56.49
947.9668,-56.32
947.9678,-56.45
947.9688,-56.57
947.9697,-56.63
947.9707,-56.69
947.9717,-56.68
947.9727,-56.67
947.9736,-56.57
947.9746,-56.47
947.9756,-56.63
947.9766,-56.80
947.9775,-56.80
947.9785,-56.80
947.9795,-56.71
947.9805,-56.62
947.9814,-56.46
947.9824,-56.30
947.9834,-56.27
947.9844,-56.23
947.9854,-56.27
947.9863,-56.31
947.9873,-56.16
947.9883,-56.01
947.9893,-55.84
947.9902,-55.68
947.9912,-55.41
947.9922,-55.14
947.9932,-54.74
947.9941,-54.34
947.9951,-53.79
947.9961,-53.24
947.9971,-53.05
947.9980,-52.86
947.9990,-54.99
948.0000,-57.12
948.0010,-55.13
948.0020,-53.14
948.0029,-53.31
948.0039,-53.48
948.0049,-53.77
948.0059,-54.06
948.0068,-54.72
948.0078,-55.38
948.0088,-55.71
948.0098,-56.05
948.0107,-56.17
948.0117,-56.29
948.0127,-56.13
948.0137,-55.97
948.0146,-55.99
948.0156,-56.01
948.0166,-56.45
948.0176,-56.89
948.0186,-57.03
948.0195,-57.18
948.0205,-57.21
948.0215,-57.25
948.0225,-57.11
948.0234,-56.97
948.0244,-56.97
948.0254,-56.97
948.0264,-56.89
948.0273,-56.81
948.0283,-56.75
948.0293,-56.69
948.0303,-56.74
948.0312,-56.78
948.0322,-56.83
948.0332,-56.88
948.0342,-56.87
948.0352,-56.86
948.0361,-56.70
948.0371,-56.53
948.0381,-56.14
948.0391,-55.74
948.0400,-55.53
948.0410,-55.32
948.0420,-55.21
948.0430,-55.10
948.0439,-54.95
948.0449,-54.80
948.0459,-54.93
948.0469,-55.05
948.0479,-55.38
948.0488,-55.71
948.0498,-56.02
948.0508,-56.33
948.0518,-56.16
948.0527,-55.99
948.0537,-56.22
948.0547,-56.45
948.0557,-56.84
948.0566,-57.22
948.0576,-57.28
948.0586,-57.34
948.0596,-57.19
948.0605,-57.05
948.0615,-56.86
948.0625,-56.68
948.0635,-56.98
948.0645,-57.29
948.0654,-57.45
948.0664,-57.61
948.0674,-57.55
948.0684,-57.48
948.0693,-57.36
948.0703,-57.24
948.0713,-57.14
948.0723,-57.05
948.0732,-57.11
948.0742,-57.17
948.0752,-57.18
948.0762,-57.20
948.0771,-57.12
948.0781,-57.04
948.0791,-56.96
948.0801,-56.89
948.0811,-56.77
948.0820,-56.65
948.0830,-56.34
948.0840,-56.02
948.0850,-55.70
948.0859,-55.39
948.0869,-55.27
948.0879,-55.16
948.0889,-55.21
948.0898,-55.26
948.0908,-55.46
948.0918,-55.65
948.0928,-55.78
948.0938,-55.90
948.0947,-56.23
948.0957,-56.56
948.0967,-56.93
948.0977,-57.30
948.0986,-56.92
948.0996,-56.53
948.1006,-56.62
948.1016,-56.70
948.1025,-56.98
948.1035,-57.27
948.1045,-57.40
948.1055,-57.53
948.1064,-57.58
948.1074,-57.63
948.1084,-57.54
948.1094,-57.46
948.1104,-57.50
948.1113,-57.54
948.1123,-57.63
948.1133,-57.73
948.1143,-57.62
948.1152,-57.52
948.1162,-57.41
948.1172,-57.30
948.1182,-57.17
948.1191,-57.03
948.1201,-57.14
948.1211,-57.25
948.1221,-57.38
948.1230,-57.51
948.1240,-57.38
948.1250,-57.25
948.1260,-57.01
948.1270,-56.78
948.1279,-56.52
948.1289,-56.26
948.1299,-55.96
948.1309,-55.67
948.1318,-55.47
948.1328,-55.28
948.1338,-55.00
948.1348,-54.72
948.1357,-55.06
948.1367,-55.39
948.1377,-55.66
948.1387,-55.93
948.1396,-56.21
948.1406,-56.49
948.1416,-56.66
948.1426,-56.82
948.1436,-57.10
948.1445,-57.38
948.1455,-57.26
948.1465,-57.14
948.1475,-56.68
948.1484,-56.22
948.1494,-56.68
948.1504,-57.14
948.1514,-57.41
948.1523,-57.67
948.1533,-57.78
948.1543,-57.90
948.1553,-57.80
948.1562,-57.70
948.1572,-57.37
948.1582,-57.03
948.1592,-57.08
948.1602,-57.13
948.1611,-57.22
948.1621,-57.30
948.1631,-57.28
948.1641,-57.25
948.1650,-57.17
948.1660,-57.10
948.1670,-57.12
948.1680,-57.15
948.1689,-57.16
948.1699,-57.16
948.1709,-56.97
948.1719,-56.79
948.1729,-56.50
948.1738,-56.22
948.1748,-55.86
948.1758,-55.50
948.1768,-55.41
948.1777,-55.32
948.1787,-55.35
948.1797,-55.37
948.1807,-55.23
948.1816,-55.10
948.1826,-55.32
948.1836,-55.54
948.1846,-56.20
948.1855,-56.86
948.1865,-57.11
948.1875,-57.36
948.1885,-57.43
948.1895,-57.49
948.1904,-57.31
948.1914,-57.13
948.1924,-57.28
948.1934,-57.42
948.1943,-57.03
948.1953,-56.65
948.1963,-56.76
948.1973,-56.87
948.1982,-57.30
948.1992,-57.74
948.2002,-57.84
948.2012,-57.94
948.2021,-57.93
948.2031,-57.92
948.2041,-57.46
948.2051,-56.99
948.2061,-56.83
948.2070,-56.66
948.2080,-56.95
948.2090,-57.23
948.2100,-57.37
948.2109,-57.52
948.2119,-57.53
948.2129,-57.54
948.2139,-57.34
948.2148,-57.14
948.2158,-56.98
948.2168,-56.82
948.2178,-56.68
948.2188,-56.54
948.2197,-56.28
948.2207,-56.01
948.2217,-55.58
948.2227,-55.15
948.2236,-55.32
948.2246,-55.50
948.2256,-55.58
948.2266,-55.67
948.2275,-55.85
948.2285,-56.03
948.2295,-56.02
948.2305,-56.00
948.2314,-56.45
948.2324,-56.89
948.2334,-57.26
948.2344,-57.63
948.2354,-57.71
948.2363,-57.79
948.2373,-57.39
948.2383,-56.99
948.2393,-57.07
948.2402,-57.14
948.2412,-57.06
948.2422,-56.98
948.2432,-56.93
948.2441,-56.88
948.2451,-57.27
948.2461,-57.67
948.2471,-57.72
948.2480,-57.77
948.2490,-57.71
948.2500,-57.66
948.2510,-57.49
948.2520,-57.33
948.2529,-57.06
948.2539,-56.79
948.2549,-56.95
948.2559,-57.11
948.2568,-57.44
948.2578,-57.76
948.2588,-57.69
948.2598,-57.61
948.2607,-57.31
948.2617,-57.00
948.2627,-56.64
948.2637,-56.27
948.2646,-56.12
948.2656,-55.97
948.2666,-55.80
948.2676,-55.64
948.2686,-55.29
948.2695,-54.94
948.2705,-55.06
948.2715,-55.17
948.2725,-55.65
948.2734,-56.12
948.2744,-56.56
948.2754,-56.99
948.2764,-57.10
948.2773,-57.22
948.2783,-57.03
948.2793,-56.85
948.2803,-57.22
948.2812,-57.59
948.2822,-57.69
948.2832,-57.78
948.2842,-57.67
948.2852,-57.55
948.2861,-57.31
948.2871,-57.07
948.2881,-57.23
948.2891,-57.39
948.2900,-57.04
948.2910,-56.68
948.2920,-57.09
948.2930,-57.49
948.2939,-57.35
948.2949,-57.22
948.2959,-57.37
948.2969,-57.52
948.2979,-57.47
948.2988,-57.42
948.2998,-57.25
948.3008,-57.07
948.3018,-57.10
948.3027,-57.12
948.3037,-57.20
948.3047,-57.27
948.3057,-57.30
948.3066,-57.33
948.3076,-56.94
948.3086,-56.54
948.3096,-55.97
948.3105,-55.39
948.3115,-55.33
948.3125,-55.26
948.3135,-55.18
948.3145,-55.11
948.3154,-55.20
948.3164,-55.30
948.3174,-55.13
948.3184,-54.97
948.3193,-55.37
948.3203,-55.77
948.3213,-56.56
948.3223,-57.35
948.3232,-57.45
948.3242,-57.55
948.3252,-57.18
948.3262,-56.82
948.3271,-56.89
948.3281,-56.96
948.3291,-57.24
948.3301,-57.53
948.3311,-57.67
948.3320,-57.80
948.3330,-57.73
948.3340,-57.65
948.3350,-57.66
948.3359,-57.67
948.3369,-57.22
948.3379,-56.78
948.3389,-56.71
948.3398,-56.63
948.3408,-56.82
948.3418,-57.00
948.3428,-56.94
948.3438,-56.88
948.3447,-57.13
948.3457,-57.38
948.3467,-57.22
948.3477,-57.06
948.3486,-56.95
948.3496,-56.84
948.3506,-56.70
948.3516,-56.56
948.3525,-56.44
948.3535,-56.32
948.3545,-56.00
948.3555,-55.68
948.3564,-55.38
948.3574,-55.08
948.3584,-54.93
948.3594,-54.78
948.3604,-55.10
948.3613,-55.42
948.3623,-55.79
948.3633,-56.15
948.3643,-56.20
948.3652,-56.26
948.3662,-56.06
948.3672,-55.87
948.3682,-56.60
948.3691,-57.34
948.3701,-57.50
948.3711,-57.66
948.3721,-57.43
948.3730,-57.21
948.3740,-56.83
948.3750,-56.45
948.3760,-56.84
948.3770,-57.24
948.3779,-57.54
948.3789,-57.84
948.3799,-57.81
948.3809,-57.79
948.3818,-57.59
948.3828,-57.39
948.3838,-57.20
948.3848,-57.00
948.3857,-56.71
948.3867,-56.42
948.3877,-56.62
948.3887,-56.82
948.3896,-56.62
948.3906,-56.43
948.3916,-56.68
948.3926,-56.94
948.3936,-57.05
948.3945,-57.16
948.3955,-56.88
948.3965,-56.61
948.3975,-56.24
948.3984,-55.87
948.3994,-55.63
948.4004,-55.40
948.4014,-55.29
948.4023,-55.17
948.4033,-55.05
948.4043,-54.92
948.4053,-54.71
948.4062,-54.50
948.4072,-54.80
948.4082,-55.10
948.4092,-55.70
948.4102,-56.31
948.4111,-56.55
948.4121,-56.79
948.4131,-56.58
948.4141,-56.37
948.4150,-56.52
948.4160,-56.67
948.4170,-57.08
948.4180,-57.49
948.4189,-57.47
948.4199,-57.44
948.4209,-57.21
948.4219,-56.97
948.4229,-56.87
948.4238,-56.76
948.4248,-57.06
948.4258,-57.37
948.4268,-57.36
948.4277,-57.35
948.4287,-57.06
948.4297,-56.77
948.4307,-56.45
948.4316,-56.12
948.4326,-55.85
948.4336,-55.57
948.4346,-55.86
948.4355,-56.15
948.4365,-56.30
948.4375,-56.45
948.4385,-56.42
948.4395,-56.40
948.4404,-56.30
948.4414,-56.20
948.4424,-55.94
948.4434,-55.68
948.4443,-55.26
948.4453,-54.83
948.4463,-54.79
948.4473,-54.76
948.4482,-54.58
948.4492,-54.41
948.4502,-54.75
948.4512,-55.09
948.4521,-55.10
948.4531,-55.11
948.4541,-55.08
948.4551,-55.06
948.4561,-55.80
948.4570,-56.55
948.4580,-56.79
948.4590,-57.04
948.4600,-56.86
948.4609,-56.68
948.4619,-56.36
948.4629,-56.03
948.4639,-56.32
948.4648,-56.60
948.4658,-56.75
948.4668,-56.90
948.4678,-56.93
948.4688,-56.96
948.4697,-56.89
948.4707,-56.82
948.4717,-56.88
948.4727,-56.93
948.4736,-57.00
948.4746,-57.07
948.4756,-56.87
948.4766,-56.67
948.4775,-56.40
948.4785,-56.12
948.4795,-55.79
948.4805,-55.47
948.4814,-55.54
948.4824,-55.62
948.4834,-56.23
948.4844,-56.84
948.4854,-56.66
948.4863,-56.48
948.4873,-56.24
948.4883,-55.99
948.4893,-55.61
948.4902,-55.23
948.4912,-54.98
948.4922,-54.74
948.4932,-54.58
948.4941,-54.41
948.4951,-54.38
948.4961,-54.35
948.4971,-54.97
948.4980,-55.60
948.4990,-55.80
948.5000,-56.00
948.5010,-55.90
948.5020,-55.80
948.5029,-55.98
948.5039,-56.17
948.5049,-56.47
948.5059,-56.78
948.5068,-56.73
948.5078,-56.69
948.5088,-56.52
948.5098,-56.35
948.5107,-56.45
948.5117,-56.54
948.5127,-56.81
948.5137,-57.07
948.5146,-57.15
948.5156,-57.23
948.5166,-57.07
948.5176,-56.92
948.5186,-56.68
948.5195,-56.45
948.5205,-56.52
948.5215,-56.59
948.5225,-56.62
948.5234,-56.65
948.5244,-56.57
948.5254,-56.48
948.5264,-56.22
948.5273,-55.96
948.5283,-55.77
948.5293,-55.59
948.5303,-55.77
948.5312,-55.96
948.5322,-55.94
948.5332,-55.92
948.5342,-55.47
948.5352,-55.02
948.5361,-54.94
948.5371,-54.86
948.5381,-54.72
948.5391,-54.58
948.5400,-54.71
948.5410,-54.84
948.5420,-54.82
948.5430,-54.79
948.5439,-55.51
948.5449,-56.23
948.5459,-56.62
948.5469,-57.01
948.5479,-57.07
948.5488,-57.13
948.5498,-56.93
948.5508,-56.73
948.5518,-56.82
948.5527,-56.90
948.5537,-56.91
948.5547,-56.92
948.5557,-56.92
948.5566,-56.93
948.5576,-56.94
948.5586,-56.95
948.5596,-57.19
948.5605,-57.44
948.5615,-57.46
948.5625,-57.48
948.5635,-57.33
948.5645,-57.17
948.5654,-56.73
948.5664,-56.29
948.5674,-56.38
948.5684,-56.47
948.5693,-56.70
948.5703,-56.93
948.5713,-56.97
948.5723,-57.00
948.5732,-56.88
948.5742,-56.77
948.5752,-56.36
948.5762,-55.95
948.5771,-55.93
948.5781,-55.91
948.5791,-55.80
948.5801,-55.69
948.5811,-55.37
948.5820,-55.06
948.5830,-54.86
948.5840,-54.66
948.5850,-54.86
948.5859,-55.06
948.5869,-55.14
948.5879,-55.21
948.5889,-55.49
948.5898,-55.76
948.5908,-55.86
948.5918,-55.96
948.5928,-56.57
948.5938,-57.18
948.5947,-57.23
948.5957,-57.29
948.5967,-57.27
948.5977,-57.24
948.5986,-57.23
948.5996,-57.21
948.6006,-57.32
948.6016,-57.43
948.6025,-57.52
948.6035,-57.61
948.6045,-57.56
948.6055,-57.52
948.6064,-57.44
948.6074,-57.36
948.6084,-57.42
948.6094,-57.49
948.6104,-57.46
948.6113,-57.43
948.6123,-57.26
948.6133,-57.09
948.6143,-56.90
948.6152,-56.72
948.6162,-57.08
948.6172,-57.45
948.6182,-57.51
948.6191,-57.58
948.6201,-57.28
948.6211,-56.98
948.6221,-56.40
948.6230,-55.81
948.6240,-55.50
948.6250,-55.18
948.6260,-55.37
948.6270,-55.55
948.6279,-55.54
948.6289,-55.53
948.6299,-55.50
948.6309,-55.46
948.6318,-55.70
948.6328,-55.94
948.6338,-56.36
948.6348,-56.79
948.6357,-57.04
948.6367,-57.29
948.6377,-57.21
948.6387,-57.12
948.6396,-57.41
948.6406,-57.69
948.6416,-57.75
948.6426,-57.81
948.6436,-57.70
948.6445,-57.59
948.6455,-57.64
948.6465,-57.69
948.6475,-57.90
948.6484,-58.11
948.6494,-58.15
948.6504,-58.19
948.6514,-58.14
948.6523,-58.09
948.6533,-57.76
948.6543,-57.42
948.6553,-57.35
948.6562,-57.27
948.6572,-57.43
948.6582,-57.59
948.6592,-57.60
948.6602,-57.61
948.6611,-57.54
948.6621,-57.47
948.6631,-57.56
948.6641,-57.65
948.6650,-57.65
948.6660,-57.65
948.6670,-57.39
948.6680,-57.12
948.6689,-56.62
948.6699,-56.13
948.6709,-55.60
948.6719,-55.08
948.6729,-55.20
948.6738,-55.32
948.6748,-55.71
948.6758,-56.09
948.6768,-55.90
948.6777,-55.71
948.6787,-55.87
948.6797,-56.03
948.6807,-56.42
948.6816,-56.81
948.6826,-57.20
948.6836,-57.58
948.6846,-57.61
948.6855,-57.63
948.6865,-57.61
948.6875,-57.59
948.6885,-57.70
948.6895,-57.82
948.6904,-57.83
948.6914,-57.83
948.6924,-57.81
948.6934,-57.79
948.6943,-57.80
948.6953,-57.81
948.6963,-58.01
948.6973,-58.21
948.6982,-58.14
948.6992,-56.43
948.7002,-56.23
948.7012,-57.60
948.7021,-57.39
948.7031,-55.69
948.7041,-55.88
948.7051,-57.70
948.7061,-57.80
948.7070,-56.38
948.7080,-56.36
948.7090,-57.67
948.7100,-57.53
948.7109,-56.30
948.7119,-56.69
948.7129,-56.13
948.7139,-55.87
948.7148,-56.63
948.7158,-55.94
948.7168,-56.20
948.7178,-55.43
948.7188,-55.52
948.7197,-55.56
948.7207,-54.77
948.7217,-55.73
948.7227,-55.75
948.7236,-55.93
948.7246,-57.13
948.7256,-56.46
948.7266,-56.76
948.7275,-57.06
948.7285,-56.06
948.7295,-56.15
948.7305,-57.93
948.7314,-58.01
948.7324,-56.24
948.7334,-56.18
948.7344,-57.69
948.7354,-57.79
948.7363,-56.32
948.7373,-56.47
948.7383,-58.26
948.7393,-58.32
948.7402,-56.86
948.7412,-56.75
948.7422,-58.05
948.7432,-57.23
948.7441,-58.04
948.7451,-58.09
948.7461,-56.26
948.7471,-57.07
948.7480,-56.02
948.7490,-56.81
948.7500,-55.97
948.7510,-56.11
948.7520,-57.76
948.7529,-57.19
948.7539,-58.21
948.7549,-58.03
948.7559,-56.44
948.7568,-56.75
948.7578,-55.87
948.7588,-55.75
948.7598,-56.80
948.7607,-56.66
948.7617,-55.48
948.7627,-55.88
948.7637,-55.22
948.7646,-55.56
948.7656,-54.79
948.7666,-55.36
948.7676,-54.84
948.7686,-55.34
948.7695,-57.05
948.7705,-57.40
948.7715,-56.34
948.7725,-57.04
948.7734,-56.25
948.7744,-56.72
948.7754,-55.75
948.7764,-55.86
948.7773,-57.72
948.7783,-57.88
948.7793,-56.26
948.7803,-56.29
948.7812,-58.07
948.7822,-57.99
948.7832,-56.29
948.7842,-56.56
948.7852,-58.54
948.7861,-58.60
948.7871,-56.95
948.7881,-56.75
948.7891,-58.30
948.7900,-57.10
948.7910,-57.62
948.7920,-56.82
948.7930,-57.97
948.7939,-58.07
948.7949,-56.17
948.7959,-57.15
948.7969,-56.27
948.7979,-56.32
948.7988,-56.36
948.7998,-56.51
948.8008,-56.66
948.8018,-56.56
948.8027,-56.47
948.8037,-56.14
948.8047,-55.82
948.8057,-55.64
948.8066,-55.47
948.8076,-55.48
948.8086,-55.49
948.8096,-55.55
948.8105,-55.61
948.8115,-55.77
948.8125,-55.93
948.8135,-55.51
948.8145,-55.09
948.8154,-55.53
948.8164,-55.98
948.8174,-56.33
948.8184,-56.68
948.8193,-56.58
948.8203,-56.47
948.8213,-56.11
948.8223,-55.75
948.8232,-55.64
948.8242,-55.54
948.8252,-55.82
948.8262,-56.10
948.8271,-56.32
948.8281,-56.54
948.8291,-56.50
948.8301,-56.46
948.8311,-56.51
948.8320,-56.55
948.8330,-56.64
948.8340,-56.72
948.8350,-56.56
948.8359,-56.40
948.8369,-56.07
948.8379,-55.73
948.8389,-55.73
948.8398,-55.74
948.8408,-56.02
948.8418,-56.30
948.8428,-56.44
948.8438,-56.58
948.8447,-56.64
948.8457,-56.69
948.8467,-56.54
948.8477,-56.39
948.8486,-56.26
948.8496,-56.14
948.8506,-55.88
948.8516,-55.63
948.8525,-55.51
948.8535,-55.40
948.8545,-55.43
948.8555,-55.45
948.8564,-55.66
948.8574,-55.87
948.8584,-56.08
948.8594,-56.29
948.8604,-55.87
948.8613,-55.44
948.8623,-55.05
948.8633,-54.65
948.8643,-55.44
948.8652,-56.23
948.8662,-56.30
948.8672,-56.36
948.8682,-56.16
948.8691,-55.95
948.8701,-55.60
948.8711,-55.25
948.8721,-55.64
948.8730,-56.03
948.8740,-56.43
948.8750,-56.82
948.8760,-56.85
948.8770,-56.87
948.8779,-56.66
948.8789,-56.45
948.8799,-56.42
948.8809,-56.38
948.8818,-56.35
948.8828,-56.31
948.8838,-56.26
948.8848,-56.22
948.8857,-56.01
948.8867,-55.80
948.8877,-56.04
948.8887,-56.27
948.8896,-56.36
948.8906,-56.45
948.8916,-56.36
948.8926,-56.27
948.8936,-55.96
948.8945,-55.66
948.8955,-55.57
948.8965,-55.47
948.8975,-55.47
948.8984,-55.46
948.8994,-55.45
948.9004,-55.44
948.9014,-55.53
948.9023,-55.62
948.9033,-55.88
948.9043,-56.14
948.9053,-56.34
948.9062,-56.53
948.9072,-56.29
948.9082,-56.04
948.9092,-55.26
948.9102,-54.47
948.9111,-54.78
948.9121,-55.08
948.9131,-55.65
948.9141,-56.21
948.9150,-56.24
948.9160,-56.27
948.9170,-55.91
948.9180,-55.55
948.9189,-55.54
948.9199,-55.52
948.9209,-56.05
948.9219,-56.59
948.9229,-56.60
948.9238,-56.62
948.9248,-56.36
948.9258,-56.09
948.9268,-55.93
948.9277,-55.77
948.9287,-55.79
948.9297,-55.80
948.9307,-55.95
948.9316,-56.10
948.9326,-56.18
948.9336,-56.26
948.9346,-56.26
948.9355,-56.26
948.9365,-56.30
948.9375,-56.33
948.9385,-56.13
948.9395,-55.92
948.9404,-55.51
948.9414,-55.10
948.9424,-54.83
948.9434,-54.56
948.9443,-54.74
948.9453,-54.93
948.9463,-55.02
948.9473,-55.12
948.9482,-55.22
948.9492,-55.33
948.9502,-55.29
948.9512,-55.26
948.9521,-55.65
948.9531,-56.05
948.9541,-55.99
948.9551,-55.93
948.9561,-55.31
948.9570,-54.70
948.9580,-54.48
948.9590,-54.26
948.9600,-54.91
948.9609,-55.56
948.9619,-55.76
948.9629,-55.97
948.9639,-55.95
948.9648,-55.94
948.9658,-55.68
948.9668,-55.43
948.9678,-55.52
948.9688,-55.61
948.9697,-55.58
948.9707,-55.55
948.9717,-55.41
948.9727,-55.27
948.9736,-55.05
948.9746,-54.82
948.9756,-55.04
948.9766,-55.25
948.9775,-55.52
948.9785,-55.78
948.9795,-55.76
948.9805,-55.74
948.9814,-55.61
948.9824,-55.48
948.9834,-55.33
948.9844,-55.17
948.9854,-55.01
948.9863,-54.85
948.9873,-54.78
948.9883,-54.72
948.9893,-54.56
948.9902,-54.41
948.9912,-54.65
948.9922,-54.90
948.9932,-55.25
948.9941,-55.59
948.9951,-55.58
948.9961,-55.57
948.9971,-55.18
948.9980,-54.78
948.9990,-54.76
949.0000,-54.74
949.0010,-55.06
949.0020,-55.37
949.0029,-55.15
949.0039,-54.92
949.0049,-54.44
949.0059,-53.95
949.0068,-54.32
949.0078,-54.69
949.0088,-55.25
949.0098,-55.80
949.0107,-55.88
949.0117,-55.96
949.0127,-55.77
949.0137,-55.57
949.0146,-55.37
949.0156,-55.18
949.0166,-55.19
949.0176,-55.21
949.0186,-55.21
949.0195,-55.21
949.0205,-55.11
949.0215,-55.00
949.0225,-55.00
949.0234,-55.00
949.0244,-55.31
949.0254,-55.62
949.0264,-55.57
949.0273,-55.53
949.0283,-55.19
949.0293,-54.85
949.0303,-54.51
949.0312,-54.17
949.0322,-54.16
949.0332,-54.15
949.0342,-54.24
949.0352,-54.32
949.0361,-54.29
949.0371,-54.26
949.0381,-54.46
949.0391,-54.67
949.0400,-54.88
949.0410,-55.09
949.0420,-55.11
949.0430,-55.13
949.0439,-54.90
949.0449,-54.67
949.0459,-54.17
949.0469,-53.66
949.0479,-54.05
949.0488,-54.44
949.0498,-54.62
949.0508,-54.80
949.0518,-54.66
949.0527,-54.53
949.0537,-54.49
949.0547,-54.45
949.0557,-54.88
949.0566,-55.32
949.0576,-55.38
949.0586,-55.45
949.0596,-55.22
949.0605,-54.99
949.0615,-54.65
949.0625,-54.30
949.0635,-54.43
949.0645,-54.55
949.0654,-54.75
949.0664,-54.95
949.0674,-55.12
949.0684,-55.28
949.0693,-55.25
949.0703,-55.22
949.0713,-55.11
949.0723,-55.01
949.0732,-54.91
949.0742,-54.81
949.0752,-54.54
949.0762,-54.27
949.0771,-53.98
949.0781,-53.69
949.0791,-53.71
949.0801,-53.73
949.0811,-54.03
949.0820,-54.32
949.0830,-54.64
949.0840,-54.95
949.0850,-54.82
949.0859,-54.69
949.0869,-54.71
949.0879,-54.72
949.0889,-54.88
949.0898,-55.05
949.0908,-54.94
949.0918,-54.83
949.0928,-54.59
949.0938,-54.34
949.0947,-54.31
949.0957,-54.29
949.0967,-54.75
949.0977,-55.21
949.0986,-55.07
949.0996,-54.93
949.1006,-54.92
949.1016,-54.92
949.1025,-54.96
949.1035,-55.01
949.1045,-55.06
949.1055,-55.12
949.1064,-55.03
949.1074,-54.94
949.1084,-54.67
949.1094,-54.39
949.1104,-54.27
949.1113,-54.14
949.1123,-54.58
949.1133,-55.03
949.1143,-55.18
949.1152,-55.33
949.1162,-55.29
949.1172,-55.26
949.1182,-54.93
949.1191,-54.61
949.1201,-54.60
949.1211,-54.60
949.1221,-54.41
949.1230,-54.22
949.1240,-54.22
949.1250,-54.22
949.1260,-54.14
949.1270,-54.06
949.1279,-54.36
949.1289,-54.66
949.1299,-54.85
949.1309,-55.04
949.1318,-55.00
949.1328,-54.95
949.1338,-54.42
949.1348,-53.90
949.1357,-54.19
949.1367,-54.48
949.1377,-54.59
949.1387,-54.70
949.1396,-54.76
949.1406,-54.83
949.1416,-54.79
949.1426,-54.76
949.1436,-54.99
949.1445,-55.23
949.1455,-55.30
949.1465,-55.37
949.1475,-55.00
949.1484,-54.64
949.1494,-54.71
949.1504,-54.78
949.1514,-54.83
949.1523,-54.88
949.1533,-54.95
949.1543,-55.03
949.1553,-54.98
949.1562,-54.93
949.1572,-54.74
949.1582,-54.55
949.1592,-54.82
949.1602,-55.08
949.1611,-55.23
949.1621,-55.38
949.1631,-55.15
949.1641,-54.93
949.1650,-54.59
949.1660,-54.26
949.1670,-54.08
949.1680,-53.90
949.1689,-54.09
949.1699,-54.27
949.1709,-54.48
949.1719,-54.70
949.1729,-54.76
949.1738,-54.82
949.1748,-54.96
949.1758,-55.11
949.1768,-55.35
949.1777,-55.60
949.1787,-55.60
949.1797,-55.59
949.1807,-55.13
949.1816,-54.67
949.1826,-54.46
949.1836,-54.25
949.1846,-54.71
949.1855,-55.17
949.1865,-55.36
949.1875,-55.56
949.1885,-55.69
949.1895,-55.82
949.1904,-55.84
949.1914,-55.85
949.1924,-55.90
949.1934,-55.95
949.1943,-55.53
949.1953,-55.11
949.1963,-54.92
949.1973,-54.74
949.1982,-54.69
949.1992,-54.64
949.2002,-55.01
949.2012,-55.37
949.2021,-55.54
949.2031,-55.70
949.2041,-55.55
949.2051,-55.40
949.2061,-55.39
949.2070,-55.37
949.2080,-55.43
949.2090,-55.50
949.2100,-55.27
949.2109,-55.04
949.2119,-54.79
949.2129,-54.55
949.2139,-54.32
949.2148,-54.09
949.2158,-54.31
949.2168,-54.53
949.2178,-54.85
949.2188,-55.18
949.2197,-55.31
949.2207,-55.45
949.2217,-55.17
949.2227,-54.88
949.2236,-55.13
949.2246,-55.39
949.2256,-55.50
949.2266,-55.62
949.2275,-55.53
949.2285,-55.44
949.2295,-55.25
949.2305,-55.06
949.2314,-55.24
949.2324,-55.42
949.2334,-55.66
949.2344,-55.90
949.2354,-56.11
949.2363,-56.32
949.2373,-56.18
949.2383,-56.05
949.2393,-55.91
949.2402,-55.77
949.2412,-55.58
949.2422,-55.40
949.2432,-55.33
949.2441,-55.27
949.2451,-55.26
949.2461,-55.25
949.2471,-55.41
949.2480,-55.57
949.2490,-55.82
949.2500,-56.08
949.2510,-55.90
949.2520,-55.72
949.2529,-55.26
949.2539,-54.79
949.2549,-54.74
949.2559,-54.69
949.2568,-54.76
949.2578,-54.83
949.2588,-54.85
949.2598,-54.87
949.2607,-55.00
949.2617,-55.14
949.2627,-55.32
949.2637,-55.50
949.2646,-55.85
949.2656,-56.20
949.2666,-56.37
949.2676,-56.54
949.2686,-56.13
949.2695,-55.72
949.2705,-55.37
949.2715,-55.03
949.2725,-55.43
949.2734,-55.83
949.2744,-55.87
949.2754,-55.91
949.2764,-56.04
949.2773,-56.17
949.2783,-56.27
949.2793,-56.36
949.2803,-56.39
949.2812,-56.42
949.2822,-56.46
949.2832,-56.51
949.2842,-56.30
949.2852,-56.09
949.2861,-55.71
949.2871,-55.33
949.2881,-55.43
949.2891,-55.54
949.2900,-55.34
949.2910,-55.15
949.2920,-55.64
949.2930,-56.13
949.2939,-56.21
949.2949,-56.29
949.2959,-56.31
949.2969,-56.34
949.2979,-56.07
949.2988,-55.80
949.2998,-55.39
949.3008,-54.98
949.3018,-54.69
949.3027,-54.40
949.3037,-54.64
949.3047,-54.88
949.3057,-55.07
949.3066,-55.26
949.3076,-55.48
949.3086,-55.70
949.3096,-55.61
949.3105,-55.53
949.3115,-55.88
949.3125,-56.24
949.3135,-56.44
949.3145,-56.65
949.3154,-56.50
949.3164,-56.35
949.3174,-55.96
949.3184,-55.58
949.3193,-55.71
949.3203,-55.85
949.3213,-56.14
949.3223,-56.43
949.3232,-56.50
949.3242,-56.56
949.3252,-56.56
949.3262,-56.55
949.3271,-56.51
949.3281,-56.46
949.3291,-56.34
949.3301,-56.22
949.3311,-56.10
949.3320,-55.99
949.3330,-55.63
949.3340,-55.26
949.3350,-55.27
949.3359,-55.29
949.3369,-55.39
949.3379,-55.50
949.3389,-55.62
949.3398,-55.74
949.3408,-55.98
949.3418,-56.22
949.3428,-56.07
949.3438,-55.92
949.3447,-55.84
949.3457,-55.76
949.3467,-55.50
949.3477,-55.24
949.3486,-55.13
949.3496,-55.01
949.3506,-55.14
949.3516,-55.27
949.3525,-55.57
949.3535,-55.88
949.3545,-56.07
949.3555,-56.27
949.3564,-56.08
949.3574,-55.89
949.3584,-55.60
949.3594,-55.30
949.3604,-55.74
949.3613,-56.17
949.3623,-56.11
949.3633,-56.04
949.3643,-56.01
949.3652,-55.99
949.3662,-56.02
949.3672,-56.06
949.3682,-56.31
949.3691,-56.56
949.3701,-56.69
949.3711,-56.81
949.3721,-56.73
949.3730,-56.66
949.3740,-56.37
949.3750,-56.08
949.3760,-56.09
949.3770,-56.11
949.3779,-56.10
949.3789,-56.10
949.3799,-56.10
949.3809,-56.09
949.3818,-55.99
949.3828,-55.88
949.3838,-56.00
949.3848,-56.12
949.3857,-56.04
949.3867,-55.96
949.3877,-56.05
949.3887,-56.15
949.3896,-55.85
949.3906,-55.56
949.3916,-55.55
949.3926,-55.53
949.3936,-55.58
949.3945,-55.63
949.3955,-55.49
949.3965,-55.34
949.3975,-55.55
949.3984,-55.76
949.3994,-56.00
949.4004,-56.23
949.4014,-56.45
949.4023,-56.68
949.4033,-56.65
949.4043,-56.62
949.4053,-56.00
949.4062,-55.39
949.4072,-55.53
949.4082,-55.67
949.4092,-56.03
949.4102,-56.39
949.4111,-56.49
949.4121,-56.59
949.4131,-56.59
949.4141,-56.60
949.4150,-56.69
949.4160,-56.78
949.4170,-56.78
949.4180,-56.79
949.4189,-56.66
949.4199,-56.53
949.4209,-56.21
949.4219,-55.89
949.4229,-55.75
949.4238,-55.62
949.4248,-55.86
949.4258,-56.10
949.4268,-56.27
949.4277,-56.43
949.4287,-56.45
949.4297,-56.46
949.4307,-56.21
949.4316,-55.96
949.4326,-55.69
949.4336,-55.41
949.4346,-55.50
949.4355,-55.59
949.4365,-55.47
949.4375,-55.35
949.4385,-55.30
949.4395,-55.25
949.4404,-55.48
949.4414,-55.72
949.4424,-55.88
949.4434,-56.04
949.4443,-56.06
949.4453,-56.07
949.4463,-55.96
949.4473,-55.86
949.4482,-56.24
949.4492,-56.62
949.4502,-56.58
949.4512,-56.55
949.4521,-56.27
949.4531,-55.99
949.4541,-55.79
949.4551,-55.60
949.4561,-55.99
949.4570,-56.37
949.4580,-56.55
949.4590,-56.74
949.4600,-56.74
949.4609,-56.74
949.4619,-56.54
949.4629,-56.34
949.4639,-56.33
949.4648,-56.33
949.4658,-56.22
949.4668,-56.11
949.4678,-55.95
949.4688,-55.79
949.4697,-55.56
949.4707,-55.33
949.4717,-55.52
949.4727,-55.72
949.4736,-56.00
949.4746,-56.28
949.4756,-56.30
949.4766,-56.31
949.4775,-56.07
949.4785,-55.82
949.4795,-55.44
949.4805,-55.07
949.4814,-54.92
949.4824,-54.78
949.4834,-54.96
949.4844,-55.15
949.4854,-55.07
949.4863,-55.00
949.4873,-55.03
949.4883,-55.05
949.4893,-55.13
949.4902,-55.21
949.4912,-55.11
949.4922,-55.01
949.4932,-54.54
949.4941,-54.07
949.4951,-53.77
949.4961,-53.47
949.4971,-53.49
949.4980,-53.51
949.4990,-55.51
949.5000,-57.51
949.5010,-55.44
949.5020,-53.38
949.5029,-53.62
949.5039,-53.86
949.5049,-54.42
949.5059,-54.98
949.5068,-55.16
949.5078,-55.35
949.5088,-55.29
949.5098,-55.23
949.5107,-55.21
949.5117,-55.19
949.5127,-55.34
949.5137,-55.49
949.5146,-55.57
949.5156,-55.66
949.5166,-55.69
949.5176,-55.71
949.5186,-55.71
949.5195,-55.71
949.5205,-55.94
949.5215,-56.17
949.5225,-56.20
949.5234,-56.22
949.5244,-55.90
949.5254,-55.58
949.5264,-55.29
949.5273,-54.99
949.5283,-54.92
949.5293,-54.84
949.5303,-55.18
949.5312,-55.52
949.5322,-55.71
949.5332,-55.90
949.5342,-55.95
949.5352,-56.00
949.5361,-56.17
949.5371,-56.34
949.5381,-56.21
949.5391,-56.09
949.5400,-56.04
949.5410,-56.00
949.5420,-55.56
949.5430,-55.12
949.5439,-55.53
949.5449,-55.95
949.5459,-56.14
949.5469,-56.33
949.5479,-56.41
949.5488,-56.48
949.5498,-56.40
949.5508,-56.32
949.5518,-56.42
949.5527,-56.52
949.5537,-56.45
949.5547,-56.39
949.5557,-56.23
949.5566,-56.08
949.5576,-55.86
949.5586,-55.64
949.5596,-55.75
949.5605,-55.86
949.5615,-56.10
949.5625,-56.34
949.5635,-56.44
949.5645,-56.54
949.5654,-56.41
949.5664,-56.29
949.5674,-56.19
949.5684,-56.10
949.5693,-56.00
949.5703,-55.89
949.5713,-55.65
949.5723,-55.40
949.5732,-55.00
949.5742,-54.61
949.5752,-54.57
949.5762,-54.52
949.5771,-54.95
949.5781,-55.37
949.5791,-55.82
949.5801,-56.27
949.5811,-56.17
949.5820,-56.07
949.5830,-56.05
949.5840,-56.02
949.5850,-55.95
949.5859,-55.87
949.5869,-55.84
949.5879,-55.81
949.5889,-55.60
949.5898,-55.39
949.5908,-55.44
949.5918,-55.49
949.5928,-55.95
949.5938,-56.41
949.5947,-56.51
949.5957,-56.60
949.5967,-56.47
949.5977,-56.34
949.5986,-56.19
949.5996,-56.04
949.6006,-56.10
949.6016,-56.15
949.6025,-56.11
949.6035,-56.06
949.6045,-56.04
949.6055,-56.01
949.6064,-56.00
949.6074,-55.98
949.6084,-56.17
949.6094,-56.36
949.6104,-56.40
949.6113,-56.44
949.6123,-56.22
949.6133,-56.01
949.6143,-55.79
949.6152,-55.57
949.6162,-55.53
949.6172,-55.48
949.6182,-55.49
949.6191,-55.49
949.6201,-55.41
949.6211,-55.32
949.6221,-55.10
949.6230,-54.88
949.6240,-55.24
949.6250,-55.59
949.6260,-56.16
949.6270,-56.72
949.6279,-56.66
949.6289,-56.60
949.6299,-56.12
949.6309,-55.65
949.6318,-55.80
949.6328,-55.95
949.6338,-56.07
949.6348,-56.18
949.6357,-56.33
949.6367,-56.48
949.6377,-56.33
949.6387,-56.18
949.6396,-56.51
949.6406,-56.84
949.6416,-56.98
949.6426,-57.12
949.6436,-57.03
949.6445,-56.95
949.6455,-56.75
949.6465,-56.55
949.6475,-56.50
949.6484,-56.46
949.6494,-56.47
949.6504,-56.48
949.6514,-56.50
949.6523,-56.51
949.6533,-56.47
949.6543,-56.43
949.6553,-56.54
949.6562,-56.64
949.6572,-56.68
949.6582,-56.72
949.6592,-56.47
949.6602,-56.23
949.6611,-55.83
949.6621,-55.44
949.6631,-55.39
949.6641,-55.35
949.6650,-55.59
949.6660,-55.84
949.6670,-56.07
949.6680,-56.30
949.6689,-56.17
949.6699,-56.04
949.6709,-55.86
949.6719,-55.68
949.6729,-56.10
949.6738,-56.52
949.6748,-56.60
949.6758,-56.68
949.6768,-56.13
949.6777,-55.59
949.6787,-55.43
949.6797,-55.27
949.6807,-55.62
949.6816,-55.97
949.6826,-56.34
949.6836,-56.70
949.6846,-56.75
949.6855,-56.80
949.6865,-56.72
949.6875,-56.63
949.6885,-56.71
949.6895,-56.79
949.6904,-56.66
949.6914,-56.54
949.6924,-56.45
949.6934,-56.36
949.6943,-56.33
949.6953,-56.30
949.6963,-56.53
949.6973,-56.76
949.6982,-56.84
949.6992,-56.92
949.7002,-56.80
949.7012,-56.68
949.7021,-56.52
949.7031,-56.36
949.7041,-56.24
949.7051,-56.12
949.7061,-55.99
949.7070,-55.86
949.7080,-55.66
949.7090,-55.46
949.7100,-55.11
949.7109,-54.77
949.7119,-55.37
949.7129,-55.98
949.7139,-56.27
949.7148,-56.57
949.7158,-56.67
949.7168,-56.77
949.7178,-56.37
949.7188,-55.97
949.7197,-55.97
949.7207,-55.97
949.7217,-56.27
949.7227,-56.57
949.7236,-56.53
949.7246,-56.49
949.7256,-56.07
949.7266,-55.64
949.7275,-55.86
949.7285,-56.08
949.7295,-56.41
949.7305,-56.75
949.7314,-57.00
949.7324,-57.26
949.7334,-57.04
949.7344,-56.82
949.7354,-56.72
949.7363,-56.62
949.7373,-56.63
949.7383,-56.65
949.7393,-56.67
949.7402,-56.69
949.7412,-56.60
949.7422,-56.51
949.7432,-56.59
949.7441,-56.67
949.7451,-56.80
949.7461,-56.93
949.7471,-56.72
949.7480,-56.52
949.7490,-56.29
949.7500,-56.07
949.7510,-55.92
949.7520,-55.78
949.7529,-55.81
949.7539,-55.84
949.7549,-55.91
949.7559,-55.98
949.7568,-55.88
949.7578,-55.79
949.7588,-55.96
949.7598,-56.14
949.7607,-56.54
949.7617,-56.93
949.7627,-56.91
949.7637,-56.89
949.7646,-56.38
949.7656,-55.86
949.7666,-55.62
949.7676,-55.37
949.7686,-56.04
949.7695,-56.71
949.7705,-56.85
949.7715,-56.99
949.7725,-56.87
949.7734,-56.75
949.7744,-56.55
949.7754,-56.35
949.7764,-56.54
949.7773,-56.74
949.7783,-56.86
949.7793,-56.99
949.7803,-56.89
949.7812,-56.79
949.7822,-56.67
949.7832,-56.55
949.7842,-56.71
949.7852,-56.86
949.7861,-57.02
949.7871,-57.17
949.7881,-57.14
949.7891,-57.12
949.7900,-56.87
949.7910,-56.61
949.7920,-56.78
949.7930,-56.95
949.7939,-56.81
949.7949,-56.66
949.7959,-56.42
949.7969,-56.17
949.7979,-55.98
949.7988,-55.79
949.7998,-55.92
949.8008,-56.05
949.8018,-56.30
949.8027,-56.55
949.8037,-56.57
949.8047,-56.58
949.8057,-56.71
949.8066,-56.83
949.8076,-57.03
949.8086,-57.23
949.8096,-57.22
949.8105,-57.21
949.8115,-57.04
949.8125,-56.86
949.8135,-56.09
949.8145,-55.31
949.8154,-55.72
949.8164,-56.13
949.8174,-56.70
949.8184,-57.27
949.8193,-57.30
949.8203,-57.33
949.8213,-57.09
949.8223,-56.86
949.8232,-56.67
949.8242,-56.49
949.8252,-56.76
949.8262,-57.02
949.8271,-57.04
949.8281,-57.05
949.8291,-56.83
949.8301,-56.60
949.8311,-56.72
949.8320,-56.84
949.8330,-57.10
949.8340,-57.36
949.8350,-57.41
949.8359,-57.47
949.8369,-57.23
949.8379,-57.00
949.8389,-56.86
949.8398,-56.71
949.8408,-56.62
949.8418,-56.52
949.8428,-56.43
949.8438,-56.34
949.8447,-56.22
949.8457,-56.10
949.8467,-56.13
949.8477,-56.16
949.8486,-56.61
949.8496,-57.06
949.8506,-57.26
949.8516,-57.46
949.8525,-57.43
949.8535,-57.41
949.8545,-57.41
949.8555,-57.41
949.8564,-57.51
949.8574,-57.60
949.8584,-57.57
949.8594,-57.53
949.8604,-57.18
949.8613,-56.82
949.8623,-56.57
949.8633,-56.33
949.8643,-56.98
949.8652,-57.64
949.8662,-57.75
949.8672,-57.86
949.8682,-57.70
949.8691,-57.54
949.8701,-57.10
949.8711,-56.65
949.8721,-56.64
949.8730,-56.63
949.8740,-56.93
949.8750,-57.23
949.8760,-57.25
949.8770,-57.27
949.8779,-57.00
949.8789,-56.74
949.8799,-57.10
949.8809,-57.47
949.8818,-57.67
949.8828,-57.87
949.8838,-57.65
949.8848,-57.42
949.8857,-57.26
949.8867,-57.09
949.8877,-56.97
949.8887,-56.86
949.8896,-56.89
949.8906,-56.93
949.8916,-57.06
949.8926,-57.19
949.8936,-57.21
949.8945,-57.22
949.8955,-57.47
949.8965,-57.72
949.8975,-57.83
949.8984,-57.95
949.8994,-57.78
949.9004,-57.60
949.9014,-57.29
949.9023,-56.98
949.9033,-57.16
949.9043,-57.34
949.9053,-57.60
949.9062,-57.86
949.9072,-57.69
949.9082,-57.53
949.9092,-57.19
949.9102,-56.85
949.9111,-57.18
949.9121,-57.51
949.9131,-57.69
949.9141,-57.87
949.9150,-57.78
949.9160,-57.69
949.9170,-57.21
949.9180,-56.73
949.9189,-56.53
949.9199,-56.34
949.9209,-56.76
949.9219,-57.17
949.9229,-57.35
949.9238,-57.53
949.9248,-57.40
949.9258,-57.27
949.9268,-57.12
949.9277,-56.97
949.9287,-57.06
949.9297,-57.15
949.9307,-57.05
949.9316,-56.96
949.9326,-56.72
949.9336,-56.49
949.9346,-56.45
949.9355,-56.40
949.9365,-56.68
949.9375,-56.96
949.9385,-57.13
949.9395,-57.31
949.9404,-57.38
949.9414,-57.46
949.9424,-57.50
949.9434,-57.54
949.9443,-57.53
949.9453,-57.52
949.9463,-57.38
949.9473,-57.24
949.9482,-57.04
949.9492,-56.85
949.9502,-56.74
949.9512,-56.64
949.9521,-56.99
949.9531,-57.35
949.9541,-57.45
949.9551,-57.55
949.9561,-57.09
949.9570,-56.62
949.9580,-56.53
949.9590,-56.44
949.9600,-56.75
949.9609,-57.06
949.9619,-57.01
949.9629,-56.97
949.9639,-56.80
949.9648,-56.63
949.9658,-56.13
949.9668,-55.64
949.9678,-56.11
949.9688,-56.58
949.9697,-57.01
949.9707,-57.44
949.9717,-57.39
949.9727,-57.34
949.9736,-57.06
949.9746,-56.79
949.9756,-56.68
949.9766,-56.57
949.9775,-56.52
949.9785,-56.47
949.9795,-56.40
949.9805,-56.33
949.9814,-56.32
949.9824,-56.31
949.9834,-56.60
949.9844,-56.89
949.9854,-57.15
949.9863,-57.41
949.9873,-57.48
949.9883,-57.55
949.9893,-57.24
949.9902,-56.92
949.9912,-56.85
949.9922,-56.77
949.9932,-56.81
949.9941,-56.84
949.9951,-56.78
949.9961,-56.71
949.9971,-56.69
949.9980,-56.67
949.9990,-56.84
950.0000,-57.00
950.0010,-57.19
950.0020,-57.39
950.0029,-57.04
950.0039,-56.69
950.0049,-56.23
950.0059,-55.77
950.0068,-55.90
950.0078,-56.04
950.0088,-56.15
950.0098,-56.25
950.0107,-56.35
950.0117,-56.46
950.0127,-56.18
950.0137,-55.90
950.0146,-55.78
950.0156,-55.66
950.0166,-56.17
950.0176,-56.67
950.0186,-56.55
950.0195,-56.44
950.0205,-56.22
950.0215,-56.00
950.0225,-55.92
950.0234,-55.85
950.0244,-55.93
950.0254,-56.01
950.0264,-56.16
950.0273,-56.31
950.0283,-56.44
950.0293,-56.57
950.0303,-56.66
950.0312,-56.75
950.0322,-56.84
950.0332,-56.93
950.0342,-56.85
950.0352,-56.77
950.0361,-56.56
950.0371,-56.34
950.0381,-56.08
950.0391,-55.82
950.0400,-56.04
950.0410,-56.26
950.0420,-56.35
950.0430,-56.44
950.0439,-56.47
950.0449,-56.50
950.0459,-56.42
950.0469,-56.34
950.0479,-56.37
950.0488,-56.41
950.0498,-56.23
950.0508,-56.05
950.0518,-55.72
950.0527,-55.39
950.0537,-55.29
950.0547,-55.19
950.0557,-55.52
950.0566,-55.85
950.0576,-56.07
950.0586,-56.29
950.0596,-56.26
950.0605,-56.23
950.0615,-55.90
950.0625,-55.56
950.0635,-55.55
950.0645,-55.54
950.0654,-55.52
950.0664,-55.51
950.0674,-55.40
950.0684,-55.28
950.0693,-55.16
950.0703,-55.05
950.0713,-55.25
950.0723,-55.45
950.0732,-55.71
950.0742,-55.96
950.0752,-56.18
950.0762,-56.40
950.0771,-56.40
950.0781,-56.40
950.0791,-56.25
950.0801,-56.11
950.0811,-55.97
950.0820,-55.83
950.0830,-55.81
950.0840,-55.78
950.0850,-55.67
950.0859,-55.56
950.0869,-55.69
950.0879,-55.83
950.0889,-56.06
950.0898,-56.28
950.0908,-56.31
950.0918,-56.33
950.0928,-56.29
950.0938,-56.25
950.0947,-56.12
950.0957,-55.98
950.0967,-55.90
950.0977,-55.82
950.0986,-55.62
950.0996,-55.41
950.1006,-55.42
950.1016,-55.43
950.1025,-55.67
950.1035,-55.91
950.1045,-56.22
950.1055,-56.53
950.1064,-56.47
950.1074,-56.41
950.1084,-56.10
950.1094,-55.79
950.1104,-55.57
950.1113,-55.35
950.1123,-55.37
950.1133,-55.39
950.1143,-55.30
950.1152,-55.21
950.1162,-55.31
950.1172,-55.41
950.1182,-55.44
950.1191,-55.48
950.1201,-55.73
950.1211,-55.99
950.1221,-56.12
950.1230,-56.26
950.1240,-56.17
950.1250,-56.08
950.1260,-55.88
950.1270,-55.68
950.1279,-55.70
950.1289,-55.71
950.1299,-55.80
950.1309,-55.89
950.1318,-55.96
950.1328,-56.02
950.1338,-56.06
950.1348,-56.10
950.1357,-56.21
950.1367,-56.32
950.1377,-56.20
950.1387,-56.07
950.1396,-56.06
950.1406,-56.04
950.1416,-55.95
950.1426,-55.86
950.1436,-55.85
950.1445,-55.85
950.1455,-55.86
950.1465,-55.87
950.1475,-55.73
950.1484,-55.59
950.1494,-55.74
950.1504,-55.88
950.1514,-55.92
950.1523,-55.96
950.1533,-55.95
950.1543,-55.94
950.1553,-55.55
950.1562,-55.15
950.1572,-55.00
950.1582,-54.84
950.1592,-54.92
950.1602,-55.01
950.1611,-55.15
950.1621,-55.29
950.1631,-55.44
950.1641,-55.59
950.1650,-55.79
950.1660,-55.99
950.1670,-56.11
950.1680,-56.24
950.1689,-56.24
950.1699,-56.23
950.1709,-56.06
950.1719,-55.89
950.1729,-55.63
950.1738,-55.37
950.1748,-55.38
950.1758,-55.39
950.1768,-55.69
950.1777,-56.00
950.1787,-56.20
950.1797,-56.40
950.1807,-56.42
950.1816,-56.45
950.1826,-56.35
950.1836,-56.26
950.1846,-56.17
950.1855,-56.07
950.1865,-55.99
950.1875,-55.92
950.1885,-55.92
950.1895,-55.92
950.1904,-55.98
950.1914,-56.04
950.1924,-56.23
950.1934,-56.43
950.1943,-56.27
950.1953,-56.11
950.1963,-56.07
950.1973,-56.02
950.1982,-55.97
950.1992,-55.68
950.2002,-55.56
950.2012,-55.76
950.2021,-55.64
950.2031,-55.05
950.2041,-54.87
950.2051,-55.13
950.2061,-55.25
950.2070,-55.08
950.2080,-55.33
950.2090,-55.81
950.2100,-56.08
950.2109,-56.01
950.2119,-56.00
950.2129,-56.49
950.2139,-56.48
950.2148,-55.90
950.2158,-55.80
950.2168,-56.34
950.2178,-56.26
950.2188,-55.62
950.2197,-55.62
950.2207,-56.15
950.2217,-56.10
950.2227,-55.48
950.2236,-55.74
950.2246,-56.49
950.2256,-56.71
950.2266,-56.36
950.2275,-56.29
950.2285,-56.90
950.2295,-56.72
950.2305,-55.97
950.2314,-55.87
950.2324,-56.36
950.2334,-56.01
950.2344,-56.25
950.2354,-56.32
950.2363,-55.79
950.2373,-55.91
950.2383,-56.55
950.2393,-56.42
950.2402,-56.73
950.2412,-56.54
950.2422,-55.93
950.2432,-55.79
950.2441,-56.13
950.2451,-56.10
950.2461,-55.59
950.2471,-55.48
950.2480,-55.79
950.2490,-55.85
950.2500,-55.34
950.2510,-55.32
950.2520,-55.82
950.2529,-55.95
950.2539,-55.54
950.2549,-56.10
950.2559,-56.05
950.2568,-56.20
950.2578,-57.10
950.2588,-56.67
950.2598,-56.98
950.2607,-56.45
950.2617,-56.75
950.2627,-56.73
950.2637,-55.76
950.2646,-55.85
950.2656,-56.88
950.2666,-56.96
950.2676,-56.21
950.2686,-56.20
950.2695,-57.18
950.2705,-57.12
950.2715,-56.15
950.2725,-56.29
950.2734,-57.28
950.2744,-56.79
950.2754,-57.05
950.2764,-56.94
950.2773,-55.96
950.2783,-55.87
950.2793,-56.77
950.2803,-56.77
950.2812,-55.96
950.2822,-56.18
950.2832,-57.14
950.2842,-56.91
950.2852,-57.44
950.2861,-57.01
950.2871,-57.33
950.2881,-57.16
950.2891,-56.21
950.2900,-55.81
950.2910,-56.26
950.2920,-55.89
950.2930,-56.50
950.2939,-56.45
950.2949,-55.61
950.2959,-56.15
950.2969,-55.91
950.2979,-56.07
950.2988,-56.24
950.2998,-56.30
950.3008,-56.36
950.3018,-56.46
950.3027,-56.56
950.3037,-56.58
950.3047,-56.59
950.3057,-56.51
950.3066,-56.43
950.3076,-56.36
950.3086,-56.30
950.3096,-56.18
950.3105,-56.07
950.3115,-56.25
950.3125,-56.43
950.3135,-56.65
950.3145,-56.88
950.3154,-56.89
950.3164,-56.90
950.3174,-56.73
950.3184,-56.57
950.3193,-56.57
950.3203,-56.58
950.3213,-56.59
950.3223,-56.60
950.3232,-56.62
950.3242,-56.64
950.3252,-56.68
950.3262,-56.73
950.3271,-56.83
950.3281,-56.93
950.3291,-57.02
950.3301,-57.10
950.3311,-57.11
950.3320,-57.12
950.3330,-56.98
950.3340,-56.84
950.3350,-56.65
950.3359,-56.46
950.3369,-56.14
950.3379,-55.81
950.3389,-55.92
950.3398,-56.04
950.3408,-56.27
950.3418,-56.51
950.3428,-56.66
950.3438,-56.81
950.3447,-57.00
950.3457,-57.20
950.3467,-57.05
950.3477,-56.90
950.3486,-56.86
950.3496,-56.81
950.3506,-56.78
950.3516,-56.75
950.3525,-56.78
950.3535,-56.81
950.3545,-56.93
950.3555,-57.06
950.3564,-57.05
950.3574,-57.03
950.3584,-57.03
950.3594,-57.03
950.3604,-57.31
950.3613,-57.58
950.3623,-57.61
950.3633,-57.64
950.3643,-57.46
950.3652,-57.29
950.3662,-57.08
950.3672,-56.87
950.3682,-56.97
950.3691,-57.06
950.3701,-57.16
950.3711,-57.25
950.3721,-57.40
950.3730,-57.54
950.3740,-57.53
950.3750,-57.52
950.3760,-57.48
950.3770,-57.44
950.3779,-57.42
950.3789,-57.41
950.3799,-57.21
950.3809,-57.02
950.3818,-56.82
950.3828,-56.61
950.3838,-56.49
950.3848,-56.36
950.3857,-56.42
950.3867,-56.48
950.3877,-56.76
950.3887,-57.03
950.3896,-57.12
950.3906,-57.21
950.3916,-57.37
950.3926,-57.54
950.3936,-57.47
950.3945,-57.40
950.3955,-57.12
950.3965,-56.83
950.3975,-56.91
950.3984,-57.00
950.3994,-57.12
950.4004,-57.25
950.4014,-57.40
950.4023,-57.55
950.4033,-57.55
950.4043,-57.56
950.4053,-57.36
950.4062,-57.17
950.4072,-57.31
950.4082,-57.46
950.4092,-57.60
950.4102,-57.75
950.4111,-57.66
950.4121,-57.56
950.4131,-57.37
950.4141,-57.17
950.4150,-57.24
950.4160,-57.32
950.4170,-57.57
950.4180,-57.82
950.4189,-57.92
950.4199,-58.02
950.4209,-57.90
950.4219,-57.79
950.4229,-57.57
950.4238,-57.36
950.4248,-57.29
950.4258,-57.22
950.4268,-57.13
950.4277,-57.05
950.4287,-56.96
950.4297,-56.86
950.4307,-56.86
950.4316,-56.85
950.4326,-56.81
950.4336,-56.78
950.4346,-57.10
950.4355,-57.42
950.4365,-57.51
950.4375,-57.61
950.4385,-57.48
950.4395,-57.35
950.4404,-57.38
950.4414,-57.40
950.4424,-57.27
950.4434,-57.14
950.4443,-57.25
950.4453,-57.37
950.4463,-57.54
950.4473,-57.72
950.4482,-57.83
950.4492,-57.95
950.4502,-58.00
950.4512,-58.04
950.4521,-57.83
950.4531,-57.62
950.4541,-57.30
950.4551,-56.98
950.4561,-57.17
950.4570,-57.37
950.4580,-57.44
950.4590,-57.51
950.4600,-57.53
950.4609,-57.56
950.4619,-57.45
950.4629,-57.35
950.4639,-57.54
950.4648,-57.74
950.4658,-57.77
950.4668,-57.81
950.4678,-57.70
950.4688,-57.60
950.4697,-57.26
950.4707,-56.93
950.4717,-56.81
950.4727,-56.69
950.4736,-56.76
950.4746,-56.82
950.4756,-56.89
950.4766,-56.96
950.4775,-57.12
950.4785,-57.29
950.4795,-57.27
950.4805,-57.26
950.4814,-57.29
950.4824,-57.31
950.4834,-57.49
950.4844,-57.66
950.4854,-57.43
950.4863,-57.19
950.4873,-57.25
950.4883,-57.31
950.4893,-57.25
950.4902,-57.20
950.4912,-57.29
950.4922,-57.38
950.4932,-57.40
950.4941,-57.41
950.4951,-57.49
950.4961,-57.56
950.4971,-57.66
950.4980,-57.76
950.4990,-57.68
950.5000,-57.60
950.5010,-57.23
950.5020,-56.86
950.5029,-56.78
950.5039,-56.70
950.5049,-56.95
950.5059,-57.20
950.5068,-57.30
950.5078,-57.40
950.5088,-57.40
950.5098,-57.40
950.5107,-57.40
950.5117,-57.40
950.5127,-57.40
950.5137,-57.41
950.5146,-57.21
950.5156,-57.01
950.5166,-56.77
950.5176,-56.52
950.5186,-56.36
950.5195,-56.20
950.5205,-56.43
950.5215,-56.65
950.5225,-56.82
950.5234,-56.98
950.5244,-57.09
950.5254,-57.19
950.5264,-57.19
950.5273,-57.18
950.5283,-57.04
950.5293,-56.90
950.5303,-56.99
950.5312,-57.09
950.5322,-57.03
950.5332,-56.97
950.5342,-56.90
950.5352,-56.84
950.5361,-56.93
950.5371,-57.03
950.5381,-56.95
950.5391,-56.87
950.5400,-57.02
950.5410,-57.17
950.5420,-56.97
950.5430,-56.77
950.5439,-56.90
950.5449,-57.03
950.5459,-56.96
950.5469,-56.89
950.5479,-56.82
950.5488,-56.75
950.5498,-56.65
950.5508,-56.56
950.5518,-56.85
950.5527,-57.14
950.5537,-57.26
950.5547,-57.39
950.5557,-57.27
950.5566,-57.16
950.5576,-57.00
950.5586,-56.83
950.5596,-56.78
950.5605,-56.73
950.5615,-56.67
950.5625,-56.62
950.5635,-56.55
950.5645,-56.48
950.5654,-56.35
950.5664,-56.21
950.5674,-56.40
950.5684,-56.58
950.5693,-56.86
950.5703,-57.13
950.5713,-57.19
950.5723,-57.26
950.5732,-57.07
950.5742,-56.88
950.5752,-56.69
950.5762,-56.50
950.5771,-56.59
950.5781,-56.68
950.5791,-56.80
950.5801,-56.92
950.5811,-56.96
950.5820,-56.99
950.5830,-57.04
950.5840,-57.10
950.5850,-57.04
950.5859,-56.97
950.5869,-57.01
950.5879,-57.04
950.5889,-56.82
950.5898,-56.60
950.5908,-56.44
950.5918,-56.28
950.5928,-56.49
950.5938,-56.70
950.5947,-56.74
950.5957,-56.78
950.5967,-56.80
950.5977,-56.83
950.5986,-56.87
950.5996,-56.92
950.6006,-57.06
950.6016,-57.19
950.6025,-57.17
950.6035,-57.14
950.6045,-56.87
950.6055,-56.60
950.6064,-56.36
950.6074,-56.12
950.6084,-56.19
950.6094,-56.27
950.6104,-56.35
950.6113,-56.43
950.6123,-56.48
950.6133,-56.53
950.6143,-56.66
950.6152,-56.79
950.6162,-56.96
950.6172,-57.12
950.6182,-57.05
950.6191,-56.98
950.6201,-56.76
950.6211,-56.53
950.6221,-56.16
950.6230,-55.78
950.6240,-55.81
950.6250,-55.85
950.6260,-56.19
950.6270,-56.53
950.6279,-56.63
950.6289,-56.73
950.6299,-56.73
950.6309,-56.73
950.6318,-56.68
950.6328,-56.63
950.6338,-56.53
950.6348,-56.43
950.6357,-56.39
950.6367,-56.35
950.6377,-56.07
950.6387,-55.79
950.6396,-55.98
950.6406,-56.18
950.6416,-56.40
950.6426,-56.62
950.6436,-56.70
950.6445,-56.77
950.6455,-56.67
950.6465,-56.57
950.6475,-56.58
950.6484,-56.59
950.6494,-56.50
950.6504,-56.41
950.6514,-56.24
950.6523,-56.06
950.6533,-55.85
950.6543,-55.64
950.6553,-55.74
950.6562,-55.84
950.6572,-56.09
950.6582,-56.34
950.6592,-56.45
950.6602,-56.56
950.6611,-56.61
950.6621,-56.66
950.6631,-56.69
950.6641,-56.72
950.6650,-56.64
950.6660,-56.57
950.6670,-56.42
950.6680,-56.28
950.6689,-56.16
950.6699,-56.03
950.6709,-55.94
950.6719,-55.85
950.6729,-56.15
950.6738,-56.44
950.6748,-56.61
950.6758,-56.78
950.6768,-56.56
950.6777,-56.35
950.6787,-56.16
950.6797,-55.97
950.6807,-55.90
950.6816,-55.82
950.6826,-55.86
950.6836,-55.90
950.6846,-55.93
950.6855,-55.96
950.6865,-55.91
950.6875,-55.87
950.6885,-56.05
950.6895,-56.23
950.6904,-56.34
950.6914,-56.44
950.6924,-56.33
950.6934,-56.22
950.6943,-55.94
950.6953,-55.66
950.6963,-55.58
950.6973,-55.50
950.6982,-55.53
950.6992,-55.55
950.7002,-55.59
950.7012,-55.62
950.7021,-55.68
950.7031,-55.74
950.7041,-56.03
950.7051,-56.31
950.7061,-56.50
950.7070,-56.69
950.7080,-56.58
950.7090,-56.47
950.7100,-56.28
950.7109,-56.08
950.7119,-56.10
950.7129,-56.13
950.7139,-56.18
950.7148,-56.23
950.7158,-56.21
950.7168,-56.20
950.7178,-56.21
950.7188,-56.23
950.7197,-56.31
950.7207,-56.39
950.7217,-56.46
950.7227,-56.53
950.7236,-56.40
950.7246,-56.27
950.7256,-55.88
950.7266,-55.49
950.7275,-55.44
950.7285,-55.40
950.7295,-55.52
950.7305,-55.64
950.7314,-55.88
950.7324,-56.12
950.7334,-56.19
950.7344,-56.25
950.7354,-56.32
950.7363,-56.39
950.7373,-56.34
950.7383,-56.29
950.7393,-56.08
950.7402,-55.88
950.7412,-55.66
950.7422,-55.45
950.7432,-55.45
950.7441,-55.44
950.7451,-55.57
950.7461,-55.69
950.7471,-55.89
950.7480,-56.08
950.7490,-56.23
950.7500,-56.37
950.7510,-56.49
950.7520,-56.62
950.7529,-56.70
950.7539,-56.78
950.7549,-56.69
950.7559,-56.61
950.7568,-56.35
950.7578,-56.09
950.7588,-56.10
950.7598,-56.12
950.7607,-56.26
950.7617,-56.40
950.7627,-56.51
950.7637,-56.62
950.7646,-56.50
950.7656,-56.38
950.7666,-56.27
950.7676,-56.16
950.7686,-56.23
950.7695,-56.31
950.7705,-56.13
950.7715,-55.95
950.7725,-55.78
950.7734,-55.60
950.7744,-55.48
950.7754,-55.35
950.7764,-55.47
950.7773,-55.60
950.7783,-55.81
950.7793,-56.02
950.7803,-56.17
950.7812,-56.32
950.7822,-56.18
950.7832,-56.04
950.7842,-55.95
950.7852,-55.85
950.7861,-55.76
950.7871,-55.67
950.7881,-55.61
950.7891,-55.54
950.7900,-55.53
950.7910,-55.53
950.7920,-55.81
950.7930,-56.09
950.7939,-56.33
950.7949,-56.56
950.7959,-56.61
950.7969,-56.67
950.7979,-56.63
950.7988,-56.59
950.7998,-56.49
950.8008,-56.39
950.8018,-56.33
950.8027,-56.26
950.8037,-56.20
950.8047,-56.13
950.8057,-56.15
950.8066,-56.17
950.8076,-56.34
950.8086,-56.52
950.8096,-56.64
950.8105,-56.76
950.8115,-56.70
950.8125,-56.64
950.8135,-56.15
950.8145,-55.66
950.8154,-55.80
950.8164,-55.95
950.8174,-56.11
950.8184,-56.26
950.8193,-56.32
950.8203,-56.38
950.8213,-56.43
950.8223,-56.49
950.8232,-56.44
950.8242,-56.39
950.8252,-56.60
950.8262,-56.81
950.8271,-56.84
950.8281,-56.86
950.8291,-56.63
950.8301,-56.40
950.8311,-56.21
950.8320,-56.03
950.8330,-56.10
950.8340,-56.18
950.8350,-56.19
950.8359,-56.21
950.8369,-56.37
950.8379,-56.54
950.8389,-56.73
950.8398,-56.91
950.8408,-57.08
950.8418,-57.25
950.8428,-57.25
950.8438,-57.25
950.8447,-57.04
950.8457,-56.82
950.8467,-56.63
950.8477,-56.44
950.8486,-56.53
950.8496,-56.62
950.8506,-56.73
950.8516,-56.83
950.8525,-56.81
950.8535,-56.79
950.8545,-56.91
950.8555,-57.03
950.8564,-57.19
950.8574,-57.35
950.8584,-57.23
950.8594,-57.11
950.8604,-56.72
950.8613,-56.34
950.8623,-56.07
950.8633,-55.80
950.8643,-56.18
950.8652,-56.56
950.8662,-56.73
950.8672,-56.90
950.8682,-57.01
950.8691,-57.12
950.8701,-57.00
950.8711,-56.88
950.8721,-56.83
950.8730,-56.78
950.8740,-56.87
950.8750,-56.95
950.8760,-56.74
950.8770,-56.53
950.8779,-56.34
950.8789,-56.16
950.8799,-56.39
950.8809,-56.62
950.8818,-56.83
950.8828,-57.05
950.8838,-57.20
950.8848,-57.35
950.8857,-57.41
950.8867,-57.46
950.8877,-57.58
950.8887,-57.70
950.8896,-57.69
950.8906,-57.69
950.8916,-57.61
950.8926,-57.53
950.8936,-57.40
950.8945,-57.26
950.8955,-57.37
950.8965,-57.49
950.8975,-57.59
950.8984,-57.69
950.8994,-57.68
950.9004,-57.67
950.9014,-57.48
950.9023,-57.29
950.9033,-57.35
950.9043,-57.42
950.9053,-57.45
950.9062,-57.49
950.9072,-57.31
950.9082,-57.14
950.9092,-56.97
950.9102,-56.81
950.9111,-56.99
950.9121,-57.18
950.9131,-57.36
950.9141,-57.54
950.9150,-57.59
950.9160,-57.65
950.9170,-57.53
950.9180,-57.41
950.9189,-57.14
950.9199,-56.86
950.9209,-56.93
950.9219,-57.00
950.9229,-57.00
950.9238,-57.00
950.9248,-56.95
950.9258,-56.90
950.9268,-57.01
950.9277,-57.12
950.9287,-57.40
950.9297,-57.67
950.9307,-57.79
950.9316,-57.91
950.9326,-57.78
950.9336,-57.65
950.9346,-57.50
950.9355,-57.35
950.9365,-57.47
950.9375,-57.60
950.9385,-57.66
950.9395,-57.71
950.9404,-57.75
950.9414,-57.79
950.9424,-57.82
950.9434,-57.84
950.9443,-57.93
950.9453,-58.01
950.9463,-57.99
950.9473,-57.96
950.9482,-57.73
950.9492,-57.50
950.9502,-57.17
950.9512,-56.84
950.9521,-57.12
950.9531,-57.39
950.9541,-57.37
950.9551,-57.35
950.9561,-57.18
950.9570,-57.01
950.9580,-57.12
950.9590,-57.23
950.9600,-57.42
950.9609,-57.61
950.9619,-57.53
950.9629,-57.45
950.9639,-57.30
950.9648,-57.15
950.9658,-56.79
950.9668,-56.42
950.9678,-56.53
950.9688,-56.64
950.9697,-56.74
950.9707,-56.83
950.9717,-56.93
950.9727,-57.03
950.9736,-57.05
950.9746,-57.08
950.9756,-57.18
950.9766,-57.28
950.9775,-57.33
950.9785,-57.38
950.9795,-57.21
950.9805,-57.05
950.9814,-56.71
950.9824,-56.38
950.9834,-56.38
950.9844,-56.39
950.9854,-56.49
950.9863,-56.59
950.9873,-56.59
950.9883,-56.60
950.9893,-56.37
950.9902,-56.13
950.9912,-55.98
950.9922,-55.83
950.9932,-55.64
950.9941,-55.44
950.9951,-54.88
950.9961,-54.32
950.9971,-54.00
950.9980,-53.69
950.9990,-55.79
951.0000,-57.89
951.0010,-55.86
951.0020,-53.84
951.0029,-54.07
951.0039,-54.31
951.0049,-54.64
951.0059,-54.97
951.0068,-55.29
951.0078,-55.60
951.0088,-55.69
951.0098,-55.79
951.0107,-55.87
951.0117,-55.96
951.0127,-55.79
951.0137,-55.62
951.0146,-55.63
951.0156,-55.64
951.0166,-56.15
951.0176,-56.67
951.0186,-56.85
951.0195,-57.04
951.0205,-57.11
951.0215,-57.19
951.0225,-57.16
951.0234,-57.13
951.0244,-57.17
951.0254,-57.21
951.0264,-57.23
951.0273,-57.24
951.0283,-57.13
951.0293,-57.01
951.0303,-56.88
951.0312,-56.76
951.0322,-57.02
951.0332,-57.28
951.0342,-57.47
951.0352,-57.67
951.0361,-57.59
951.0371,-57.51
951.0381,-57.15
951.0391,-56.79
951.0400,-57.04
951.0410,-57.30
951.0420,-57.29
951.0430,-57.28
951.0439,-57.20
951.0449,-57.12
951.0459,-57.03
951.0469,-56.94
951.0479,-57.10
951.0488,-57.25
951.0498,-57.30
951.0508,-57.35
951.0518,-57.23
951.0527,-57.11
951.0537,-56.99
951.0547,-56.88
951.0557,-56.89
951.0566,-56.90
951.0576,-56.85
951.0586,-56.79
951.0596,-56.74
951.0605,-56.70
951.0615,-56.42
951.0625,-56.14
951.0635,-56.50
951.0645,-56.87
951.0654,-57.26
951.0664,-57.66
951.0674,-57.69
951.0684,-57.73
951.0693,-57.46
951.0703,-57.20
951.0713,-57.20
951.0723,-57.21
951.0732,-57.34
951.0742,-57.47
951.0752,-57.51
951.0762,-57.55
951.0771,-57.46
951.0781,-57.36
951.0791,-57.44
951.0801,-57.52
951.0811,-57.66
951.0820,-57.80
951.0830,-57.70
951.0840,-57.59
951.0850,-57.14
951.0859,-56.68
951.0869,-56.59
951.0879,-56.49
951.0889,-56.79
951.0898,-57.09
951.0908,-57.11
951.0918,-57.12
951.0928,-57.17
951.0938,-57.22
951.0947,-57.23
951.0957,-57.24
951.0967,-57.31
951.0977,-57.37
951.0986,-57.07
951.0996,-56.77
951.1006,-56.70
951.1016,-56.64
951.1025,-56.57
951.1035,-56.51
951.1045,-56.61
951.1055,-56.72
951.1064,-56.85
951.1074,-56.99
951.1084,-56.93
951.1094,-56.88
951.1104,-56.91
951.1113,-56.94
951.1123,-57.21
951.1133,-57.48
951.1143,-57.48
951.1152,-57.47
951.1162,-57.20
951.1172,-56.92
951.1182,-56.56
951.1191,-56.20
951.1201,-56.59
951.1211,-56.97
951.1221,-57.17
951.1230,-57.36
951.1240,-57.33
951.1250,-57.30
951.1260,-57.09
951.1270,-56.89
951.1279,-56.99
951.1289,-57.10
951.1299,-57.04
951.1309,-56.98
951.1318,-56.82
951.1328,-56.65
951.1338,-56.38
951.1348,-56.12
951.1357,-56.39
951.1367,-56.67
951.1377,-56.81
951.1387,-56.95
951.1396,-57.09
951.1406,-57.22
951.1416,-57.13
951.1426,-57.05
951.1436,-56.98
951.1445,-56.91
951.1455,-56.70
951.1465,-56.50
951.1475,-56.31
951.1484,-56.11
951.1494,-56.07
951.1504,-56.03
951.1514,-56.27
951.1523,-56.50
951.1533,-56.79
951.1543,-57.09
951.1553,-57.03
951.1562,-56.96
951.1572,-56.87
951.1582,-56.78
951.1592,-56.91
951.1602,-57.04
951.1611,-57.00
951.1621,-56.97
951.1631,-56.91
951.1641,-56.85
951.1650,-56.55
951.1660,-56.25
951.1670,-56.39
951.1680,-56.52
951.1689,-56.91
951.1699,-57.31
951.1709,-57.32
951.1719,-57.33
951.1729,-57.04
951.1738,-56.75
951.1748,-56.63
951.1758,-56.50
951.1768,-56.66
951.1777,-56.81
951.1787,-56.81
951.1797,-56.81
951.1807,-56.78
951.1816,-56.74
951.1826,-56.78
951.1836,-56.82
951.1846,-56.99
951.1855,-57.17
951.1865,-57.16
951.1875,-57.14
951.1885,-56.87
951.1895,-56.60
951.1904,-56.44
951.1914,-56.27
951.1924,-56.28
951.1934,-56.28
951.1943,-56.15
951.1953,-56.01
951.1963,-56.11
951.1973,-56.20
951.1982,-56.22
951.1992,-56.23
951.2002,-56.59
951.2012,-56.95
951.2021,-57.00
951.2031,-57.06
951.2041,-56.78
951.2051,-56.51
951.2061,-56.35
951.2070,-56.19
951.2080,-56.39
951.2090,-56.58
951.2100,-56.66
951.2109,-56.74
951.2119,-56.76
951.2129,-56.78
951.2139,-56.61
951.2148,-56.43
951.2158,-56.68
951.2168,-56.92
951.2178,-56.89
951.2188,-56.87
951.2197,-56.64
951.2207,-56.40
951.2217,-56.06
951.2227,-55.71
951.2236,-55.86
951.2246,-56.01
951.2256,-56.23
951.2266,-56.46
951.2275,-56.61
951.2285,-56.76
951.2295,-56.77
951.2305,-56.79
951.2314,-56.75
951.2324,-56.72
951.2334,-56.60
951.2344,-56.48
951.2354,-56.27
951.2363,-56.06
951.2373,-55.83
951.2383,-55.60
951.2393,-55.56
951.2402,-55.52
951.2412,-55.63
951.2422,-55.73
951.2432,-55.87
951.2441,-56.01
951.2451,-56.13
951.2461,-56.25
951.2471,-56.32
951.2480,-56.39
951.2490,-56.53
951.2500,-56.67
951.2510,-56.47
951.2520,-56.27
951.2529,-55.96
951.2539,-55.64
951.2549,-55.75
951.2559,-55.85
951.2568,-56.19
951.2578,-56.54
951.2588,-56.71
951.2598,-56.88
951.2607,-56.90
951.2617,-56.91
951.2627,-56.84
951.2637,-56.77
951.2646,-56.76
951.2656,-56.76
951.2666,-56.65
951.2676,-56.54
951.2686,-56.42
951.2695,-56.29
951.2705,-56.31
951.2715,-56.32
951.2725,-56.61
951.2734,-56.89
951.2744,-56.98
951.2754,-57.07
951.2764,-56.91
951.2773,-56.76
951.2783,-56.56
951.2793,-56.35
951.2803,-56.17
951.2812,-55.99
951.2822,-55.92
951.2832,-55.85
951.2842,-55.86
951.2852,-55.87
951.2861,-55.75
951.2871,-55.62
951.2881,-55.96
951.2891,-56.30
951.2900,-56.36
951.2910,-56.43
951.2920,-56.58
951.2930,-56.73
951.2939,-56.65
951.2949,-56.58
951.2959,-56.52
951.2969,-56.46
951.2979,-56.41
951.2988,-56.36
951.2998,-56.24
951.3008,-56.13
951.3018,-56.17
951.3027,-56.21
951.3037,-56.52
951.3047,-56.83
951.3057,-56.99
951.3066,-57.15
951.3076,-57.12
951.3086,-57.10
951.3096,-56.90
951.3105,-56.70
951.3115,-56.66
951.3125,-56.61
951.3135,-56.63
951.3145,-56.65
951.3154,-56.66
951.3164,-56.68
951.3174,-56.71
951.3184,-56.73
951.3193,-56.82
951.3203,-56.92
951.3213,-56.92
951.3223,-56.93
951.3232,-56.74
951.3242,-56.56
951.3252,-56.33
951.3262,-56.09
951.3271,-56.00
951.3281,-55.91
951.3291,-55.86
951.3301,-55.80
951.3311,-55.94
951.3320,-56.07
951.3330,-56.18
951.3340,-56.28
951.3350,-56.31
951.3359,-56.35
951.3369,-56.61
951.3379,-56.87
951.3389,-56.83
951.3398,-56.80
951.3408,-56.73
951.3418,-56.66
951.3428,-56.64
951.3438,-56.63
951.3447,-56.76
951.3457,-56.89
951.3467,-56.88
951.3477,-56.87
951.3486,-56.90
951.3496,-56.94
951.3506,-57.09
951.3516,-57.23
951.3525,-57.25
951.3535,-57.27
951.3545,-57.13
951.3555,-57.00
951.3564,-56.86
951.3574,-56.71
951.3584,-56.59
951.3594,-56.48
951.3604,-56.62
951.3613,-56.77
951.3623,-56.92
951.3633,-57.08
951.3643,-57.15
951.3652,-57.23
951.3662,-57.15
951.3672,-57.06
951.3682,-56.79
951.3691,-56.52
951.3701,-56.45
951.3711,-56.38
951.3721,-56.23
951.3730,-56.07
951.3740,-55.96
951.3750,-55.85
951.3760,-56.11
951.3770,-56.36
951.3779,-56.56
951.3789,-56.76
951.3799,-56.98
951.3809,-57.20
951.3818,-57.10
951.3828,-57.00
951.3838,-57.04
951.3848,-57.08
951.3857,-57.07
951.3867,-57.06
951.3877,-57.06
951.3887,-57.06
951.3896,-57.02
951.3906,-56.99
951.3916,-57.18
951.3926,-57.36
951.3936,-57.47
951.3945,-57.59
951.3955,-57.51
951.3965,-57.44
951.3975,-57.49
951.3984,-57.53
951.3994,-57.51
951.4004,-57.48
951.4014,-57.35
951.4023,-57.22
951.4033,-57.16
951.4043,-57.09
951.4053,-57.01
951.4062,-56.94
951.4072,-57.09
951.4082,-57.25
951.4092,-57.42
951.4102,-57.59
951.4111,-57.54
951.4121,-57.49
951.4131,-57.25
951.4141,-57.01
951.4150,-56.83
951.4160,-56.65
951.4170,-56.50
951.4180,-56.35
951.4189,-56.36
951.4199,-56.37
951.4209,-56.27
951.4219,-56.17
951.4229,-56.30
951.4238,-56.43
951.4248,-56.85
951.4258,-57.28
951.4268,-57.36
951.4277,-57.44
951.4287,-57.35
951.4297,-57.27
951.4307,-57.17
951.4316,-57.08
951.4326,-57.03
951.4336,-56.98
951.4346,-57.08
951.4355,-57.18
951.4365,-57.26
951.4375,-57.34
951.4385,-57.36
951.4395,-57.39
951.4404,-57.47
951.4414,-57.55
951.4424,-57.39
951.4434,-57.22
951.4443,-57.14
951.4453,-57.05
951.4463,-56.97
951.4473,-56.90
951.4482,-56.98
951.4492,-57.07
951.4502,-57.05
951.4512,-57.04
951.4521,-57.04
951.4531,-57.05
951.4541,-57.09
951.4551,-57.14
951.4561,-57.20
951.4570,-57.26
951.4580,-57.17
951.4590,-57.08
951.4600,-56.83
951.4609,-56.58
951.4619,-56.42
951.4629,-56.26
951.4639,-56.40
951.4648,-56.54
951.4658,-56.58
951.4668,-56.63
951.4678,-56.75
951.4688,-56.87
951.4697,-56.75
951.4707,-56.63
951.4717,-56.86
951.4727,-57.09
951.4736,-57.18
951.4746,-57.27
951.4756,-57.17
951.4766,-57.08
951.4775,-56.96
951.4785,-56.85
951.4795,-56.78
951.4805,-56.72
951.4814,-56.79
951.4824,-56.87
951.4834,-57.06
951.4844,-57.26
951.4854,-57.26
951.4863,-57.26
951.4873,-57.19
951.4883,-57.13
951.4893,-56.91
951.4902,-56.69
951.4912,-56.60
951.4922,-56.51
951.4932,-56.40
951.4941,-56.28
951.4951,-56.37
951.4961,-56.47
951.4971,-56.65
951.4980,-56.83
951.4990,-56.90
951.5000,-56.98
951.5010,-56.85
951.5020,-56.72
951.5029,-56.62
951.5039,-56.51
951.5049,-56.36
951.5059,-56.21
951.5068,-56.06
951.5078,-55.91
951.5088,-55.73
951.5098,-55.56
951.5107,-55.51
951.5117,-55.47
951.5127,-55.80
951.5137,-56.13
951.5146,-56.26
951.5156,-56.39
951.5166,-56.38
951.5176,-56.37
951.5186,-56.24
951.5195,-56.11
951.5205,-56.02
951.5215,-55.93
951.5225,-55.91
951.5234,-55.89
951.5244,-55.90
951.5254,-55.91
951.5264,-55.95
951.5273,-55.99
951.5283,-56.17
951.5293,-56.34
951.5303,-56.53
951.5312,-56.71
951.5322,-56.67
951.5332,-56.62
951.5342,-56.44
951.5352,-56.27
951.5361,-56.16
951.5371,-56.05
951.5381,-55.91
951.5391,-55.77
951.5400,-55.95
951.5410,-56.12
951.5420,-56.27
951.5430,-56.42
951.5439,-56.59
951.5449,-56.77
951.5459,-56.73
951.5469,-56.70
951.5479,-56.59
951.5488,-56.49
951.5498,-56.21
951.5508,-55.93
951.5518,-55.89
951.5527,-55.85
951.5537,-55.89
951.5547,-55.92
951.5557,-55.79
951.5566,-55.66
951.5576,-55.73
951.5586,-55.80
951.5596,-56.05
951.5605,-56.29
951.5615,-56.51
951.5625,-56.73
951.5635,-56.65
951.5645,-56.57
951.5654,-56.38
951.5664,-56.19
951.5674,-56.12
951.5684,-56.05
951.5693,-56.12
951.5703,-56.19
951.5713,-56.30
951.5723,-56.42
951.5732,-56.39
951.5742,-56.36
951.5752,-56.37
951.5762,-56.38
951.5771,-56.47
951.5781,-56.56
951.5791,-56.45
951.5801,-56.34
951.5811,-56.05
951.5820,-55.76
951.5830,-55.74
951.5840,-55.72
951.5850,-55.79
951.5859,-55.86
951.5869,-55.94
951.5879,-56.02
951.5889,-56.13
951.5898,-56.24
951.5908,-56.25
951.5918,-56.26
951.5928,-56.19
951.5938,-56.12
951.5947,-55.94
951.5957,-55.77
951.5967,-55.59
951.5977,-55.41
951.5986,-55.25
951.5996,-55.10
951.6006,-55.44
951.6016,-55.78
951.6025,-55.86
951.6035,-55.93
951.6045,-55.99
951.6055,-56.05
951.6064,-56.01
951.6074,-55.96
951.6084,-56.02
951.6094,-56.09
951.6104,-55.98
951.6113,-55.88
951.6123,-55.71
951.6133,-55.54
951.6143,-55.45
951.6152,-55.36
951.6162,-55.63
951.6172,-55.90
951.6182,-56.09
951.6191,-56.28
951.6201,-56.34
951.6211,-56.41
951.6221,-56.24
951.6230,-56.07
951.6240,-55.95
951.6250,-55.84
951.6260,-55.78
951.6270,-55.73
951.6279,-55.56
951.6289,-55.39
951.6299,-55.24
951.6309,-55.08
951.6318,-55.25
951.6328,-55.41
951.6338,-55.58
951.6348,-55.74
951.6357,-55.76
951.6367,-55.77
951.6377,-55.56
951.6387,-55.35
951.6396,-55.32
951.6406,-55.28
951.6416,-55.11
951.6426,-54.93
951.6436,-54.85
951.6445,-54.78
951.6455,-54.79
951.6465,-54.79
951.6475,-55.00
951.6484,-55.20
951.6494,-55.49
951.6504,-55.78
951.6514,-55.83
951.6523,-55.88
951.6533,-55.71
951.6543,-55.54
951.6553,-55.48
951.6562,-55.41
951.6572,-55.36
951.6582,-55.31
951.6592,-55.31
951.6602,-55.30
951.6611,-55.21
951.6621,-55.11
951.6631,-55.30
951.6641,-55.49
951.6650,-55.77
951.6660,-56.05
951.6670,-55.99
951.6680,-55.93
951.6689,-55.70
951.6699,-55.46
951.6709,-55.26
951.6719,-55.07
951.6729,-55.13
951.6738,-55.20
951.6748,-55.19
951.6758,-55.18
951.6768,-55.27
951.6777,-55.35
951.6787,-55.46
951.6797,-55.57
951.6807,-55.58
951.6816,-55.59
951.6826,-55.55
951.6836,-55.52
951.6846,-55.18
951.6855,-54.84
951.6865,-54.66
951.6875,-54.49
951.6885,-54.47
951.6895,-54.46
951.6904,-54.62
951.6914,-54.78
951.6924,-54.91
951.6934,-55.04
951.6943,-55.12
951.6953,-55.20
951.6963,-55.44
951.6973,-55.67
951.6982,-55.98
951.6992,-55.72
951.7002,-55.56
951.7012,-56.01
951.7021,-55.54
951.7031,-55.76
951.7041,-55.84
951.7051,-55.09
951.7061,-55.66
951.7070,-55.38
951.7080,-55.48
951.7090,-56.38
951.7100,-56.27
951.7109,-55.52
951.7119,-55.96
951.7129,-55.65
951.7139,-55.58
951.7148,-56.30
951.7158,-56.09
951.7168,-55.19
951.7178,-55.24
951.7188,-54.59
951.7197,-55.16
951.7207,-54.97
951.7217,-55.22
951.7227,-56.17
951.7236,-56.19
951.7246,-55.66
951.7256,-55.64
951.7266,-56.15
951.7275,-55.75
951.7285,-55.75
951.7295,-55.47
951.7305,-54.91
951.7314,-54.78
951.7324,-54.83
951.7334,-54.71
951.7344,-54.47
951.7354,-54.69
951.7363,-54.56
951.7373,-54.87
951.7383,-55.54
951.7393,-55.66
951.7402,-55.29
951.7412,-55.26
951.7422,-55.77
951.7432,-55.73
951.7441,-55.06
951.7451,-55.10
951.7461,-55.79
951.7471,-55.74
951.7480,-54.95
951.7490,-54.87
951.7500,-55.48
951.7510,-55.56
951.7520,-54.99
951.7529,-55.57
951.7539,-55.45
951.7549,-55.54
951.7559,-56.16
951.7568,-55.95
951.7578,-55.33
951.7588,-55.14
951.7598,-55.52
951.7607,-55.17
951.7617,-55.47
951.7627,-55.12
951.7637,-55.32
951.7646,-55.00
951.7656,-55.23
951.7666,-55.25
951.7676,-54.74
951.7686,-55.29
951.7695,-55.31
951.7705,-55.38
951.7715,-55.85
951.7725,-55.63
951.7734,-55.26
951.7744,-55.07
951.7754,-55.05
951.7764,-54.86
951.7773,-54.35
951.7783,-54.44
951.7793,-54.74
951.7803,-54.60
951.7812,-54.53
951.7822,-54.59
951.7832,-54.51
951.7842,-54.90
951.7852,-55.65
951.7861,-55.65
951.7871,-56.15
951.7881,-56.11
951.7891,-55.46
951.7900,-55.28
951.7910,-55.69
951.7920,-55.64
951.7930,-54.98
951.7939,-55.02
951.7949,-55.73
951.7959,-55.72
951.7969,-55.23
951.7979,-55.41
951.7988,-55.60
951.7998,-55.89
951.8008,-56.18
951.8018,-56.25
951.8027,-56.32
951.8037,-56.18
951.8047,-56.04
951.8057,-55.86
951.8066,-55.67
951.8076,-55.73
951.8086,-55.79
951.8096,-55.90
951.8105,-56.01
951.8115,-56.10
951.8125,-56.19
951.8135,-56.17
951.8145,-56.15
951.8154,-56.19
951.8164,-56.23
951.8174,-56.15
951.8184,-56.07
951.8193,-55.87
951.8203,-55.67
951.8213,-55.44
951.8223,-55.20
951.8232,-55.02
951.8242,-54.83
951.8252,-55.02
951.8262,-55.21
951.8271,-55.36
951.8281,-55.51
951.8291,-55.48
951.8301,-55.45
951.8311,-55.44
951.8320,-55.42
951.8330,-55.80
951.8340,-56.18
951.8350,-56.13
951.8359,-56.09
951.8369,-55.94
951.8379,-55.79
951.8389,-55.78
951.8398,-55.78
951.8408,-55.90
951.8418,-56.02
951.8428,-56.21
951.8438,-56.39
951.8447,-56.35
951.8457,-56.32
951.8467,-56.25
951.8477,-56.18
951.8486,-56.19
951.8496,-56.20
951.8506,-56.09
951.8516,-55.99
951.8525,-55.92
951.8535,-55.84
951.8545,-55.81
951.8555,-55.78
951.8564,-56.10
951.8574,-56.41
951.8584,-56.58
951.8594,-56.74
951.8604,-56.62
951.8613,-56.51
951.8623,-56.33
951.8633,-56.15
951.8643,-55.90
951.8652,-55.65
951.8662,-55.57
951.8672,-55.49
951.8682,-55.46
951.8691,-55.44
951.8701,-55.38
951.8711,-55.33
951.8721,-55.40
951.8730,-55.48
951.8740,-55.84
951.8750,-56.20
951.8760,-56.35
951.8770,-56.49
951.8779,-56.29
951.8789,-56.08
951.8799,-56.17
951.8809,-56.27
951.8818,-56.27
951.8828,-56.27
951.8838,-56.18
951.8848,-56.10
951.8857,-55.93
951.8867,-55.76
951.8877,-55.93
951.8887,-56.10
951.8896,-56.33
951.8906,-56.56
951.8916,-56.57
951.8926,-56.57
951.8936,-56.37
951.8945,-56.18
951.8955,-56.17
951.8965,-56.17
951.8975,-56.17
951.8984,-56.18
951.8994,-56.12
951.9004,-56.06
951.9014,-56.03
951.9023,-56.01
951.9033,-56.25
951.9043,-56.49
951.9053,-56.59
951.9062,-56.69
951.9072,-56.55
951.9082,-56.41
951.9092,-56.22
951.9102,-56.03
951.9111,-55.73
951.9121,-55.42
951.9131,-55.38
951.9141,-55.34
951.9150,-55.59
951.9160,-55.84
951.9170,-55.73
951.9180,-55.61
951.9189,-55.60
951.9199,-55.59
951.9209,-55.77
951.9219,-55.95
951.9229,-56.09
951.9238,-56.23
951.9248,-56.21
951.9258,-56.19
951.9268,-56.15
951.9277,-56.11
951.9287,-56.21
951.9297,-56.31
951.9307,-56.42
951.9316,-56.53
951.9326,-56.63
951.9336,-56.72
951.9346,-56.74
951.9355,-56.76
951.9365,-56.91
951.9375,-57.07
951.9385,-57.01
951.9395,-56.96
951.9404,-56.79
951.9414,-56.62
951.9424,-56.49
951.9434,-56.36
951.9443,-56.41
951.9453,-56.47
951.9463,-56.46
951.9473,-56.45
951.9482,-56.37
951.9492,-56.30
951.9502,-56.22
951.9512,-56.14
951.9521,-56.13
951.9531,-56.12
951.9541,-56.01
951.9551,-55.91
951.9561,-55.69
951.9570,-55.48
951.9580,-55.38
951.9590,-55.28
951.9600,-55.39
951.9609,-55.51
951.9619,-55.68
951.9629,-55.86
951.9639,-55.86
951.9648,-55.86
951.9658,-55.73
951.9668,-55.60
951.9678,-55.74
951.9688,-55.89
951.9697,-55.91
951.9707,-55.93
951.9717,-55.88
951.9727,-55.83
951.9736,-55.77
951.9746,-55.70
951.9756,-55.86
951.9766,-56.01
951.9775,-56.18
951.9785,-56.36
951.9795,-56.46
951.9805,-56.55
951.9814,-56.38
951.9824,-56.21
951.9834,-56.13
951.9844,-56.05
951.9854,-56.10
951.9863,-56.15
951.9873,-56.12
951.9883,-56.09
951.9893,-56.06
951.9902,-56.02
951.9912,-56.08
951.9922,-56.14
951.9932,-56.23
951.9941,-56.31
951.9951,-56.36
951.9961,-56.42
951.9971,-56.17
951.9980,-55.92
951.9990,-55.70
952.0000,-55.48
952.0010,-55.39
952.0020,-55.31
952.0029,-55.15
952.0039,-55.00
952.0049,-55.10
952.0059,-55.20
952.0068,-55.33
952.0078,-55.46
952.0088,-55.77
952.0098,-56.08
952.0107,-56.35
952.0117,-56.62
952.0127,-56.49
952.0137,-56.36
952.0146,-56.18
952.0156,-56.01
952.0166,-56.13
952.0176,-56.25
952.0186,-56.21
952.0195,-56.17
952.0205,-56.18
952.0215,-56.18
952.0225,-56.28
952.0234,-56.38
952.0244,-56.55
952.0254,-56.73
952.0264,-56.89
952.0273,-57.06
952.0283,-56.92
952.0293,-56.78
952.0303,-56.67
952.0312,-56.56
952.0322,-56.57
952.0332,-56.58
952.0342,-56.53
952.0352,-56.47
952.0361,-56.46
952.0371,-56.46
952.0381,-56.50
952.0391,-56.54
952.0400,-56.55
952.0410,-56.55
952.0420,-56.40
952.0430,-56.24
952.0439,-56.10
952.0449,-55.97
952.0459,-55.75
952.0469,-55.53
952.0479,-55.35
952.0488,-55.17
952.0498,-55.20
952.0508,-55.24
952.0518,-55.28
952.0527,-55.33
952.0537,-55.57
952.0547,-55.81
952.0557,-56.26
952.0566,-56.70
952.0576,-56.75
952.0586,-56.80
952.0596,-56.65
952.0605,-56.50
952.0615,-56.31
952.0625,-56.12
952.0635,-56.25
952.0645,-56.37
952.0654,-56.44
952.0664,-56.51
952.0674,-56.60
952.0684,-56.68
952.0693,-56.80
952.0703,-56.92
952.0713,-56.92
952.0723,-56.91
952.0732,-56.88
952.0742,-56.85
952.0752,-56.72
952.0762,-56.59
952.0771,-56.34
952.0781,-56.10
952.0791,-56.05
952.0801,-55.99
952.0811,-56.00
952.0820,-56.01
952.0830,-56.16
952.0840,-56.32
952.0850,-56.36
952.0859,-56.39
952.0869,-56.30
952.0879,-56.21
952.0889,-56.09
952.0898,-55.97
952.0908,-55.68
952.0918,-55.39
952.0928,-55.35
952.0938,-55.32
952.0947,-55.45
952.0957,-55.58
952.0967,-55.67
952.0977,-55.76
952.0986,-56.08
952.0996,-56.39
952.1006,-56.42
952.1016,-56.45
952.1025,-56.48
952.1035,-56.51
952.1045,-56.61
952.1055,-56.71
952.1064,-56.60
952.1074,-56.50
952.1084,-56.35
952.1094,-56.20
952.1104,-56.19
952.1113,-56.18
952.1123,-56.18
952.1133,-56.18
952.1143,-56.18
952.1152,-56.18
952.1162,-56.28
952.1172,-56.37
952.1182,-56.46
952.1191,-56.56
952.1201,-56.57
952.1211,-56.58
952.1221,-56.44
952.1230,-56.29
952.1240,-56.20
952.1250,-56.10
952.1260,-56.15
952.1270,-56.21
952.1279,-56.43
952.1289,-56.65
952.1299,-56.60
952.1309,-56.54
952.1318,-56.38
952.1328,-56.22
952.1338,-56.05
952.1348,-55.89
952.1357,-55.71
952.1367,-55.53
952.1377,-55.56
952.1387,-55.60
952.1396,-55.61
952.1406,-55.61
952.1416,-55.50
952.1426,-55.39
952.1436,-55.62
952.1445,-55.84
952.1455,-55.94
952.1465,-56.04
952.1475,-56.09
952.1484,-56.13
952.1494,-56.10
952.1504,-56.07
952.1514,-56.00
952.1523,-55.94
952.1533,-55.98
952.1543,-56.02
952.1553,-56.02
952.1562,-56.03
952.1572,-56.02
952.1582,-56.00
952.1592,-56.08
952.1602,-56.15
952.1611,-56.33
952.1621,-56.51
952.1631,-56.48
952.1641,-56.44
952.1650,-56.25
952.1660,-56.07
952.1670,-55.99
952.1680,-55.91
952.1689,-55.88
952.1699,-55.84
952.1709,-55.88
952.1719,-55.92
952.1729,-55.96
952.1738,-55.99
952.1748,-55.91
952.1758,-55.82
952.1768,-55.72
952.1777,-55.62
952.1787,-55.35
952.1797,-55.09
952.1807,-55.01
952.1816,-54.93
952.1826,-54.93
952.1836,-54.94
952.1846,-54.99
952.1855,-55.05
952.1865,-55.37
952.1875,-55.69
952.1885,-55.79
952.1895,-55.89
952.1904,-55.99
952.1914,-56.10
952.1924,-56.25
952.1934,-56.40
952.1943,-56.20
952.1953,-56.00
952.1963,-55.90
952.1973,-55.81
952.1982,-55.73
952.1992,-55.66
952.2002,-55.70
952.2012,-55.74
952.2021,-55.83
952.2031,-55.91
952.2041,-56.14
952.2051,-56.37
952.2061,-56.90
952.2070,-57.44
952.2080,-58.15
952.2090,-58.85
952.2100,-59.40
952.2109,-59.95
952.2119,-60.12
952.2129,-60.28
952.2139,-60.17
952.2148,-60.06
952.2158,-60.05
952.2168,-60.05
952.2178,-59.69
952.2188,-59.34
952.2197,-58.74
952.2207,-58.15
952.2217,-57.55
952.2227,-56.94
952.2236,-56.56
952.2246,-56.18
952.2256,-55.91
952.2266,-55.65
952.2275,-55.52
952.2285,-55.39
952.2295,-55.34
952.2305,-55.30
952.2314,-55.42
952.2324,-55.54
952.2334,-55.68
952.2344,-55.82
952.2354,-55.84
952.2363,-55.86
952.2373,-55.66
952.2383,-55.46
952.2393,-55.24
952.2402,-55.03
952.2412,-54.81
952.2422,-54.59
952.2432,-54.56
952.2441,-54.53
952.2451,-54.51
952.2461,-54.50
952.2471,-54.54
952.2480,-54.57
952.2490,-54.87
952.2500,-55.18
952.2510,-55.26
952.2520,-55.34
952.2529,-55.41
952.2539,-55.48
952.2549,-55.37
952.2559,-55.26
952.2568,-55.21
952.2578,-55.16
952.2588,-55.18
952.2598,-55.20
952.2607,-55.27
952.2617,-55.33
952.2627,-55.50
952.2637,-55.66
952.2646,-55.84
952.2656,-56.03
952.2666,-56.01
952.2676,-55.99
952.2686,-55.86
952.2695,-55.74
952.2705,-55.48
952.2715,-55.23
952.2725,-55.11
952.2734,-54.98
952.2744,-55.10
952.2754,-55.21
952.2764,-55.32
952.2773,-55.43
952.2783,-55.28
952.2793,-55.12
952.2803,-55.04
952.2812,-54.96
952.2822,-54.94
952.2832,-54.91
952.2842,-54.81
952.2852,-54.70
952.2861,-54.49
952.2871,-54.29
952.2881,-54.36
952.2891,-54.43
952.2900,-54.26
952.2910,-54.10
952.2920,-54.35
952.2930,-54.61
952.2939,-54.76
952.2949,-54.92
952.2959,-55.22
952.2969,-55.51
952.2979,-55.60
952.2988,-55.69
952.2998,-55.52
952.3008,-55.34
952.3018,-55.35
952.3027,-55.35
952.3037,-55.33
952.3047,-55.32
952.3057,-55.27
952.3066,-55.22
952.3076,-55.15
952.3086,-55.09
952.3096,-55.17
952.3105,-55.24
952.3115,-55.29
952.3125,-55.34
952.3135,-55.24
952.3145,-55.13
952.3154,-55.18
952.3164,-55.24
952.3174,-55.20
952.3184,-55.17
952.3193,-55.13
952.3203,-55.09
952.3213,-55.24
952.3223,-55.38
952.3232,-55.46
952.3242,-55.54
952.3252,-55.43
952.3262,-55.33
952.3271,-55.21
952.3281,-55.08
952.3291,-54.94
952.3301,-54.80
952.3311,-54.66
952.3320,-54.52
952.3330,-54.26
952.3340,-54.00
952.3350,-54.09
952.3359,-54.18
952.3369,-54.40
952.3379,-54.62
952.3389,-54.66
952.3398,-54.70
952.3408,-54.74
952.3418,-54.78
952.3428,-54.87
952.3438,-54.96
952.3447,-55.10
952.3457,-55.25
952.3467,-55.06
952.3477,-54.88
952.3486,-54.79
952.3496,-54.70
952.3506,-54.67
952.3516,-54.65
952.3525,-54.81
952.3535,-54.97
952.3545,-55.14
952.3555,-55.32
952.3564,-55.31
952.3574,-55.30
952.3584,-55.24
952.3594,-55.19
952.3604,-55.16
952.3613,-55.12
952.3623,-55.11
952.3633,-55.09
952.3643,-55.00
952.3652,-54.92
952.3662,-54.82
952.3672,-54.73
952.3682,-54.76
952.3691,-54.80
952.3701,-54.81
952.3711,-54.83
952.3721,-54.78
952.3730,-54.73
952.3740,-54.63
952.3750,-54.54
952.3760,-54.28
952.3770,-54.02
952.3779,-53.88
952.3789,-53.74
952.3799,-53.99
952.3809,-54.23
952.3818,-54.31
952.3828,-54.39
952.3838,-54.61
952.3848,-54.83
952.3857,-55.05
952.3867,-55.28
952.3877,-55.29
952.3887,-55.30
952.3896,-55.20
952.3906,-55.11
952.3916,-55.04
952.3926,-54.98
952.3936,-54.97
952.3945,-54.97
952.3955,-54.97
952.3965,-54.97
952.3975,-55.09
952.3984,-55.20
952.3994,-55.37
952.4004,-55.54
952.4014,-55.63
952.4023,-55.72
952.4033,-55.68
952.4043,-55.63
952.4053,-55.49
952.4062,-55.34
952.4072,-55.22
952.4082,-55.10
952.4092,-55.12
952.4102,-55.14
952.4111,-55.14
952.4121,-55.13
952.4131,-55.12
952.4141,-55.11
952.4150,-55.15
952.4160,-55.19
952.4170,-55.16
952.4180,-55.14
952.4189,-54.94
952.4199,-54.75
952.4209,-54.51
952.4219,-54.27
952.4229,-54.18
952.4238,-54.08
952.4248,-54.31
952.4258,-54.53
952.4268,-54.61
952.4277,-54.68
952.4287,-54.78
952.4297,-54.87
952.4307,-55.00
952.4316,-55.13
952.4326,-55.08
952.4336,-55.03
952.4346,-54.99
952.4355,-54.96
952.4365,-54.83
952.4375,-54.70
952.4385,-54.72
952.4395,-54.74
952.4404,-54.90
952.4414,-55.07
952.4424,-55.22
952.4434,-55.38
952.4443,-55.43
952.4453,-55.48
952.4463,-55.46
952.4473,-55.44
952.4482,-55.52
952.4492,-55.60
952.4502,-55.48
952.4512,-55.37
952.4521,-55.20
952.4531,-55.04
952.4541,-54.96
952.4551,-54.88
952.4561,-54.99
952.4570,-55.10
952.4580,-55.27
952.4590,-55.45
952.4600,-55.41
952.4609,-55.38
952.4619,-55.10
952.4629,-54.82
952.4639,-54.76
952.4648,-54.69
952.4658,-54.39
952.4668,-54.10
952.4678,-53.94
952.4688,-53.78
952.4697,-53.80
952.4707,-53.82
952.4717,-54.11
952.4727,-54.41
952.4736,-54.63
952.4746,-54.85
952.4756,-54.96
952.4766,-55.07
952.4775,-54.91
952.4785,-54.76
952.4795,-54.74
952.4805,-54.72
952.4814,-54.69
952.4824,-54.66
952.4834,-54.61
952.4844,-54.57
952.4854,-54.55
952.4863,-54.54
952.4873,-54.59
952.4883,-54.64
952.4893,-54.65
952.4902,-54.66
952.4912,-54.58
952.4922,-54.50
952.4932,-54.23
952.4941,-53.96
952.4951,-53.52
952.4961,-53.07
952.4971,-52.94
952.4980,-52.81
952.4990,-54.81
952.5000,-56.81
952.5010,-54.72
952.5020,-52.62
952.5029,-52.83
952.5039,-53.03
952.5049,-53.51
952.5059,-54.00
952.5068,-54.12
952.5078,-54.25
952.5088,-54.09
952.5098,-53.94
952.5107,-53.93
952.5117,-53.91
952.5127,-53.87
952.5137,-53.82
952.5146,-54.08
952.5156,-54.34
952.5166,-54.46
952.5176,-54.59
952.5186,-54.69
952.5195,-54.80
952.5205,-55.08
952.5215,-55.35
952.5225,-55.40
952.5234,-55.45
952.5244,-55.32
952.5254,-55.19
952.5264,-55.09
952.5273,-55.00
952.5283,-55.06
952.5293,-55.12
952.5303,-55.25
952.5312,-55.37
952.5322,-55.46
952.5332,-55.55
952.5342,-55.62
952.5352,-55.70
952.5361,-55.70
952.5371,-55.71
952.5381,-55.58
952.5391,-55.45
952.5400,-55.41
952.5410,-55.36
952.5420,-55.23
952.5430,-55.10
952.5439,-55.16
952.5449,-55.23
952.5459,-55.27
952.5469,-55.32
952.5479,-55.36
952.5488,-55.41
952.5498,-55.39
952.5508,-55.37
952.5518,-55.32
952.5527,-55.28
952.5537,-55.15
952.5547,-55.03
952.5557,-54.80
952.5566,-54.58
952.5576,-54.44
952.5586,-54.29
952.5596,-54.57
952.5605,-54.84
952.5615,-54.97
952.5625,-55.10
952.5635,-55.32
952.5645,-55.53
952.5654,-55.66
952.5664,-55.80
952.5674,-55.76
952.5684,-55.73
952.5693,-55.68
952.5703,-55.62
952.5713,-55.51
952.5723,-55.39
952.5732,-55.28
952.5742,-55.17
952.5752,-55.19
952.5762,-55.21
952.5771,-55.45
952.5781,-55.69
952.5791,-55.84
952.5801,-56.00
952.5811,-55.99
952.5820,-55.98
952.5830,-55.92
952.5840,-55.85
952.5850,-55.73
952.5859,-55.61
952.5869,-55.60
952.5879,-55.59
952.5889,-55.62
952.5898,-55.66
952.5908,-55.72
952.5918,-55.78
952.5928,-55.91
952.5938,-56.04
952.5947,-56.04
952.5957,-56.03
952.5967,-55.86
952.5977,-55.69
952.5986,-55.45
952.5996,-55.22
952.6006,-54.97
952.6016,-54.73
952.6025,-54.84
952.6035,-54.94
952.6045,-54.97
952.6055,-54.99
952.6064,-55.11
952.6074,-55.22
952.6084,-55.56
952.6094,-55.89
952.6104,-56.00
952.6113,-56.11
952.6123,-56.07
952.6133,-56.03
952.6143,-55.90
952.6152,-55.78
952.6162,-55.78
952.6172,-55.78
952.6182,-55.79
952.6191,-55.80
952.6201,-55.80
952.6211,-55.80
952.6221,-55.78
952.6230,-55.76
952.6240,-55.84
952.6250,-55.92
952.6260,-55.95
952.6270,-55.97
952.6279,-55.93
952.6289,-55.88
952.6299,-55.66
952.6309,-55.44
952.6318,-55.36
952.6328,-55.28
952.6338,-55.37
952.6348,-55.47
952.6357,-55.59
952.6367,-55.72
952.6377,-55.86
952.6387,-56.01
952.6396,-56.01
952.6406,-56.01
952.6416,-55.87
952.6426,-55.74
952.6436,-55.60
952.6445,-55.47
952.6455,-55.19
952.6465,-54.92
952.6475,-54.89
952.6484,-54.86
952.6494,-54.86
952.6504,-54.85
952.6514,-55.14
952.6523,-55.43
952.6533,-55.44
952.6543,-55.46
952.6553,-55.64
952.6562,-55.82
952.6572,-55.97
952.6582,-56.12
952.6592,-56.07
952.6602,-56.02
952.6611,-55.75
952.6621,-55.48
952.6631,-55.42
952.6641,-55.36
952.6650,-55.44
952.6660,-55.53
952.6670,-55.65
952.6680,-55.77
952.6689,-55.86
952.6699,-55.95
952.6709,-55.90
952.6719,-55.84
952.6729,-55.89
952.6738,-55.93
952.6748,-55.85
952.6758,-55.76
952.6768,-55.57
952.6777,-55.39
952.6787,-55.34
952.6797,-55.29
952.6807,-55.33
952.6816,-55.38
952.6826,-55.63
952.6836,-55.89
952.6846,-56.07
952.6855,-56.25
952.6865,-56.12
952.6875,-55.98
952.6885,-55.87
952.6895,-55.76
952.6904,-55.49
952.6914,-55.22
952.6924,-55.06
952.6934,-54.89
952.6943,-54.85
952.6953,-54.80
952.6963,-54.96
952.6973,-55.13
952.6982,-55.39
952.6992,-55.65
952.7002,-55.73
952.7012,-55.81
952.7021,-55.90
952.7031,-55.98
952.7041,-55.98
952.7051,-55.98
952.7061,-55.93
952.7070,-55.87
952.7080,-55.79
952.7090,-55.71
952.7100,-55.53
952.7109,-55.35
952.7119,-55.62
952.7129,-55.90
952.7139,-56.06
952.7148,-56.22
952.7158,-56.13
952.7168,-56.04
952.7178,-55.95
952.7188,-55.87
952.7197,-55.83
952.7207,-55.79
952.7217,-55.68
952.7227,-55.57
952.7236,-55.58
952.7246,-55.59
952.7256,-55.55
952.7266,-55.50
952.7275,-55.57
952.7285,-55.64
952.7295,-55.76
952.7305,-55.88
952.7314,-55.84
952.7324,-55.80
952.7334,-55.53
952.7344,-55.27
952.7354,-55.18
952.7363,-55.10
952.7373,-55.07
952.7383,-55.05
952.7393,-54.96
952.7402,-54.88
952.7412,-54.90
952.7422,-54.91
952.7432,-55.09
952.7441,-55.26
952.7451,-55.55
952.7461,-55.83
952.7471,-56.02
952.7480,-56.21
952.7490,-56.13
952.7500,-56.04
952.7510,-55.97
952.7520,-55.90
952.7529,-55.97
952.7539,-56.04
952.7549,-56.11
952.7559,-56.17
952.7568,-56.13
952.7578,-56.10
952.7588,-56.17
952.7598,-56.25
952.7607,-56.43
952.7617,-56.62
952.7627,-56.54
952.7637,-56.46
952.7646,-56.21
952.7656,-55.96
952.7666,-55.88
952.7676,-55.79
952.7686,-55.92
952.7695,-56.05
952.7705,-56.10
952.7715,-56.15
952.7725,-56.27
952.7734,-56.40
952.7744,-56.34
952.7754,-56.29
952.7764,-56.12
952.7773,-55.96
952.7783,-55.84
952.7793,-55.72
952.7803,-55.55
952.7812,-55.37
952.7822,-55.20
952.7832,-55.03
952.7842,-55.06
952.7852,-55.10
952.7861,-55.10
952.7871,-55.11
952.7881,-55.39
952.7891,-55.68
952.7900,-55.71
952.7910,-55.74
952.7920,-55.94
952.7930,-56.15
952.7939,-56.16
952.7949,-56.18
952.7959,-56.10
952.7969,-56.01
952.7979,-55.94
952.7988,-55.86
952.7998,-55.85
952.8008,-55.85
952.8018,-56.01
952.8027,-56.17
952.8037,-56.29
952.8047,-56.40
952.8057,-56.46
952.8066,-56.52
952.8076,-56.55
952.8086,-56.58
952.8096,-56.47
952.8105,-56.36
952.8115,-56.19
952.8125,-56.03
952.8135,-55.79
952.8145,-55.54
952.8154,-55.70
952.8164,-55.86
952.8174,-56.10
952.8184,-56.33
952.8193,-56.38
952.8203,-56.43
952.8213,-56.34
952.8223,-56.25
952.8232,-55.86
952.8242,-55.47
952.8252,-55.35
952.8262,-55.24
952.8271,-55.27
952.8281,-55.30
952.8291,-55.13
952.8301,-54.96
952.8311,-55.12
952.8320,-55.27
952.8330,-55.56
952.8340,-55.85
952.8350,-56.04
952.8359,-56.24
952.8369,-56.17
952.8379,-56.11
952.8389,-56.04
952.8398,-55.97
952.8408,-55.99
952.8418,-56.01
952.8428,-56.01
952.8438,-56.02
952.8447,-56.03
952.8457,-56.04
952.8467,-56.13
952.8477,-56.22
952.8486,-56.41
952.8496,-56.61
952.8506,-56.55
952.8516,-56.50
952.8525,-56.37
952.8535,-56.24
952.8545,-56.24
952.8555,-56.24
952.8564,-56.19
952.8574,-56.14
952.8584,-56.09
952.8594,-56.04
952.8604,-56.02
952.8613,-55.99
952.8623,-55.99
952.8633,-55.98
952.8643,-56.20
952.8652,-56.41
952.8662,-56.41
952.8672,-56.42
952.8682,-56.17
952.8691,-55.91
952.8701,-55.61
952.8711,-55.30
952.8721,-55.12
952.8730,-54.94
952.8740,-55.20
952.8750,-55.47
952.8760,-55.45
952.8770,-55.44
952.8779,-55.50
952.8789,-55.57
952.8799,-55.94
952.8809,-56.31
952.8818,-56.49
952.8828,-56.67
952.8838,-56.71
952.8848,-56.74
952.8857,-56.55
952.8867,-56.36
952.8877,-56.33
952.8887,-56.31
952.8896,-56.38
952.8906,-56.44
952.8916,-56.54
952.8926,-56.63
952.8936,-56.61
952.8945,-56.59
952.8955,-56.70
952.8965,-56.81
952.8975,-56.84
952.8984,-56.87
952.8994,-56.69
952.9004,-56.51
952.9014,-56.32
952.9023,-56.13
952.9033,-56.15
952.9043,-56.16
952.9053,-56.28
952.9062,-56.41
952.9072,-56.47
952.9082,-56.54
952.9092,-56.47
952.9102,-56.40
952.9111,-56.30
952.9121,-56.19
952.9131,-56.27
952.9141,-56.35
952.9150,-56.06
952.9160,-55.77
952.9170,-55.59
952.9180,-55.41
952.9189,-55.37
952.9199,-55.34
952.9209,-55.52
952.9219,-55.71
952.9229,-56.00
952.9238,-56.29
952.9248,-56.30
952.9258,-56.31
952.9268,-56.34
952.9277,-56.38
952.9287,-56.55
952.9297,-56.72
952.9307,-56.62
952.9316,-56.51
952.9326,-56.44
952.9336,-56.36
952.9346,-56.29
952.9355,-56.23
952.9365,-56.39
952.9375,-56.55
952.9385,-56.69
952.9395,-56.83
952.9404,-56.80
952.9414,-56.77
952.9424,-56.73
952.9434,-56.69
952.9443,-56.68
952.9453,-56.67
952.9463,-56.51
952.9473,-56.35
952.9482,-56.28
952.9492,-56.20
952.9502,-56.24
952.9512,-56.27
952.9521,-56.41
952.9531,-56.54
952.9541,-56.64
952.9551,-56.75
952.9561,-56.68
952.9570,-56.60
952.9580,-56.41
952.9590,-56.22
952.9600,-56.12
952.9609,-56.02
952.9619,-55.90
952.9629,-55.78
952.9639,-55.68
952.9648,-55.58
952.9658,-55.45
952.9668,-55.32
952.9678,-55.67
952.9688,-56.02
952.9697,-56.33
952.9707,-56.64
952.9717,-56.74
952.9727,-56.84
952.9736,-56.68
952.9746,-56.52
952.9756,-56.51
952.9766,-56.49
952.9775,-56.52
952.9785,-56.56
952.9795,-56.50
952.9805,-56.45
952.9814,-56.51
952.9824,-56.57
952.9834,-56.71
952.9844,-56.84
952.9854,-56.92
952.9863,-57.00
952.9873,-56.87
952.9883,-56.74
952.9893,-56.61
952.9902,-56.48
952.9912,-56.47
952.9922,-56.46
952.9932,-56.37
952.9941,-56.29
952.9951,-56.31
952.9961,-56.32
952.9971,-56.40
952.9980,-56.48
952.9990,-56.57
953.0000,-56.66
953.0010,-56.73
953.0020,-56.80
953.0029,-56.58
953.0039,-56.36
953.0049,-56.12
953.0059,-55.87
953.0068,-55.88
953.0078,-55.88
953.0088,-55.87
953.0098,-55.85
953.0107,-56.02
953.0117,-56.19
953.0127,-56.06
953.0137,-55.93
953.0146,-55.92
953.0156,-55.92
953.0166,-56.47
953.0176,-57.01
953.0186,-57.09
953.0195,-57.16
953.0205,-57.03
953.0215,-56.89
953.0225,-56.73
953.0234,-56.57
953.0244,-56.60
953.0254,-56.63
953.0264,-56.73
953.0273,-56.83
953.0283,-56.95
953.0293,-57.06
953.0303,-57.06
953.0312,-57.06
953.0322,-57.10
953.0332,-57.15
953.0342,-57.02
953.0352,-56.89
953.0361,-56.65
953.0371,-56.40
953.0381,-56.36
953.0391,-56.33
953.0400,-56.42
953.0410,-56.51
953.0420,-56.62
953.0430,-56.73
953.0439,-56.80
953.0449,-56.86
953.0459,-56.77
953.0469,-56.69
953.0479,-56.50
953.0488,-56.30
953.0498,-56.22
953.0508,-56.14
953.0518,-55.98
953.0527,-55.82
953.0537,-55.68
953.0547,-55.53
953.0557,-55.86
953.0566,-56.18
953.0576,-56.27
953.0586,-56.37
953.0596,-56.51
953.0605,-56.64
953.0615,-56.38
953.0625,-56.11
953.0635,-56.26
953.0645,-56.40
953.0654,-56.66
953.0664,-56.92
953.0674,-56.89
953.0684,-56.87
953.0693,-56.74
953.0703,-56.61
953.0713,-56.64
953.0723,-56.67
953.0732,-56.87
953.0742,-57.07
953.0752,-57.14
953.0762,-57.20
953.0771,-57.09
953.0781,-56.97
953.0791,-56.93
953.0801,-56.89
953.0811,-56.81
953.0820,-56.72
953.0830,-56.66
953.0840,-56.60
953.0850,-56.56
953.0859,-56.52
953.0869,-56.59
953.0879,-56.67
953.0889,-56.86
953.0898,-57.04
953.0908,-57.01
953.0918,-56.97
953.0928,-56.74
953.0938,-56.51
953.0947,-56.46
953.0957,-56.41
953.0967,-56.26
953.0977,-56.11
953.0986,-55.99
953.0996,-55.87
953.1006,-55.93
953.1016,-55.99
953.1025,-55.96
953.1035,-55.92
953.1045,-56.45
953.1055,-56.98
953.1064,-57.06
953.1074,-57.13
953.1084,-56.87
953.1094,-56.60
953.1104,-56.51
953.1113,-56.41
953.1123,-56.59
953.1133,-56.77
953.1143,-56.83
953.1152,-56.88
953.1162,-56.85
953.1172,-56.82
953.1182,-56.73
953.1191,-56.65
953.1201,-56.92
953.1211,-57.19
953.1221,-57.23
953.1230,-57.28
953.1240,-57.07
953.1250,-56.87
953.1260,-56.68
953.1270,-56.48
953.1279,-56.58
953.1289,-56.68
953.1299,-56.79
953.1309,-56.90
953.1318,-57.00
953.1328,-57.09
953.1338,-57.09
953.1348,-57.08
953.1357,-57.14
953.1367,-57.20
953.1377,-57.07
953.1387,-56.94
953.1396,-56.84
953.1406,-56.74
953.1416,-56.50
953.1426,-56.25
953.1436,-56.28
953.1445,-56.30
953.1455,-56.38
953.1465,-56.46
953.1475,-56.43
953.1484,-56.40
953.1494,-56.33
953.1504,-56.26
953.1514,-56.52
953.1523,-56.77
953.1533,-57.01
953.1543,-57.24
953.1553,-57.05
953.1562,-56.86
953.1572,-56.52
953.1582,-56.17
953.1592,-56.40
953.1602,-56.63
953.1611,-56.87
953.1621,-57.10
953.1631,-57.20
953.1641,-57.30
953.1650,-57.24
953.1660,-57.19
953.1670,-57.18
953.1680,-57.16
953.1689,-57.26
953.1699,-57.35
953.1709,-57.21
953.1719,-57.06
953.1729,-56.81
953.1738,-56.55
953.1748,-56.55
953.1758,-56.55
953.1768,-56.80
953.1777,-57.04
953.1787,-57.15
953.1797,-57.25
953.1807,-57.18
953.1816,-57.10
953.1826,-56.94
953.1836,-56.78
953.1846,-56.72
953.1855,-56.66
953.1865,-56.48
953.1875,-56.30
953.1885,-56.16
953.1895,-56.02
953.1904,-55.88
953.1914,-55.74
953.1924,-56.19
953.1934,-56.64
953.1943,-56.83
953.1953,-57.01
953.1963,-56.97
953.1973,-56.93
953.1982,-56.61
953.1992,-56.61
953.2002,-56.80
953.2012,-56.70
953.2021,-56.70
953.2031,-56.93
953.2041,-56.56
953.2051,-55.84
953.2061,-55.87
953.2070,-55.60
953.2080,-56.21
953.2090,-56.95
953.2100,-57.21
953.2109,-57.34
953.2119,-57.25
953.2129,-57.17
953.2139,-56.97
953.2148,-56.80
953.2158,-56.83
953.2168,-56.92
953.2178,-56.92
953.2188,-56.76
953.2197,-56.78
953.2207,-56.65
953.2217,-56.56
953.2227,-56.58
953.2236,-56.71
953.2246,-57.00
953.2256,-57.07
953.2266,-57.02
953.2275,-56.98
953.2285,-56.79
953.2295,-56.51
953.2305,-56.19
953.2314,-56.09
953.2324,-55.94
953.2334,-56.00
953.2344,-55.93
953.2354,-56.15
953.2363,-56.12
953.2373,-55.81
953.2383,-55.25
953.2393,-55.51
953.2402,-56.14
953.2412,-56.50
953.2422,-56.54
953.2432,-56.72
953.2441,-56.52
953.2451,-56.45
953.2461,-56.83
953.2471,-56.50
953.2480,-56.61
953.2490,-56.43
953.2500,-56.68
953.2510,-56.57
953.2520,-55.98
953.2529,-55.76
953.2539,-55.87
953.2549,-56.07
953.2559,-55.94
953.2568,-56.38
953.2578,-57.19
953.2588,-57.13
953.2598,-56.70
953.2607,-56.42
953.2617,-56.55
953.2627,-56.48
953.2637,-55.94
953.2646,-56.19
953.2656,-56.91
953.2666,-56.96
953.2676,-56.58
953.2686,-56.62
953.2695,-57.06
953.2705,-56.98
953.2715,-56.55
953.2725,-56.49
953.2734,-56.69
953.2744,-56.48
953.2754,-56.50
953.2764,-56.04
953.2773,-55.73
953.2783,-55.56
953.2793,-55.20
953.2803,-55.35
953.2812,-55.78
953.2822,-56.08
953.2832,-56.00
953.2842,-56.14
953.2852,-55.89
953.2861,-55.71
953.2871,-55.16
953.2881,-55.59
953.2891,-56.47
953.2900,-56.48
953.2910,-56.04
953.2920,-55.97
953.2930,-56.40
953.2939,-56.15
953.2949,-55.43
953.2959,-55.70
953.2969,-56.47
953.2979,-56.31
953.2988,-56.14
953.2998,-55.99
953.3008,-55.84
953.3018,-55.89
953.3027,-55.93
953.3037,-56.07
953.3047,-56.21
953.3057,-56.17
953.3066,-56.14
953.3076,-55.95
953.3086,-55.75
953.3096,-55.58
953.3105,-55.40
953.3115,-55.70
953.3125,-56.01
953.3135,-56.27
953.3145,-56.54
953.3154,-56.52
953.3164,-56.49
953.3174,-56.27
953.3184,-56.06
953.3193,-55.85
953.3203,-55.65
953.3213,-55.68
953.3223,-55.70
953.3232,-55.56
953.3242,-55.43
953.3252,-55.14
953.3262,-54.85
953.3271,-55.01
953.3281,-55.16
953.3291,-55.62
953.3301,-56.08
953.3311,-56.19
953.3320,-56.29
953.3330,-55.94
953.3340,-55.59
953.3350,-55.50
953.3359,-55.42
953.3369,-55.60
953.3379,-55.77
953.3389,-55.82
953.3398,-55.86
953.3408,-55.67
953.3418,-55.49
953.3428,-55.39
953.3438,-55.29
953.3447,-55.86
953.3457,-56.43
953.3467,-56.24
953.3477,-56.04
953.3486,-55.97
953.3496,-55.90
953.3506,-55.93
953.3516,-55.96
953.3525,-56.04
953.3535,-56.11
953.3545,-56.13
953.3555,-56.16
953.3564,-56.07
953.3574,-55.97
953.3584,-55.99
953.3594,-56.00
953.3604,-56.20
953.3613,-56.40
953.3623,-56.34
953.3633,-56.27
953.3643,-56.06
953.3652,-55.85
953.3662,-55.58
953.3672,-55.32
953.3682,-55.38
953.3691,-55.45
953.3701,-55.52
953.3711,-55.59
953.3721,-55.55
953.3730,-55.50
953.3740,-55.03
953.3750,-54.57
953.3760,-55.18
953.3770,-55.80
953.3779,-56.07
953.3789,-56.34
953.3799,-56.28
953.3809,-56.22
953.3818,-55.94
953.3828,-55.66
953.3838,-55.74
953.3848,-55.83
953.3857,-55.93
953.3867,-56.04
953.3877,-56.13
953.3887,-56.22
953.3896,-55.87
953.3906,-55.52
953.3916,-55.76
953.3926,-56.00
953.3936,-56.10
953.3945,-56.20
953.3955,-55.88
953.3965,-55.55
953.3975,-55.54
953.3984,-55.53
953.3994,-55.71
953.4004,-55.89
953.4014,-56.08
953.4023,-56.28
953.4033,-56.31
953.4043,-56.33
953.4053,-56.23
953.4062,-56.13
953.4072,-56.03
953.4082,-55.93
953.4092,-55.85
953.4102,-55.77
953.4111,-55.65
953.4121,-55.52
953.4131,-55.25
953.4141,-54.98
953.4150,-54.99
953.4160,-55.00
953.4170,-55.39
953.4180,-55.78
953.4189,-55.97
953.4199,-56.16
953.4209,-55.77
953.4219,-55.37
953.4229,-55.20
953.4238,-55.03
953.4248,-55.59
953.4258,-56.14
953.4268,-56.14
953.4277,-56.14
953.4287,-55.98
953.4297,-55.83
953.4307,-55.69
953.4316,-55.56
953.4326,-55.75
953.4336,-55.95
953.4346,-56.23
953.4355,-56.50
953.4365,-56.35
953.4375,-56.20
953.4385,-55.97
953.4395,-55.74
953.4404,-55.80
953.4414,-55.86
953.4424,-55.63
953.4434,-55.41
953.4443,-55.44
953.4453,-55.47
953.4463,-55.54
953.4473,-55.61
953.4482,-55.94
953.4492,-56.26
953.4502,-56.31
953.4512,-56.36
953.4521,-56.27
953.4531,-56.18
953.4541,-55.92
953.4551,-55.66
953.4561,-55.58
953.4570,-55.51
953.4580,-55.58
953.4590,-55.64
953.4600,-55.51
953.4609,-55.38
953.4619,-55.09
953.4629,-54.81
953.4639,-55.26
953.4648,-55.71
953.4658,-55.97
953.4668,-56.24
953.4678,-56.18
953.4688,-56.13
953.4697,-55.62
953.4707,-55.11
953.4717,-55.28
953.4727,-55.46
953.4736,-55.80
953.4746,-56.13
953.4756,-56.18
953.4766,-56.23
953.4775,-55.95
953.4785,-55.67
953.4795,-55.75
953.4805,-55.82
953.4814,-56.01
953.4824,-56.19
953.4834,-56.23
953.4844,-56.26
953.4854,-56.03
953.4863,-55.79
953.4873,-55.68
953.4883,-55.57
953.4893,-55.40
953.4902,-55.22
953.4912,-55.32
953.4922,-55.41
953.4932,-55.62
953.4941,-55.83
953.4951,-55.97
953.4961,-56.11
953.4971,-56.19
953.4980,-56.26
953.4990,-56.03
953.5000,-55.80
953.5010,-55.60
953.5020,-55.39
953.5029,-55.31
953.5039,-55.23
953.5049,-55.40
953.5059,-55.57
953.5068,-55.72
953.5078,-55.88
953.5088,-55.59
953.5098,-55.29
953.5107,-55.29
953.5117,-55.28
953.5127,-55.78
953.5137,-56.28
953.5146,-56.28
953.5156,-56.28
953.5166,-56.06
953.5176,-55.85
953.5186,-55.67
953.5195,-55.49
953.5205,-55.80
953.5215,-56.11
953.5225,-56.36
953.5234,-56.60
953.5244,-56.51
953.5254,-56.42
953.5264,-56.12
953.5273,-55.81
953.5283,-55.92
953.5293,-56.04
953.5303,-56.02
953.5312,-56.01
953.5322,-55.84
953.5332,-55.67
953.5342,-55.60
953.5352,-55.53
953.5361,-55.60
953.5371,-55.66
953.5381,-55.51
953.5391,-55.35
953.5400,-55.70
953.5410,-56.05
953.5420,-55.98
953.5430,-55.92
953.5439,-55.87
953.5449,-55.81
953.5459,-55.78
953.5469,-55.76
953.5479,-55.57
953.5488,-55.39
953.5498,-55.38
953.5508,-55.37
953.5518,-55.60
953.5527,-55.82
953.5537,-56.07
953.5547,-56.33
953.5557,-56.37
953.5566,-56.41
953.5576,-55.88
953.5586,-55.35
953.5596,-55.62
953.5605,-55.89
953.5615,-56.08
953.5625,-56.27
953.5635,-56.22
953.5645,-56.18
953.5654,-56.00
953.5664,-55.83
953.5674,-55.97
953.5684,-56.11
953.5693,-56.39
953.5703,-56.68
953.5713,-56.72
953.5723,-56.77
953.5732,-56.53
953.5742,-56.28
953.5752,-56.17
953.5762,-56.05
953.5771,-56.19
953.5781,-56.33
953.5791,-56.35
953.5801,-56.38
953.5811,-56.22
953.5820,-56.06
953.5830,-56.12
953.5840,-56.18
953.5850,-56.10
953.5859,-56.01
953.5869,-56.11
953.5879,-56.21
953.5889,-56.22
953.5898,-56.23
953.5908,-56.08
953.5918,-55.94
953.5928,-55.95
953.5938,-55.97
953.5947,-55.99
953.5957,-56.02
953.5967,-55.97
953.5977,-55.92
953.5986,-56.02
953.5996,-56.11
953.6006,-56.46
953.6016,-56.81
953.6025,-56.86
953.6035,-56.90
953.6045,-56.66
953.6055,-56.42
953.6064,-56.14
953.6074,-55.86
953.6084,-56.17
953.6094,-56.48
953.6104,-56.57
953.6113,-56.66
953.6123,-56.64
953.6133,-56.61
953.6143,-56.51
953.6152,-56.41
953.6162,-56.69
953.6172,-56.97
953.6182,-57.00
953.6191,-57.03
953.6201,-56.90
953.6211,-56.77
953.6221,-56.64
953.6230,-56.50
953.6240,-56.54
953.6250,-56.58
953.6260,-56.81
953.6270,-57.05
953.6279,-57.05
953.6289,-57.06
953.6299,-56.94
953.6309,-56.83
953.6318,-56.56
953.6328,-56.29
953.6338,-56.22
953.6348,-56.15
953.6357,-56.40
953.6367,-56.64
953.6377,-56.50
953.6387,-56.35
953.6396,-56.41
953.6406,-56.48
953.6416,-56.62
953.6426,-56.77
953.6436,-56.95
953.6445,-57.13
953.6455,-56.81
953.6465,-56.50
953.6475,-56.73
953.6484,-56.96
953.6494,-57.18
953.6504,-57.40
953.6514,-57.28
953.6523,-57.15
953.6533,-56.90
953.6543,-56.65
953.6553,-56.76
953.6562,-56.86
953.6572,-57.16
953.6582,-57.46
953.6592,-57.55
953.6602,-57.65
953.6611,-57.40
953.6621,-57.15
953.6631,-57.04
953.6641,-56.94
953.6650,-57.12
953.6660,-57.31
953.6670,-57.19
953.6680,-57.07
953.6689,-56.82
953.6699,-56.57
953.6709,-56.58
953.6719,-56.58
953.6729,-56.96
953.6738,-57.34
953.6748,-57.39
953.6758,-57.44
953.6768,-57.30
953.6777,-57.16
953.6787,-56.88
953.6797,-56.60
953.6807,-56.11
953.6816,-55.61
953.6826,-56.00
953.6836,-56.38
953.6846,-56.46
953.6855,-56.54
953.6865,-56.51
953.6875,-56.49
953.6885,-56.80
953.6895,-57.11
953.6904,-57.22
953.6914,-57.33
953.6924,-57.13
953.6934,-56.94
953.6943,-56.56
953.6953,-56.18
953.6963,-56.58
953.6973,-56.98
953.6982,-57.04
953.6992,-57.09
953.7002,-57.10
953.7012,-57.10
953.7021,-57.00
953.7031,-56.90
953.7041,-57.08
953.7051,-57.27
953.7061,-57.38
953.7070,-57.50
953.7080,-57.34
953.7090,-57.18
953.7100,-57.01
953.7109,-56.84
953.7119,-56.91
953.7129,-56.99
953.7139,-57.01
953.7148,-57.02
953.7158,-56.90
953.7168,-56.77
953.7178,-56.45
953.7188,-56.13
953.7197,-56.48
953.7207,-56.83
953.7217,-57.02
953.7227,-57.21
953.7236,-57.02
953.7246,-56.83
953.7256,-56.46
953.7266,-56.08
953.7275,-55.72
953.7285,-55.35
953.7295,-55.51
953.7305,-55.66
953.7314,-56.15
953.7324,-56.64
953.7334,-56.39
953.7344,-56.14
953.7354,-56.40
953.7363,-56.66
953.7373,-56.96
953.7383,-57.26
953.7393,-57.24
953.7402,-57.22
953.7412,-56.89
953.7422,-56.57
953.7432,-56.56
953.7441,-56.55
953.7451,-56.85
953.7461,-57.16
953.7471,-57.19
953.7480,-57.22
953.7490,-56.90
953.7500,-56.58
953.7510,-56.55
953.7520,-56.51
953.7529,-56.90
953.7539,-57.29
953.7549,-57.24
953.7559,-57.19
953.7568,-56.93
953.7578,-56.66
953.7588,-56.69
953.7598,-56.73
953.7607,-56.89
953.7617,-57.06
953.7627,-57.10
953.7637,-57.13
953.7646,-56.90
953.7656,-56.66
953.7666,-56.53
953.7676,-56.40
953.7686,-56.56
953.7695,-56.72
953.7705,-56.63
953.7715,-56.54
953.7725,-56.28
953.7734,-56.02
953.7744,-55.50
953.7754,-54.98
953.7764,-55.23
953.7773,-55.48
953.7783,-55.98
953.7793,-56.47
953.7803,-56.34
953.7812,-56.21
953.7822,-55.77
953.7832,-55.34
953.7842,-55.92
953.7852,-56.49
953.7861,-56.61
953.7871,-56.73
953.7881,-56.67
953.7891,-56.61
953.7900,-56.56
953.7910,-56.51
953.7920,-56.66
953.7930,-56.81
953.7939,-56.89
953.7949,-56.98
953.7959,-56.87
953.7969,-56.75
953.7979,-56.24
953.7988,-55.73
953.7998,-56.05
953.8008,-56.36
953.8018,-56.48
953.8027,-56.59
953.8037,-56.34
953.8047,-56.09
953.8057,-55.85
953.8066,-55.62
953.8076,-56.01
953.8086,-56.40
953.8096,-56.68
953.8105,-56.97
953.8115,-56.84
953.8125,-56.72
953.8135,-56.42
953.8145,-56.11
953.8154,-56.17
953.8164,-56.23
953.8174,-56.21
953.8184,-56.19
953.8193,-56.10
953.8203,-56.02
953.8213,-55.66
953.8223,-55.30
953.8232,-55.03
953.8242,-54.75
953.8252,-55.55
953.8262,-56.36
953.8271,-56.60
953.8281,-56.85
953.8291,-56.15
953.8301,-55.45
953.8311,-55.41
953.8320,-55.38
953.8330,-56.00
953.8340,-56.63
953.8350,-56.69
953.8359,-56.76
953.8369,-56.48
953.8379,-56.21
953.8389,-56.13
953.8398,-56.05
953.8408,-56.41
953.8418,-56.76
953.8428,-56.73
953.8438,-56.71
953.8447,-56.40
953.8457,-56.10
953.8467,-55.93
953.8477,-55.77
953.8486,-56.00
953.8496,-56.24
953.8506,-56.26
953.8516,-56.27
953.8525,-56.03
953.8535,-55.78
953.8545,-55.72
953.8555,-55.66
953.8564,-56.13
953.8574,-56.60
953.8584,-56.47
953.8594,-56.34
953.8604,-56.00
953.8613,-55.66
953.8623,-55.34
953.8633,-55.02
953.8643,-55.42
953.8652,-55.81
953.8662,-55.99
953.8672,-56.18
953.8682,-55.98
953.8691,-55.79
953.8701,-54.93
953.8711,-54.08
953.8721,-54.58
953.8730,-55.07
953.8740,-55.77
953.8750,-56.47
953.8760,-56.34
953.8770,-56.21
953.8779,-55.73
953.8789,-55.24
953.8799,-55.61
953.8809,-55.97
953.8818,-56.26
953.8828,-56.55
953.8838,-56.45
953.8848,-56.35
953.8857,-55.60
953.8867,-54.85
953.8877,-55.25
953.8887,-55.65
953.8896,-55.96
953.8906,-56.26
953.8916,-56.19
953.8926,-56.11
953.8936,-55.90
953.8945,-55.70
953.8955,-55.87
953.8965,-56.03
953.8975,-56.17
953.8984,-56.31
953.8994,-56.25
953.9004,-56.19
953.9014,-56.09
953.9023,-55.99
953.9033,-55.96
953.9043,-55.94
953.9053,-55.99
953.9062,-56.05
953.9072,-55.83
953.9082,-55.62
953.9092,-54.93
953.9102,-54.25
953.9111,-54.46
953.9121,-54.67
953.9131,-55.30
953.9141,-55.93
953.9150,-55.95
953.9160,-55.98
953.9170,-54.94
953.9180,-53.90
953.9189,-53.64
953.9199,-53.37
953.9209,-54.46
953.9219,-55.54
953.9229,-55.74
953.9238,-55.95
953.9248,-55.90
953.9258,-55.85
953.9268,-55.91
953.9277,-55.97
953.9287,-56.14
953.9297,-56.31
953.9307,-56.38
953.9316,-56.45
953.9326,-56.04
953.9336,-55.63
953.9346,-55.25
953.9355,-54.86
953.9365,-55.37
953.9375,-55.88
953.9385,-55.95
953.9395,-56.01
953.9404,-55.82
953.9414,-55.64
953.9424,-55.49
953.9434,-55.34
953.9443,-55.81
953.9453,-56.28
953.9463,-56.20
953.9473,-56.13
953.9482,-55.91
953.9492,-55.69
953.9502,-55.47
953.9512,-55.26
953.9521,-55.35
953.9531,-55.44
953.9541,-55.49
953.9551,-55.55
953.9561,-55.29
953.9570,-55.03
953.9580,-54.57
953.9590,-54.12
953.9600,-54.82
953.9609,-55.52
953.9619,-55.83
953.9629,-56.15
953.9639,-55.77
953.9648,-55.39
953.9658,-54.17
953.9668,-52.95
953.9678,-53.70
953.9688,-54.45
953.9697,-55.11
953.9707,-55.76
953.9717,-55.73
953.9727,-55.70
953.9736,-55.34
953.9746,-54.98
953.9756,-55.16
953.9766,-55.34
953.9775,-55.56
953.9785,-55.78
953.9795,-55.72
953.9805,-55.67
953.9814,-55.36
953.9824,-55.05
953.9834,-55.05
953.9844,-55.04
953.9854,-55.14
953.9863,-55.25
953.9873,-55.19
953.9883,-55.13
953.9893,-54.82
953.9902,-54.51
953.9912,-54.46
953.9922,-54.40
953.9932,-54.30
953.9941,-54.20
953.9951,-53.74
953.9961,-53.28
953.9971,-53.04
953.9980,-52.79
953.9990,-54.93
954.0000,-57.07
954.0010,-55.10
954.0020,-53.13
954.0029,-53.32
954.0039,-53.51
954.0049,-53.42
954.0059,-53.32
954.0068,-53.43
954.0078,-53.53
954.0088,-54.29
954.0098,-55.06
954.0107,-55.17
954.0117,-55.29
954.0127,-54.82
954.0137,-54.35
954.0146,-54.12
954.0156,-53.89
954.0166,-54.75
954.0176,-55.61
954.0186,-55.88
954.0195,-56.16
954.0205,-55.80
954.0215,-55.44
954.0225,-54.98
954.0234,-54.52
954.0244,-55.18
954.0254,-55.83
954.0264,-55.99
954.0273,-56.15
954.0283,-56.05
954.0293,-55.94
954.0303,-55.85
954.0312,-55.76
954.0322,-55.97
954.0332,-56.18
954.0342,-56.30
954.0352,-56.43
954.0361,-56.23
954.0371,-56.03
954.0381,-55.85
954.0391,-55.66
954.0400,-55.66
954.0410,-55.67
954.0420,-55.54
954.0430,-55.41
954.0439,-55.26
954.0449,-55.11
954.0459,-54.57
954.0469,-54.03
954.0479,-54.62
954.0488,-55.21
954.0498,-55.61
954.0508,-56.02
954.0518,-55.74
954.0527,-55.46
954.0537,-54.52
954.0547,-53.59
954.0557,-54.25
954.0566,-54.91
954.0576,-55.52
954.0586,-56.14
954.0596,-56.04
954.0605,-55.95
954.0615,-55.61
954.0625,-55.26
954.0635,-55.62
954.0645,-55.98
954.0654,-56.32
954.0664,-56.66
954.0674,-56.60
954.0684,-56.54
954.0693,-55.92
954.0703,-55.30
954.0713,-55.38
954.0723,-55.47
954.0732,-55.90
954.0742,-56.34
954.0752,-56.35
954.0762,-56.37
954.0771,-56.16
954.0781,-55.95
954.0791,-56.04
954.0801,-56.12
954.0811,-56.22
954.0820,-56.32
954.0830,-56.26
954.0840,-56.19
954.0850,-55.89
954.0859,-55.59
954.0869,-55.51
954.0879,-55.43
954.0889,-55.51
954.0898,-55.59
954.0908,-55.69
954.0918,-55.78
954.0928,-55.52
954.0938,-55.25
954.0947,-55.13
954.0957,-55.01
954.0967,-55.77
954.0977,-56.53
954.0986,-56.45
954.0996,-56.38
954.1006,-55.70
954.1016,-55.02
954.1025,-54.65
954.1035,-54.28
954.1045,-55.29
954.1055,-56.29
954.1064,-56.38
954.1074,-56.48
954.1084,-55.91
954.1094,-55.35
954.1104,-55.33
954.1113,-55.30
954.1123,-55.93
954.1133,-56.56
954.1143,-56.72
954.1152,-56.88
954.1162,-56.78
954.1172,-56.68
954.1182,-56.48
954.1191,-56.28
954.1201,-56.46
954.1211,-56.65
954.1221,-56.77
954.1230,-56.89
954.1240,-56.77
954.1250,-56.64
954.1260,-56.51
954.1270,-56.38
954.1279,-56.50
954.1289,-56.62
954.1299,-56.52
954.1309,-56.42
954.1318,-56.31
954.1328,-56.19
954.1338,-55.73
954.1348,-55.27
954.1357,-55.56
954.1367,-55.84
954.1377,-56.17
954.1387,-56.50
954.1396,-56.52
954.1406,-56.55
954.1416,-55.95
954.1426,-55.35
954.1436,-55.76
954.1445,-56.17
954.1455,-56.55
954.1465,-56.93
954.1475,-56.64
954.1484,-56.35
954.1494,-55.93
954.1504,-55.50
954.1514,-55.81
954.1523,-56.13
954.1533,-56.62
954.1543,-57.11
954.1553,-56.64
954.1562,-56.18
954.1572,-55.44
954.1582,-54.71
954.1592,-55.25
954.1602,-55.78
954.1611,-56.31
954.1621,-56.84
954.1631,-56.84
954.1641,-56.84
954.1650,-56.72
954.1660,-56.60
954.1670,-56.65
954.1680,-56.69
954.1689,-56.85
954.1699,-57.02
954.1709,-57.03
954.1719,-57.04
954.1729,-56.69
954.1738,-56.34
954.1748,-56.29
954.1758,-56.23
954.1768,-56.24
954.1777,-56.26
954.1787,-56.24
954.1797,-56.21
954.1807,-56.07
954.1816,-55.92
954.1826,-55.74
954.1836,-55.55
954.1846,-56.12
954.1855,-56.70
954.1865,-56.85
954.1875,-57.01
954.1885,-56.68
954.1895,-56.34
954.1904,-55.91
954.1914,-55.47
954.1924,-56.10
954.1934,-56.72
954.1943,-56.69
954.1953,-56.66
954.1963,-56.66
954.1973,-56.66
954.1982,-56.61
954.1992,-56.57
954.2002,-56.84
954.2012,-57.10
954.2021,-57.11
954.2031,-57.11
954.2041,-56.27
954.2051,-55.43
954.2061,-55.55
954.2070,-55.66
954.2080,-56.25
954.2090,-56.83
954.2100,-56.98
954.2109,-57.12
954.2119,-57.00
954.2129,-56.88
954.2139,-56.68
954.2148,-56.48
954.2158,-56.69
954.2168,-56.90
954.2178,-57.01
954.2188,-57.11
954.2197,-56.81
954.2207,-56.51
954.2217,-56.27
954.2227,-56.03
954.2236,-56.02
954.2246,-56.02
954.2256,-56.26
954.2266,-56.49
954.2275,-56.65
954.2285,-56.82
954.2295,-56.57
954.2305,-56.32
954.2314,-56.47
954.2324,-56.62
954.2334,-56.80
954.2344,-56.98
954.2354,-56.99
954.2363,-57.00
954.2373,-56.49
954.2383,-55.98
954.2393,-56.15
954.2402,-56.33
954.2412,-56.67
954.2422,-57.01
954.2432,-57.03
954.2441,-57.06
954.2451,-57.12
954.2461,-57.19
954.2471,-57.13
954.2480,-57.07
954.2490,-57.05
954.2500,-57.03
954.2510,-56.48
954.2520,-55.94
954.2529,-55.65
954.2539,-55.35
954.2549,-56.00
954.2559,-56.65
954.2568,-57.01
954.2578,-57.36
954.2588,-57.37
954.2598,-57.38
954.2607,-57.08
954.2617,-56.78
954.2627,-56.64
954.2637,-56.49
954.2646,-56.66
954.2656,-56.84
954.2666,-56.83
954.2676,-56.83
954.2686,-56.64
954.2695,-56.45
954.2705,-56.40
954.2715,-56.35
954.2725,-56.61
954.2734,-56.87
954.2744,-57.17
954.2754,-57.47
954.2764,-57.42
954.2773,-57.37
954.2783,-57.13
954.2793,-56.88
954.2803,-56.85
954.2812,-56.81
954.2822,-56.94
954.2832,-57.07
954.2842,-57.01
954.2852,-56.95
954.2861,-56.60
954.2871,-56.25
954.2881,-56.67
954.2891,-57.08
954.2900,-57.04
954.2910,-57.00
954.2920,-57.12
954.2930,-57.24
954.2939,-57.11
954.2949,-56.98
954.2959,-56.90
954.2969,-56.82
954.2979,-56.44
954.2988,-56.06
954.2998,-55.56
954.3008,-55.06
954.3018,-55.55
954.3027,-56.05
954.3037,-56.52
954.3047,-56.98
954.3057,-57.20
954.3066,-57.42
954.3076,-57.09
954.3086,-56.76
954.3096,-56.54
954.3105,-56.32
954.3115,-56.41
954.3125,-56.49
954.3135,-56.48
954.3145,-56.46
954.3154,-56.60
954.3164,-56.74
954.3174,-56.61
954.3184,-56.48
954.3193,-56.63
954.3203,-56.78
954.3213,-57.06
954.3223,-57.35
954.3232,-57.36
954.3242,-57.38
954.3252,-57.14
954.3262,-56.91
954.3271,-56.79
954.3281,-56.67
954.3291,-56.79
954.3301,-56.90
954.3311,-57.02
954.3320,-57.14
954.3330,-56.98
954.3340,-56.81
954.3350,-56.76
954.3359,-56.70
954.3369,-56.83
954.3379,-56.96
954.3389,-56.93
954.3398,-56.91
954.3408,-56.96
954.3418,-57.00
954.3428,-56.89
954.3438,-56.77
954.3447,-56.79
954.3457,-56.81
954.3467,-56.00
954.3477,-55.20
954.3486,-55.36
954.3496,-55.53
954.3506,-56.09
954.3516,-56.65
954.3525,-56.77
954.3535,-56.90
954.3545,-56.81
954.3555,-56.72
954.3564,-56.39
954.3574,-56.06
954.3584,-56.13
954.3594,-56.19
954.3604,-56.36
954.3613,-56.54
954.3623,-56.64
954.3633,-56.73
954.3643,-56.87
954.3652,-57.00
954.3662,-56.88
954.3672,-56.77
954.3682,-57.01
954.3691,-57.24
954.3701,-57.23
954.3711,-57.22
954.3721,-57.06
954.3730,-56.90
954.3740,-56.68
954.3750,-56.46
954.3760,-56.60
954.3770,-56.74
954.3779,-57.01
954.3789,-57.29
954.3799,-57.30
954.3809,-57.31
954.3818,-56.96
954.3828,-56.61
954.3838,-56.61
954.3848,-56.61
954.3857,-56.67
954.3867,-56.73
954.3877,-56.82
954.3887,-56.92
954.3896,-56.86
954.3906,-56.80
954.3916,-56.83
954.3926,-56.86
954.3936,-56.52
954.3945,-56.17
954.3955,-55.63
954.3965,-55.10
954.3975,-55.69
954.3984,-56.27
954.3994,-56.48
954.4004,-56.68
954.4014,-56.58
954.4023,-56.49
954.4033,-56.38
954.4043,-56.28
954.4053,-56.15
954.4062,-56.02
954.4072,-56.18
954.4082,-56.34
954.4092,-56.59
954.4102,-56.84
954.4111,-56.96
954.4121,-57.08
954.4131,-56.89
954.4141,-56.70
954.4150,-56.64
954.4160,-56.59
954.4170,-56.70
954.4180,-56.81
954.4189,-56.75
954.4199,-56.69
954.4209,-56.57
954.4219,-56.45
954.4229,-56.34
954.4238,-56.24
954.4248,-56.54
954.4258,-56.84
954.4268,-56.96
954.4277,-57.09
954.4287,-56.76
954.4297,-56.43
954.4307,-56.08
954.4316,-55.73
954.4326,-55.86
954.4336,-55.99
954.4346,-56.27
954.4355,-56.56
954.4365,-56.58
954.4375,-56.61
954.4385,-56.59
954.4395,-56.57
954.4404,-56.34
954.4414,-56.11
954.4424,-55.49
954.4434,-54.86
954.4443,-55.11
954.4453,-55.35
954.4463,-55.56
954.4473,-55.77
954.4482,-55.89
954.4492,-56.01
954.4502,-56.07
954.4512,-56.13
954.4521,-56.16
954.4531,-56.20
954.4541,-56.12
954.4551,-56.04
954.4561,-56.41
954.4570,-56.77
954.4580,-56.91
954.4590,-57.04
954.4600,-56.88
954.4609,-56.72
954.4619,-56.35
954.4629,-55.97
954.4639,-56.21
954.4648,-56.44
954.4658,-56.65
954.4668,-56.86
954.4678,-56.83
954.4688,-56.81
954.4697,-56.46
954.4707,-56.10
954.4717,-56.25
954.4727,-56.39
954.4736,-56.61
954.4746,-56.83
954.4756,-56.75
954.4766,-56.68
954.4775,-56.40
954.4785,-56.13
954.4795,-56.06
954.4805,-55.99
954.4814,-56.23
954.4824,-56.46
954.4834,-56.69
954.4844,-56.92
954.4854,-56.66
954.4863,-56.41
954.4873,-56.41
954.4883,-56.40
954.4893,-55.67
954.4902,-54.94
954.4912,-54.96
954.4922,-54.97
954.4932,-55.35
954.4941,-55.72
954.4951,-55.90
954.4961,-56.08
954.4971,-56.34
954.4980,-56.60
954.4990,-56.71
954.5000,-56.83
954.5010,-56.64
954.5020,-56.44
954.5029,-56.36
954.5039,-56.28
954.5049,-56.60
954.5059,-56.92
954.5068,-56.89
954.5078,-56.86
954.5088,-56.55
954.5098,-56.23
954.5107,-56.20
954.5117,-56.16
954.5127,-56.63
954.5137,-57.09
954.5146,-57.23
954.5156,-57.36
954.5166,-56.99
954.5176,-56.63
954.5186,-56.20
954.5195,-55.77
954.5205,-56.25
954.5215,-56.73
954.5225,-56.87
954.5234,-57.01
954.5244,-56.94
954.5254,-56.87
954.5264,-56.76
954.5273,-56.66
954.5283,-56.64
954.5293,-56.63
954.5303,-56.82
954.5312,-57.02
954.5322,-56.70
954.5332,-56.38
954.5342,-56.24
954.5352,-56.10
954.5361,-55.84
954.5371,-55.58
954.5381,-54.95
954.5391,-54.33
954.5400,-55.00
954.5410,-55.68
954.5420,-55.61
954.5430,-55.54
954.5439,-56.03
954.5449,-56.52
954.5459,-56.78
954.5469,-57.04
954.5479,-56.90
954.5488,-56.76
954.5498,-56.20
954.5508,-55.63
954.5518,-55.95
954.5527,-56.27
954.5537,-56.49
954.5547,-56.72
954.5557,-56.64
954.5566,-56.56
954.5576,-56.31
954.5586,-56.05
954.5596,-56.42
954.5605,-56.78
954.5615,-57.04
954.5625,-57.29
954.5635,-57.14
954.5645,-56.98
954.5654,-56.32
954.5664,-55.66
954.5674,-55.78
954.5684,-55.89
954.5693,-56.41
954.5703,-56.92
954.5713,-56.99
954.5723,-57.06
954.5732,-56.92
954.5742,-56.77
954.5752,-56.70
954.5762,-56.63
954.5771,-56.76
954.5781,-56.90
954.5791,-56.78
954.5801,-56.67
954.5811,-56.47
954.5820,-56.27
954.5830,-56.09
954.5840,-55.91
954.5850,-55.35
954.5859,-54.80
954.5869,-55.03
954.5879,-55.27
954.5889,-55.56
954.5898,-55.86
954.5908,-55.79
954.5918,-55.72
954.5928,-56.34
954.5938,-56.96
954.5947,-56.97
954.5957,-56.99
954.5967,-56.40
954.5977,-55.82
954.5986,-55.48
954.5996,-55.14
954.6006,-55.95
954.6016,-56.75
954.6025,-56.97
954.6035,-57.19
954.6045,-56.89
954.6055,-56.60
954.6064,-56.35
954.6074,-56.11
954.6084,-56.54
954.6094,-56.96
954.6104,-56.96
954.6113,-56.96
954.6123,-56.70
954.6133,-56.44
954.6143,-56.06
954.6152,-55.68
954.6162,-56.14
954.6172,-56.61
954.6182,-56.96
954.6191,-57.32
954.6201,-57.13
954.6211,-56.94
954.6221,-56.56
954.6230,-56.18
954.6240,-56.31
954.6250,-56.43
954.6260,-56.53
954.6270,-56.64
954.6279,-56.62
954.6289,-56.60
954.6299,-56.36
954.6309,-56.13
954.6318,-55.60
954.6328,-55.08
954.6338,-55.20
954.6348,-55.33
954.6357,-56.07
954.6367,-56.82
954.6377,-56.28
954.6387,-55.75
954.6396,-56.14
954.6406,-56.54
954.6416,-56.83
954.6426,-57.12
954.6436,-56.94
954.6445,-56.77
954.6455,-55.89
954.6465,-55.01
954.6475,-55.44
954.6484,-55.87
954.6494,-56.57
954.6504,-57.27
954.6514,-57.19
954.6523,-57.11
954.6533,-56.55
954.6543,-55.99
954.6553,-56.06
954.6562,-56.13
954.6572,-56.57
954.6582,-57.02
954.6592,-57.00
954.6602,-56.99
954.6611,-56.67
954.6621,-56.35
954.6631,-56.36
954.6641,-56.37
954.6650,-56.76
954.6660,-57.14
954.6670,-57.04
954.6680,-56.95
954.6689,-56.62
954.6699,-56.30
954.6709,-56.07
954.6719,-55.84
954.6729,-55.98
954.6738,-56.13
954.6748,-56.23
954.6758,-56.32
954.6768,-56.09
954.6777,-55.86
954.6787,-55.53
954.6797,-55.19
954.6807,-54.84
954.6816,-54.49
954.6826,-55.43
954.6836,-56.36
954.6846,-56.32
954.6855,-56.27
954.6865,-55.83
954.6875,-55.38
954.6885,-55.99
954.6895,-56.61
954.6904,-56.71
954.6914,-56.81
954.6924,-56.45
954.6934,-56.08
954.6943,-55.52
954.6953,-54.95
954.6963,-55.88
954.6973,-56.81
954.6982,-56.95
954.6992,-57.11
954.7002,-56.78
954.7012,-56.44
954.7021,-55.94
954.7031,-55.51
954.7041,-55.93
954.7051,-56.40
954.7061,-56.77
954.7070,-57.04
954.7080,-56.90
954.7090,-56.75
954.7100,-56.49
954.7109,-56.12
954.7119,-56.35
954.7129,-56.82
954.7139,-56.81
954.7148,-56.70
954.7158,-56.32
954.7168,-56.13
954.7178,-55.99
954.7188,-55.63
954.7197,-55.84
954.7207,-56.15
954.7217,-56.43
954.7227,-56.64
954.7236,-56.65
954.7246,-56.93
954.7256,-56.23
954.7266,-55.40
954.7275,-55.10
954.7285,-54.81
954.7295,-55.08
954.7305,-55.26
954.7314,-55.96
954.7324,-56.80
954.7334,-55.87
954.7344,-54.88
954.7354,-55.20
954.7363,-55.57
954.7373,-56.28
954.7383,-56.99
954.7393,-57.01
954.7402,-57.12
954.7412,-56.50
954.7422,-55.80
954.7432,-55.82
954.7441,-55.99
954.7451,-56.53
954.7461,-56.84
954.7471,-56.66
954.7480,-56.91
954.7490,-56.53
954.7500,-55.84
954.7510,-55.79
954.7520,-56.03
954.7529,-56.63
954.7539,-56.73
954.7549,-56.82
954.7559,-57.39
954.7568,-56.90
954.7578,-56.07
954.7588,-55.96
954.7598,-56.34
954.7607,-56.52
954.7617,-56.12
954.7627,-55.92
954.7637,-56.26
954.7646,-56.06
954.7656,-55.46
954.7666,-55.31
954.7676,-55.62
954.7686,-56.15
954.7695,-56.21
954.7705,-56.41
954.7715,-57.09
954.7725,-56.44
954.7734,-56.15
954.7744,-55.22
954.7754,-54.05
954.7764,-54.33
954.7773,-54.40
954.7783,-55.10
954.7793,-56.12
954.7803,-55.79
954.7812,-55.17
954.7822,-54.51
954.7832,-53.52
954.7842,-54.93
954.7852,-55.86
954.7861,-56.45
954.7871,-56.66
954.7881,-56.55
954.7891,-56.70
954.7900,-56.31
954.7910,-55.69
954.7920,-55.87
954.7930,-56.48
954.7939,-56.60
954.7949,-56.32
954.7959,-56.18
954.7969,-56.50
954.7979,-55.96
954.7988,-55.41
954.7998,-55.65
954.8008,-55.89
954.8018,-56.06
954.8027,-56.23
954.8037,-55.95
954.8047,-55.68
954.8057,-55.30
954.8066,-54.92
954.8076,-55.13
954.8086,-55.34
954.8096,-55.45
954.8105,-55.57
954.8115,-55.59
954.8125,-55.61
954.8135,-55.36
954.8145,-55.11
954.8154,-55.38
954.8164,-55.65
954.8174,-56.13
954.8184,-56.61
954.8193,-56.50
954.8203,-56.39
954.8213,-55.45
954.8223,-54.52
954.8232,-53.91
954.8242,-53.31
954.8252,-54.24
954.8262,-55.18
954.8271,-55.67
954.8281,-56.16
954.8291,-55.15
954.8301,-54.14
954.8311,-54.16
954.8320,-54.18
954.8330,-55.23
954.8340,-56.27
954.8350,-56.26
954.8359,-56.24
954.8369,-56.04
954.8379,-55.83
954.8389,-55.70
954.8398,-55.57
954.8408,-55.84
954.8418,-56.10
954.8428,-56.25
954.8438,-56.40
954.8447,-56.30
954.8457,-56.20
954.8467,-56.01
954.8477,-55.82
954.8486,-55.78
954.8496,-55.73
954.8506,-55.61
954.8516,-55.48
954.8525,-55.10
954.8535,-54.71
954.8545,-54.75
954.8555,-54.79
954.8564,-55.16
954.8574,-55.53
954.8584,-55.65
954.8594,-55.77
954.8604,-55.73
954.8613,-55.68
954.8623,-55.28
954.8633,-54.89
954.8643,-55.43
954.8652,-55.97
954.8662,-56.08
954.8672,-56.19
954.8682,-55.78
954.8691,-55.36
954.8701,-54.27
954.8711,-53.18
954.8721,-53.56
954.8730,-53.95
954.8740,-55.20
954.8750,-56.45
954.8760,-56.27
954.8770,-56.09
954.8779,-55.17
954.8789,-54.26
954.8799,-54.81
954.8809,-55.37
954.8818,-55.68
954.8828,-55.99
954.8838,-55.87
954.8848,-55.75
954.8857,-55.32
954.8867,-54.89
954.8877,-55.15
954.8887,-55.42
954.8896,-55.72
954.8906,-56.01
954.8916,-55.88
954.8926,-55.74
954.8936,-55.57
954.8945,-55.41
954.8955,-55.35
954.8965,-55.30
954.8975,-55.12
954.8984,-54.94
954.8994,-54.97
954.9004,-54.99
954.9014,-54.91
954.9023,-54.83
954.9033,-55.19
954.9043,-55.55
954.9053,-55.74
954.9062,-55.92
954.9072,-55.88
954.9082,-55.83
954.9092,-55.31
954.9102,-54.79
954.9111,-54.82
954.9121,-54.85
954.9131,-55.29
954.9141,-55.73
954.9150,-55.71
954.9160,-55.69
954.9170,-54.50
954.9180,-53.31
954.9189,-52.91
954.9199,-52.50
954.9209,-53.92
954.9219,-55.34
954.9229,-55.76
954.9238,-56.17
954.9248,-55.84
954.9258,-55.51
954.9268,-55.34
954.9277,-55.16
954.9287,-55.34
954.9297,-55.52
954.9307,-55.66
954.9316,-55.79
954.9326,-55.65
954.9336,-55.50
954.9346,-55.28
954.9355,-55.05
954.9365,-55.34
954.9375,-55.64
954.9385,-55.52
954.9395,-55.41
954.9404,-55.10
954.9414,-54.78
954.9424,-54.67
954.9434,-54.57
954.9443,-54.65
954.9453,-54.73
954.9463,-54.83
954.9473,-54.93
954.9482,-55.04
954.9492,-55.15
954.9502,-55.25
954.9512,-55.35
954.9521,-55.63
954.9531,-55.91
954.9541,-55.91
954.9551,-55.91
954.9561,-55.56
954.9570,-55.21
954.9580,-54.74
954.9590,-54.26
954.9600,-54.82
954.9609,-55.39
954.9619,-55.67
954.9629,-55.96
954.9639,-55.47
954.9648,-54.98
954.9658,-53.33
954.9668,-51.69
954.9678,-52.62
954.9688,-53.54
954.9697,-54.58
954.9707,-55.62
954.9717,-55.58
954.9727,-55.54
954.9736,-55.32
954.9746,-55.10
954.9756,-55.09
954.9766,-55.09
954.9775,-55.36
954.9785,-55.62
954.9795,-55.66
954.9805,-55.69
954.9814,-55.51
954.9824,-55.33
954.9834,-55.09
954.9844,-54.85
954.9854,-54.82
954.9863,-54.79
954.9873,-54.57
954.9883,-54.36
954.9893,-54.22
954.9902,-54.08
954.9912,-54.33
954.9922,-54.58
954.9932,-54.85
954.9941,-55.11
954.9951,-55.22
954.9961,-55.33
954.9971,-55.25
954.9980,-55.17
954.9990,-55.08
955.0000,-54.99
955.0010,-55.16
955.0020,-55.33
955.0029,-55.29
955.0039,-55.25
955.0049,-54.78
955.0059,-54.32
955.0068,-54.37
955.0078,-54.42
955.0088,-55.05
955.0098,-55.69
955.0107,-55.83
955.0117,-55.98
955.0127,-54.66
955.0137,-53.34
955.0146,-52.62
955.0156,-51.90
955.0166,-53.33
955.0176,-54.76
955.0186,-54.97
955.0195,-55.18
955.0205,-55.13
955.0215,-55.08
955.0225,-54.93
955.0234,-54.78
955.0244,-54.92
955.0254,-55.05
955.0264,-55.19
955.0273,-55.32
955.0283,-55.08
955.0293,-54.85
955.0303,-54.65
955.0312,-54.45
955.0322,-54.39
955.0332,-54.32
955.0342,-54.29
955.0352,-54.25
955.0361,-54.28
955.0371,-54.31
955.0381,-54.37
955.0391,-54.42
955.0400,-54.73
955.0410,-55.05
955.0420,-55.14
955.0430,-55.22
955.0439,-55.12
955.0449,-55.03
955.0459,-54.68
955.0469,-54.33
955.0479,-54.51
955.0488,-54.69
955.0498,-54.81
955.0508,-54.93
955.0518,-54.75
955.0527,-54.56
955.0537,-54.16
955.0547,-53.76
955.0557,-54.24
955.0566,-54.71
955.0576,-54.95
955.0586,-55.19
955.0596,-54.72
955.0605,-54.26
955.0615,-53.33
955.0625,-52.40
955.0635,-52.88
955.0645,-53.37
955.0654,-54.15
955.0664,-54.93
955.0674,-55.01
955.0684,-55.10
955.0693,-54.85
955.0703,-54.60
955.0713,-54.48
955.0723,-54.36
955.0732,-54.45
955.0742,-54.55
955.0752,-54.36
955.0762,-54.17
955.0771,-53.90
955.0781,-53.64
955.0791,-53.65
955.0801,-53.67
955.0811,-53.87
955.0820,-54.07
955.0830,-54.32
955.0840,-54.57
955.0850,-54.64
955.0859,-54.70
955.0869,-54.75
955.0879,-54.79
955.0889,-54.78
955.0898,-54.76
955.0908,-54.65
955.0918,-54.55
955.0928,-54.45
955.0938,-54.35
955.0947,-54.25
955.0957,-54.16
955.0967,-54.33
955.0977,-54.50
955.0986,-54.60
955.0996,-54.70
955.1006,-54.38
955.1016,-54.06
955.1025,-53.94
955.1035,-53.82
955.1045,-54.23
955.1055,-54.65
955.1064,-54.47
955.1074,-54.29
955.1084,-53.58
955.1094,-52.87
955.1104,-53.02
955.1113,-53.16
955.1123,-53.66
955.1133,-54.16
955.1143,-54.32
955.1152,-54.48
955.1162,-54.38
955.1172,-54.29
955.1182,-53.80
955.1191,-53.30
955.1201,-53.14
955.1211,-52.97
955.1221,-53.09
955.1230,-53.20
955.1240,-52.80
955.1250,-52.41
955.1260,-52.05
955.1270,-51.70
955.1279,-51.88
955.1289,-52.07
955.1299,-52.25
955.1309,-52.43
955.1318,-51.84
955.1328,-51.25
955.1338,-50.00
955.1348,-48.75
955.1357,-47.42
955.1367,-46.10
955.1377,-46.86
955.1387,-47.63
955.1396,-48.81
955.1406,-49.99
955.1416,-50.40
955.1426,-50.81
955.1436,-49.98
955.1445,-49.16
955.1455,-48.61
955.1465,-48.06
955.1475,-48.45
955.1484,-48.83
955.1494,-49.45
955.1504,-50.07
955.1514,-49.54
955.1523,-49.00
955.1533,-47.64
955.1543,-46.28
955.1553,-45.20
955.1562,-44.11
955.1572,-45.19
955.1582,-46.27
955.1592,-47.62
955.1602,-48.97
955.1611,-49.72
955.1621,-50.48
955.1631,-50.22
955.1641,-49.96
955.1650,-49.56
955.1660,-49.16
955.1670,-49.77
955.1680,-50.38
955.1689,-50.87
955.1699,-51.35
955.1709,-50.90
955.1719,-50.46
955.1729,-50.66
955.1738,-50.86
955.1748,-51.30
955.1758,-51.73
955.1768,-51.74
955.1777,-51.74
955.1787,-51.68
955.1797,-51.63
955.1807,-51.54
955.1816,-51.45
955.1826,-51.55
955.1836,-51.65
955.1846,-51.85
955.1855,-52.05
955.1865,-52.14
955.1875,-52.24
955.1885,-52.01
955.1895,-51.77
955.1904,-51.08
955.1914,-50.39
955.1924,-50.81
955.1934,-51.23
955.1943,-50.47
955.1953,-49.71
955.1963,-49.75
955.1973,-49.78
955.1982,-50.42
955.1992,-51.05
955.2002,-51.25
955.2012,-51.45
955.2021,-51.73
955.2031,-52.01
955.2041,-51.61
955.2051,-51.22
955.2061,-51.35
955.2070,-51.48
955.2080,-51.63
955.2090,-51.77
955.2100,-51.17
955.2109,-50.57
955.2119,-50.45
955.2129,-50.33
955.2139,-50.37
955.2148,-50.40
955.2158,-50.61
955.2168,-50.82
955.2178,-51.11
955.2188,-51.40
955.2197,-51.80
955.2207,-52.19
955.2217,-52.45
955.2227,-52.70
955.2236,-52.68
955.2246,-52.66
955.2256,-52.46
955.2266,-52.27
955.2275,-51.89
955.2285,-51.51
955.2295,-51.25
955.2305,-50.99
955.2314,-50.81
955.2324,-50.63
955.2334,-50.74
955.2344,-50.85
955.2354,-51.24
955.2363,-51.63
955.2373,-51.52
955.2383,-51.40
955.2393,-51.59
955.2402,-51.77
955.2412,-51.81
955.2422,-51.86
955.2432,-51.52
955.2441,-51.18
955.2451,-51.18
955.2461,-51.17
955.2471,-50.71
955.2480,-50.25
955.2490,-50.16
955.2500,-50.07
955.2510,-49.50
955.2520,-48.94
955.2529,-48.82
955.2539,-48.70
955.2549,-49.15
955.2559,-49.60
955.2568,-49.13
955.2578,-48.65
955.2588,-48.41
955.2598,-48.17
955.2607,-47.69
955.2617,-47.21
955.2627,-47.12
955.2637,-47.03
955.2646,-47.19
955.2656,-47.35
955.2666,-47.33
955.2676,-47.30
955.2686,-46.94
955.2695,-46.58
955.2705,-45.47
955.2715,-44.36
955.2725,-44.19
955.2734,-44.03
955.2744,-44.62
955.2754,-45.20
955.2764,-45.08
955.2773,-44.96
955.2783,-44.64
955.2793,-44.33
955.2803,-43.99
955.2812,-43.65
955.2822,-43.76
955.2832,-43.86
955.2842,-43.98
955.2852,-44.10
955.2861,-44.05
955.2871,-43.99
955.2881,-43.63
955.2891,-43.27
955.2900,-42.59
955.2910,-41.92
955.2920,-41.56
955.2930,-41.21
955.2939,-40.60
955.2949,-39.98
955.2959,-39.24
955.2969,-38.50
955.2979,-38.49
955.2988,-38.48
955.2998,-38.63
955.3008,-38.79
955.3018,-39.06
955.3027,-39.33
955.3037,-39.85
955.3047,-40.37
955.3057,-39.78
955.3066,-39.19
955.3076,-38.56
955.3086,-37.94
955.3096,-37.71
955.3105,-37.48
955.3115,-37.21
955.3125,-36.94
955.3135,-36.74
955.3145,-36.54
955.3154,-36.83
955.3164,-37.12
955.3174,-36.81
955.3184,-36.50
955.3193,-35.86
955.3203,-35.22
955.3213,-34.74
955.3223,-34.26
955.3232,-34.00
955.3242,-33.74
955.3252,-33.72
955.3262,-33.71
955.3271,-33.59
955.3281,-33.48
955.3291,-33.39
955.3301,-33.30
955.3311,-33.18
955.3320,-33.06
955.3330,-31.82
955.3340,-30.58
955.3350,-28.60
955.3359,-26.61
955.3369,-26.45
955.3379,-26.30
955.3389,-28.13
955.3398,-29.96
955.3408,-31.04
955.3418,-32.12
955.3428,-31.26
955.3438,-30.40
955.3447,-29.02
955.3457,-27.65
955.3467,-27.76
955.3477,-27.88
955.3486,-28.91
955.3496,-29.94
955.3506,-30.15
955.3516,-30.35
955.3525,-29.01
955.3535,-27.66
955.3545,-25.71
955.3555,-23.75
955.3564,-24.15
955.3574,-24.54
955.3584,-26.32
955.3594,-28.10
955.3604,-28.93
955.3613,-29.77
955.3623,-29.42
955.3633,-29.07
955.3643,-28.93
955.3652,-28.79
955.3662,-28.80
955.3672,-28.81
955.3682,-28.49
955.3691,-28.17
955.3701,-28.28
955.3711,-28.39
955.3721,-28.65
955.3730,-28.91
955.3740,-29.24
955.3750,-29.57
955.3760,-29.39
955.3770,-29.22
955.3779,-28.73
955.3789,-28.25
955.3799,-28.34
955.3809,-28.43
955.3818,-28.51
955.3828,-28.60
955.3838,-28.70
955.3848,-28.79
955.3857,-29.25
955.3867,-29.70
955.3877,-29.76
955.3887,-29.81
955.3896,-28.80
955.3906,-27.79
955.3916,-27.55
955.3926,-27.30
955.3936,-26.86
955.3945,-26.41
955.3955,-26.30
955.3965,-26.19
955.3975,-26.83
955.3984,-27.48
955.3994,-27.97
955.4004,-28.45
955.4014,-28.80
955.4023,-29.15
955.4033,-29.22
955.4043,-29.29
955.4053,-29.43
955.4062,-29.58
955.4072,-29.49
955.4082,-29.41
955.4092,-29.33
955.4102,-29.25
955.4111,-29.08
955.4121,-28.91
955.4131,-28.73
955.4141,-28.54
955.4150,-28.36
955.4160,-28.17
955.4170,-28.33
955.4180,-28.50
955.4189,-28.56
955.4199,-28.62
955.4209,-28.81
955.4219,-29.00
955.4229,-28.81
955.4238,-28.62
955.4248,-28.38
955.4258,-28.14
955.4268,-28.13
955.4277,-28.12
955.4287,-28.10
955.4297,-28.07
955.4307,-28.06
955.4316,-28.05
955.4326,-28.00
955.4336,-27.96
955.4346,-28.30
955.4355,-28.65
955.4365,-29.15
955.4375,-29.65
955.4385,-29.40
955.4395,-29.14
955.4404,-29.09
955.4414,-29.03
955.4424,-28.79
955.4434,-28.55
955.4443,-28.95
955.4453,-29.36
955.4463,-29.45
955.4473,-29.54
955.4482,-29.85
955.4492,-30.16
955.4502,-29.78
955.4512,-29.39
955.4521,-29.35
955.4531,-29.31
955.4541,-29.59
955.4551,-29.88
955.4561,-29.90
955.4570,-29.93
955.4580,-30.00
955.4590,-30.07
955.4600,-29.28
955.4609,-28.50
955.4619,-27.94
955.4629,-27.39
955.4639,-27.90
955.4648,-28.41
955.4658,-28.51
955.4668,-28.61
955.4678,-28.49
955.4688,-28.38
955.4697,-27.18
955.4707,-25.98
955.4717,-24.71
955.4727,-23.44
955.4736,-25.10
955.4746,-26.76
955.4756,-28.05
955.4766,-29.34
955.4775,-28.95
955.4785,-28.55
955.4795,-27.78
955.4805,-27.00
955.4814,-27.19
955.4824,-27.38
955.4834,-27.97
955.4844,-28.55
955.4854,-29.73
955.4863,-30.91
955.4873,-30.88
955.4883,-30.86
955.4893,-29.08
955.4902,-27.29
955.4912,-26.52
955.4922,-25.75
955.4932,-27.64
955.4941,-29.54
955.4951,-30.60
955.4961,-31.67
955.4971,-32.05
955.4980,-32.44
955.4990,-34.49
955.5000,-36.54
955.5010,-34.79
955.5020,-33.03
955.5029,-33.66
955.5039,-34.29
955.5049,-34.67
955.5059,-35.06
955.5068,-35.53
955.5078,-35.99
955.5088,-35.97
955.5098,-35.95
955.5107,-36.09
955.5117,-36.23
955.5127,-36.89
955.5137,-37.54
955.5146,-37.89
955.5156,-38.24
955.5166,-37.94
955.5176,-37.63
955.5186,-37.73
955.5195,-37.82
955.5205,-37.81
955.5215,-37.79
955.5225,-38.18
955.5234,-38.56
955.5244,-38.73
955.5254,-38.90
955.5264,-39.24
955.5273,-39.57
955.5283,-39.26
955.5293,-38.95
955.5303,-39.28
955.5312,-39.61
955.5322,-39.85
955.5332,-40.09
955.5342,-40.27
955.5352,-40.46
955.5361,-40.74
955.5371,-41.02
955.5381,-41.35
955.5391,-41.68
955.5400,-42.27
955.5410,-42.85
955.5420,-43.05
955.5430,-43.25
955.5439,-43.33
955.5449,-43.41
955.5459,-43.58
955.5469,-43.74
955.5479,-44.02
955.5488,-44.30
955.5498,-44.45
955.5508,-44.61
955.5518,-44.98
955.5527,-45.36
955.5537,-45.56
955.5547,-45.76
955.5557,-45.90
955.5566,-46.03
955.5576,-46.28
955.5586,-46.54
955.5596,-47.06
955.5605,-47.58
955.5615,-47.67
955.5625,-47.76
955.5635,-47.63
955.5645,-47.50
955.5654,-46.96
955.5664,-46.42
955.5674,-46.73
955.5684,-47.03
955.5693,-47.56
955.5703,-48.08
955.5713,-48.47
955.5723,-48.86
955.5732,-49.17
955.5742,-49.48
955.5752,-49.79
955.5762,-50.10
955.5771,-49.96
955.5781,-49.81
955.5791,-49.86
955.5801,-49.91
955.5811,-49.82
955.5820,-49.73
955.5830,-49.67
955.5840,-49.60
955.5850,-49.56
955.5859,-49.53
955.5869,-49.76
955.5879,-49.99
955.5889,-49.56
955.5898,-49.12
955.5908,-48.76
955.5918,-48.39
955.5928,-48.66
955.5938,-48.94
955.5947,-48.88
955.5957,-48.82
955.5967,-48.52
955.5977,-48.22
955.5986,-48.18
955.5996,-48.13
955.6006,-49.05
955.6016,-49.96
955.6025,-50.41
955.6035,-50.87
955.6045,-50.84
955.6055,-50.82
955.6064,-50.61
955.6074,-50.40
955.6084,-50.55
955.6094,-50.71
955.6104,-50.84
955.6113,-50.97
955.6123,-51.01
955.6133,-51.04
955.6143,-50.70
955.6152,-50.36
955.6162,-50.93
955.6172,-51.51
955.6182,-51.95
955.6191,-52.40
955.6201,-52.35
955.6211,-52.31
955.6221,-51.75
955.6230,-51.18
955.6240,-51.83
955.6250,-52.48
955.6260,-52.78
955.6270,-53.08
955.6279,-53.04
955.6289,-53.01
955.6299,-52.60
955.6309,-52.19
955.6318,-51.90
955.6328,-51.62
955.6338,-51.56
955.6348,-51.51
955.6357,-52.16
955.6367,-52.81
955.6377,-51.97
955.6387,-51.13
955.6396,-51.83
955.6406,-52.54
955.6416,-53.10
955.6426,-53.67
955.6436,-53.35
955.6445,-53.03
955.6455,-51.93
955.6465,-50.82
955.6475,-51.08
955.6484,-51.34
955.6494,-51.98
955.6504,-52.63
955.6514,-52.33
955.6523,-52.03
955.6533,-51.89
955.6543,-51.76
955.6553,-52.01
955.6562,-52.26
955.6572,-52.68
955.6582,-53.10
955.6592,-52.87
955.6602,-52.64
955.6611,-51.98
955.6621,-51.32
955.6631,-51.32
955.6641,-51.31
955.6650,-51.22
955.6660,-51.13
955.6670,-51.15
955.6680,-51.16
955.6689,-50.31
955.6699,-49.45
955.6709,-49.29
955.6719,-49.13
955.6729,-49.85
955.6738,-50.58
955.6748,-51.43
955.6758,-52.27
955.6768,-52.00
955.6777,-51.74
955.6787,-50.90
955.6797,-50.06
955.6807,-49.05
955.6816,-48.05
955.6826,-49.30
955.6836,-50.54
955.6846,-51.39
955.6855,-52.23
955.6865,-51.74
955.6875,-51.25
955.6885,-51.42
955.6895,-51.59
955.6904,-51.24
955.6914,-50.89
955.6924,-50.94
955.6934,-50.99
955.6943,-51.22
955.6953,-51.46
955.6963,-52.22
955.6973,-52.99
955.6982,-53.45
955.6992,-53.91
955.7002,-53.62
955.7012,-53.33
955.7021,-52.92
955.7031,-52.52
955.7041,-53.32
955.7051,-54.12
955.7061,-54.46
955.7070,-54.81
955.7080,-54.63
955.7090,-54.44
955.7100,-54.03
955.7109,-53.62
955.7119,-54.20
955.7129,-54.77
955.7139,-55.27
955.7148,-55.77
955.7158,-55.66
955.7168,-55.56
955.7178,-55.05
955.7188,-54.55
955.7197,-54.80
955.7207,-55.04
955.7217,-55.36
955.7227,-55.67
955.7236,-55.48
955.7246,-55.29
955.7256,-53.99
955.7266,-52.70
955.7275,-52.48
955.7285,-52.25
955.7295,-52.80
955.7305,-53.35
955.7314,-54.56
955.7324,-55.77
955.7334,-54.56
955.7344,-53.36
955.7354,-53.33
955.7363,-53.30
955.7373,-54.04
955.7383,-54.79
955.7393,-55.12
955.7402,-55.46
955.7412,-55.26
955.7422,-55.06
955.7432,-55.06
955.7441,-55.05
955.7451,-55.27
955.7461,-55.48
955.7471,-55.44
955.7480,-55.40
955.7490,-55.08
955.7500,-54.76
955.7510,-54.58
955.7520,-54.41
955.7529,-54.48
955.7539,-54.54
955.7549,-54.05
955.7559,-53.56
955.7568,-53.40
955.7578,-53.23
955.7588,-53.47
955.7598,-53.71
955.7607,-54.72
955.7617,-55.73
955.7627,-55.72
955.7637,-55.71
955.7646,-55.32
955.7656,-54.93
955.7666,-54.63
955.7676,-54.33
955.7686,-54.80
955.7695,-55.27
955.7705,-55.54
955.7715,-55.80
955.7725,-55.43
955.7734,-55.06
955.7744,-53.93
955.7754,-52.80
955.7764,-52.81
955.7773,-52.81
955.7783,-53.85
955.7793,-54.88
955.7803,-55.00
955.7812,-55.12
955.7822,-54.64
955.7832,-54.15
955.7842,-54.83
955.7852,-55.51
955.7861,-55.82
955.7871,-56.12
955.7881,-56.01
955.7891,-55.90
955.7900,-55.23
955.7910,-54.56
955.7920,-54.90
955.7930,-55.24
955.7939,-55.42
955.7949,-55.61
955.7959,-55.38
955.7969,-55.16
955.7979,-54.98
955.7988,-54.81
955.7998,-55.07
955.8008,-55.34
955.8018,-55.63
955.8027,-55.92
955.8037,-55.81
955.8047,-55.71
955.8057,-55.19
955.8066,-54.67
955.8076,-55.12
955.8086,-55.57
955.8096,-55.93
955.8105,-56.29
955.8115,-56.09
955.8125,-55.90
955.8135,-55.13
955.8145,-54.37
955.8154,-54.66
955.8164,-54.95
955.8174,-55.57
955.8184,-56.18
955.8193,-56.35
955.8203,-56.51
955.8213,-55.68
955.8223,-54.85
955.8232,-53.59
955.8242,-52.32
955.8252,-53.33
955.8262,-54.34
955.8271,-55.08
955.8281,-55.83
955.8291,-55.51
955.8301,-55.19
955.8311,-55.25
955.8320,-55.32
955.8330,-55.72
955.8340,-56.13
955.8350,-56.25
955.8359,-56.38
955.8369,-55.92
955.8379,-55.47
955.8389,-55.14
955.8398,-54.81
955.8408,-55.23
955.8418,-55.66
955.8428,-55.57
955.8438,-55.48
955.8447,-55.35
955.8457,-55.23
955.8467,-55.08
955.8477,-54.94
955.8486,-55.49
955.8496,-56.03
955.8506,-56.10
955.8516,-56.17
955.8525,-55.83
955.8535,-55.49
955.8545,-55.51
955.8555,-55.53
955.8564,-55.98
955.8574,-56.43
955.8584,-56.50
955.8594,-56.57
955.8604,-56.06
955.8613,-55.54
955.8623,-55.00
955.8633,-54.45
955.8643,-55.28
955.8652,-56.10
955.8662,-56.33
955.8672,-56.55
955.8682,-56.05
955.8691,-55.54
955.8701,-53.94
955.8711,-52.33
955.8721,-52.19
955.8730,-52.06
955.8740,-53.88
955.8750,-55.70
955.8760,-55.98
955.8770,-56.26
955.8779,-55.83
955.8789,-55.41
955.8799,-55.40
955.8809,-55.40
955.8818,-55.56
955.8828,-55.71
955.8838,-55.76
955.8848,-55.81
955.8857,-55.29
955.8867,-54.78
955.8877,-54.91
955.8887,-55.03
955.8896,-54.96
955.8906,-54.89
955.8916,-54.98
955.8926,-55.07
955.8936,-55.09
955.8945,-55.11
955.8955,-55.47
955.8965,-55.82
955.8975,-56.22
955.8984,-56.62
955.8994,-56.38
955.9004,-56.14
955.9014,-55.88
955.9023,-55.62
955.9033,-55.89
955.9043,-56.17
955.9053,-56.49
955.9062,-56.81
955.9072,-56.79
955.9082,-56.76
955.9092,-56.17
955.9102,-55.57
955.9111,-55.66
955.9121,-55.76
955.9131,-56.26
955.9141,-56.76
955.9150,-56.56
955.9160,-56.36
955.9170,-55.22
955.9180,-54.07
955.9189,-53.21
955.9199,-52.36
955.9209,-53.44
955.9219,-54.52
955.9229,-55.33
955.9238,-56.13
955.9248,-55.71
955.9258,-55.29
955.9268,-54.94
955.9277,-54.60
955.9287,-54.79
955.9297,-54.98
955.9307,-54.97
955.9316,-54.97
955.9326,-54.19
955.9336,-53.41
955.9346,-52.45
955.9355,-51.50
955.9365,-51.34
955.9375,-51.18
955.9385,-52.11
955.9395,-53.05
955.9404,-53.61
955.9414,-54.18
955.9424,-53.86
955.9434,-53.53
955.9443,-53.15
955.9453,-52.77
955.9463,-52.58
955.9473,-52.38
955.9482,-53.01
955.9492,-53.65
955.9502,-53.68
955.9512,-53.72
955.9521,-53.21
955.9531,-52.70
955.9541,-51.26
955.9551,-49.82
955.9561,-49.61
955.9570,-49.40
955.9580,-50.28
955.9590,-51.15
955.9600,-52.19
955.9609,-53.23
955.9619,-53.50
955.9629,-53.77
955.9639,-53.42
955.9648,-53.07
955.9658,-52.31
955.9668,-51.56
955.9678,-52.11
955.9688,-52.67
955.9697,-53.39
955.9707,-54.12
955.9717,-54.05
955.9727,-53.98
955.9736,-53.33
955.9746,-52.69
955.9756,-52.90
955.9766,-53.11
955.9775,-53.53
955.9785,-53.95
955.9795,-54.14
955.9805,-54.32
955.9814,-53.94
955.9824,-53.56
955.9834,-53.51
955.9844,-53.46
955.9854,-53.74
955.9863,-54.02
955.9873,-54.25
955.9883,-54.49
955.9893,-53.97
955.9902,-53.44
955.9912,-53.21
955.9922,-52.98
955.9932,-53.07
955.9941,-53.17
955.9951,-53.07
955.9961,-52.98
955.9971,-52.78
955.9980,-52.59
955.9990,-52.76
956.0000,-52.94
956.0010,-53.59
956.0020,-54.25
956.0029,-54.29
956.0039,-54.33
956.0049,-53.58
956.0059,-52.84
956.0068,-52.67
956.0078,-52.49
956.0088,-53.26
956.0098,-54.03
956.0107,-54.12
956.0117,-54.21
956.0127,-53.34
956.0137,-52.46
956.0146,-51.94
956.0156,-51.41
956.0166,-52.56
956.0176,-53.70
956.0186,-53.93
956.0195,-54.16
956.0205,-53.70
956.0215,-53.25
956.0225,-52.53
956.0234,-51.82
956.0244,-52.46
956.0254,-53.10
956.0264,-53.45
956.0273,-53.79
956.0283,-53.34
956.0293,-52.89
956.0303,-52.46
956.0312,-52.02
956.0322,-52.59
956.0332,-53.16
956.0342,-53.42
956.0352,-53.67
956.0361,-53.58
956.0371,-53.48
956.0381,-53.34
956.0391,-53.19
956.0400,-53.68
956.0410,-54.16
956.0420,-54.13
956.0430,-54.09
956.0439,-53.98
956.0449,-53.88
956.0459,-53.12
956.0469,-52.37
956.0479,-52.78
956.0488,-53.20
956.0498,-53.55
956.0508,-53.90
956.0518,-53.56
956.0527,-53.21
956.0537,-52.54
956.0547,-51.87
956.0557,-52.54
956.0566,-53.20
956.0576,-53.72
956.0586,-54.24
956.0596,-53.59
956.0605,-52.93
956.0615,-51.28
956.0625,-49.62
956.0635,-50.33
956.0645,-51.03
956.0654,-52.11
956.0664,-53.18
956.0674,-53.06
956.0684,-52.95
956.0693,-52.34
956.0703,-51.72
956.0713,-51.29
956.0723,-50.85
956.0732,-51.63
956.0742,-52.40
956.0752,-53.19
956.0762,-53.97
956.0771,-53.32
956.0781,-52.66
956.0791,-52.42
956.0801,-52.17
956.0811,-52.49
956.0820,-52.82
956.0830,-53.21
956.0840,-53.60
956.0850,-53.33
956.0859,-53.06
956.0869,-52.91
956.0879,-52.76
956.0889,-53.13
956.0898,-53.51
956.0908,-53.20
956.0918,-52.89
956.0928,-52.68
956.0938,-52.47
956.0947,-52.33
956.0957,-52.19
956.0967,-53.25
956.0977,-54.31
956.0986,-54.39
956.0996,-54.47
956.1006,-54.02
956.1016,-53.56
956.1025,-53.36
956.1035,-53.16
956.1045,-54.10
956.1055,-55.04
956.1064,-54.91
956.1074,-54.79
956.1084,-53.01
956.1094,-51.23
956.1104,-50.37
956.1113,-49.51
956.1123,-51.24
956.1133,-52.97
956.1143,-53.60
956.1152,-54.23
956.1162,-54.21
956.1172,-54.18
956.1182,-53.85
956.1191,-53.53
956.1201,-53.83
956.1211,-54.13
956.1221,-54.14
956.1230,-54.14
956.1240,-53.66
956.1250,-53.18
956.1260,-52.39
956.1270,-51.60
956.1279,-52.04
956.1289,-52.48
956.1299,-52.75
956.1309,-53.02
956.1318,-52.53
956.1328,-52.04
956.1338,-50.66
956.1348,-49.28
956.1357,-48.57
956.1367,-47.86
956.1377,-48.78
956.1387,-49.70
956.1396,-50.39
956.1406,-51.08
956.1416,-50.37
956.1426,-49.66
956.1436,-49.55
956.1445,-49.44
956.1455,-48.97
956.1465,-48.50
956.1475,-49.12
956.1484,-49.75
956.1494,-49.79
956.1504,-49.83
956.1514,-49.73
956.1523,-49.63
956.1533,-48.81
956.1543,-47.99
956.1553,-46.84
956.1562,-45.69
956.1572,-46.29
956.1582,-46.89
956.1592,-47.85
956.1602,-48.80
956.1611,-49.63
956.1621,-50.45
956.1631,-50.17
956.1641,-49.90
956.1650,-49.21
956.1660,-48.52
956.1670,-48.91
956.1680,-49.30
956.1689,-50.13
956.1699,-50.96
956.1709,-51.38
956.1719,-51.79
956.1729,-51.67
956.1738,-51.55
956.1748,-51.58
956.1758,-51.61
956.1768,-51.86
956.1777,-52.12
956.1787,-52.32
956.1797,-52.51
956.1807,-51.99
956.1816,-51.47
956.1826,-51.04
956.1836,-50.61
956.1846,-51.26
956.1855,-51.91
956.1865,-52.22
956.1875,-52.53
956.1885,-52.12
956.1895,-51.70
956.1904,-50.84
956.1914,-49.99
956.1924,-50.19
956.1934,-50.39
956.1943,-50.38
956.1953,-50.36
956.1963,-50.12
956.1973,-49.88
956.1982,-49.08
956.1992,-45.29
956.2002,-45.67
956.2012,-49.36
956.2021,-49.77
956.2031,-45.62
956.2041,-45.64
956.2051,-49.76
956.2061,-49.88
956.2070,-46.55
956.2080,-46.88
956.2090,-51.42
956.2100,-51.57
956.2109,-47.16
956.2119,-47.28
956.2129,-51.45
956.2139,-49.06
956.2148,-49.88
956.2158,-50.66
956.2168,-47.04
956.2178,-49.55
956.2188,-47.54
956.2197,-47.52
956.2207,-51.64
956.2217,-51.04
956.2227,-46.91
956.2236,-48.87
956.2246,-46.40
956.2256,-48.56
956.2266,-46.11
956.2275,-45.78
956.2285,-49.93
956.2295,-47.56
956.2305,-48.95
956.2314,-49.36
956.2324,-45.37
956.2334,-45.47
956.2344,-50.43
956.2354,-48.53
956.2363,-51.53
956.2373,-51.23
956.2383,-46.88
956.2393,-49.05
956.2402,-47.34
956.2412,-49.36
956.2422,-47.03
956.2432,-47.11
956.2441,-50.89
956.2451,-48.72
956.2461,-49.24
956.2471,-49.50
956.2480,-46.92
956.2490,-49.33
956.2500,-47.95
956.2510,-47.49
956.2520,-50.52
956.2529,-48.57
956.2539,-49.97
956.2549,-50.60
956.2559,-47.89
956.2568,-48.29
956.2578,-52.32
956.2588,-52.12
956.2598,-47.63
956.2607,-48.88
956.2617,-46.26
956.2627,-46.13
956.2637,-49.92
956.2646,-48.29
956.2656,-50.72
956.2666,-50.75
956.2676,-47.26
956.2686,-46.73
956.2695,-49.08
956.2705,-46.79
956.2715,-47.19
956.2725,-47.78
956.2734,-45.15
956.2744,-48.21
956.2754,-47.49
956.2764,-49.75
956.2773,-48.39
956.2783,-47.69
956.2793,-50.35
956.2803,-50.10
956.2812,-45.40
956.2822,-48.13
956.2832,-46.42
956.2842,-49.41
956.2852,-49.02
956.2861,-50.13
956.2871,-48.87
956.2881,-50.24
956.2891,-48.58
956.2900,-47.90
956.2910,-50.16
956.2920,-50.36
956.2930,-47.88
956.2939,-49.20
956.2949,-48.55
956.2959,-49.98
956.2969,-49.51
956.2979,-49.41
956.2988,-49.31
956.2998,-48.68
956.3008,-48.06
956.3018,-48.24
956.3027,-48.42
956.3037,-49.40
956.3047,-50.38
956.3057,-50.88
956.3066,-51.37
956.3076,-51.17
956.3086,-50.97
956.3096,-50.87
956.3105,-50.76
956.3115,-51.09
956.3125,-51.43
956.3135,-51.65
956.3145,-51.88
956.3154,-51.86
956.3164,-51.83
956.3174,-51.09
956.3184,-50.34
956.3193,-50.04
956.3203,-49.73
956.3213,-49.81
956.3223,-49.88
956.3232,-49.70
956.3242,-49.52
956.3252,-49.09
956.3262,-48.67
956.3271,-48.44
956.3281,-48.22
956.3291,-48.29
956.3301,-48.36
956.3311,-48.30
956.3320,-48.25
956.3330,-46.26
956.3340,-44.26
956.3350,-42.40
956.3359,-40.53
956.3369,-40.51
956.3379,-40.49
956.3389,-41.97
956.3398,-43.45
956.3408,-45.02
956.3418,-46.59
956.3428,-45.89
956.3438,-45.20
956.3447,-43.93
956.3457,-42.66
956.3467,-42.66
956.3477,-42.67
956.3486,-43.66
956.3496,-44.64
956.3506,-44.87
956.3516,-45.11
956.3525,-43.44
956.3535,-41.78
956.3545,-40.11
956.3555,-38.44
956.3564,-38.85
956.3574,-39.26
956.3584,-41.10
956.3594,-42.94
956.3604,-44.46
956.3613,-45.99
956.3623,-45.76
956.3633,-45.53
956.3643,-45.55
956.3652,-45.57
956.3662,-45.38
956.3672,-45.19
956.3682,-45.08
956.3691,-44.98
956.3701,-45.06
956.3711,-45.13
956.3721,-45.24
956.3730,-45.34
956.3740,-45.56
956.3750,-45.79
956.3760,-45.90
956.3770,-46.02
956.3779,-46.02
956.3789,-46.02
956.3799,-45.91
956.3809,-45.81
956.3818,-45.33
956.3828,-44.85
956.3838,-44.39
956.3848,-43.93
956.3857,-43.94
956.3867,-43.95
956.3877,-43.80
956.3887,-43.65
956.3896,-42.18
956.3906,-40.71
956.3916,-40.62
956.3926,-40.54
956.3936,-40.76
956.3945,-40.99
956.3955,-40.65
956.3965,-40.30
956.3975,-40.81
956.3984,-41.32
956.3994,-41.68
956.4004,-42.03
956.4014,-42.25
956.4023,-42.46
956.4033,-42.38
956.4043,-42.29
956.4053,-41.70
956.4062,-41.10
956.4072,-40.78
956.4082,-40.45
956.4092,-40.43
956.4102,-40.40
956.4111,-40.21
956.4121,-40.03
956.4131,-39.46
956.4141,-38.90
956.4150,-38.48
956.4160,-38.06
956.4170,-38.29
956.4180,-38.53
956.4189,-39.65
956.4199,-40.77
956.4209,-41.15
956.4219,-41.54
956.4229,-40.94
956.4238,-40.35
956.4248,-40.08
956.4258,-39.80
956.4268,-39.28
956.4277,-38.75
956.4287,-37.76
956.4297,-36.77
956.4307,-36.77
956.4316,-36.76
956.4326,-37.60
956.4336,-38.43
956.4346,-39.27
956.4355,-40.12
956.4365,-40.12
956.4375,-40.13
956.4385,-40.31
956.4395,-40.50
956.4404,-40.60
956.4414,-40.69
956.4424,-39.86
956.4434,-39.03
956.4443,-39.02
956.4453,-39.01
956.4463,-39.35
956.4473,-39.70
956.4482,-40.14
956.4492,-40.58
956.4502,-40.22
956.4512,-39.86
956.4521,-39.77
956.4531,-39.69
956.4541,-40.44
956.4551,-41.19
956.4561,-41.70
956.4570,-42.21
956.4580,-42.00
956.4590,-41.78
956.4600,-41.27
956.4609,-40.76
956.4619,-39.67
956.4629,-38.57
956.4639,-38.15
956.4648,-37.74
956.4658,-37.06
956.4668,-36.38
956.4678,-36.43
956.4688,-36.48
956.4697,-35.88
956.4707,-35.28
956.4717,-34.83
956.4727,-34.39
956.4736,-35.62
956.4746,-36.84
956.4756,-38.74
956.4766,-40.64
956.4775,-40.55
956.4785,-40.46
956.4795,-39.18
956.4805,-37.90
956.4814,-37.72
956.4824,-37.53
956.4834,-38.28
956.4844,-39.03
956.4854,-40.78
956.4863,-42.53
956.4873,-41.50
956.4883,-40.47
956.4893,-38.96
956.4902,-37.46
956.4912,-37.27
956.4922,-37.09
956.4932,-38.22
956.4941,-39.36
956.4951,-40.29
956.4961,-41.22
956.4971,-41.60
956.4980,-41.98
956.4990,-43.39
956.5000,-44.81
956.5010,-45.55
956.5020,-46.28
956.5029,-47.46
956.5039,-48.64
956.5049,-49.24
956.5059,-49.83
956.5068,-50.26
956.5078,-50.69
956.5088,-50.30
956.5098,-49.91
956.5107,-49.68
956.5117,-49.45
956.5127,-50.37
956.5137,-51.30
956.5146,-51.55
956.5156,-51.79
956.5166,-51.78
956.5176,-51.76
956.5186,-51.58
956.5195,-51.41
956.5205,-51.80
956.5215,-52.19
956.5225,-52.50
956.5234,-52.82
956.5244,-52.72
956.5254,-52.63
956.5264,-52.37
956.5273,-52.12
956.5283,-52.09
956.5293,-52.05
956.5303,-51.83
956.5312,-51.61
956.5322,-51.00
956.5332,-50.39
956.5342,-49.85
956.5352,-49.32
956.5361,-49.05
956.5371,-48.79
956.5381,-48.83
956.5391,-48.87
956.5400,-50.40
956.5410,-51.92
956.5420,-52.37
956.5430,-52.83
956.5439,-51.86
956.5449,-50.89
956.5459,-50.04
956.5469,-49.19
956.5479,-50.19
956.5488,-51.18
956.5498,-51.36
956.5508,-51.55
956.5518,-50.76
956.5527,-49.98
956.5537,-48.98
956.5547,-47.98
956.5557,-47.50
956.5566,-47.02
956.5576,-47.54
956.5586,-48.06
956.5596,-49.23
956.5605,-50.40
956.5615,-50.74
956.5625,-51.08
956.5635,-51.01
956.5645,-50.94
956.5654,-50.99
956.5664,-51.04
956.5674,-51.29
956.5684,-51.53
956.5693,-51.77
956.5703,-52.01
956.5713,-52.03
956.5723,-52.06
956.5732,-52.33
956.5742,-52.60
956.5752,-52.52
956.5762,-52.43
956.5771,-52.21
956.5781,-51.98
956.5791,-52.02
956.5801,-52.07
956.5811,-51.83
956.5820,-51.59
956.5830,-51.33
956.5840,-51.08
956.5850,-50.51
956.5859,-49.94
956.5869,-50.25
956.5879,-50.56
956.5889,-50.99
956.5898,-51.41
956.5908,-51.05
956.5918,-50.69
956.5928,-50.72
956.5938,-50.75
956.5947,-50.56
956.5957,-50.37
956.5967,-50.68
956.5977,-50.99
956.5986,-51.59
956.5996,-52.19
956.6006,-52.39
956.6016,-52.60
956.6025,-52.76
956.6035,-52.91
956.6045,-52.78
956.6055,-52.64
956.6064,-52.24
956.6074,-51.85
956.6084,-51.77
956.6094,-51.70
956.6104,-51.69
956.6113,-51.68
956.6123,-51.82
956.6133,-51.95
956.6143,-51.80
956.6152,-51.65
956.6162,-51.92
956.6172,-52.19
956.6182,-52.61
956.6191,-53.03
956.6201,-53.00
956.6211,-52.98
956.6221,-52.38
956.6230,-51.77
956.6240,-51.67
956.6250,-51.57
956.6260,-51.71
956.6270,-51.86
956.6279,-52.09
956.6289,-52.32
956.6299,-52.46
956.6309,-52.60
956.6318,-51.54
956.6328,-50.48
956.6338,-50.17
956.6348,-49.86
956.6357,-50.94
956.6367,-52.02
956.6377,-52.24
956.6387,-52.46
956.6396,-52.47
956.6406,-52.49
956.6416,-52.52
956.6426,-52.55
956.6436,-52.38
956.6445,-52.21
956.6455,-52.09
956.6465,-51.98
956.6475,-51.60
956.6484,-51.23
956.6494,-51.16
956.6504,-51.09
956.6514,-50.49
956.6523,-49.89
956.6533,-50.43
956.6543,-50.98
956.6553,-51.32
956.6562,-51.65
956.6572,-51.92
956.6582,-52.18
956.6592,-52.05
956.6602,-51.93
956.6611,-51.25
956.6621,-50.58
956.6631,-50.72
956.6641,-50.86
956.6650,-50.97
956.6660,-51.08
956.6670,-50.83
956.6680,-50.58
956.6689,-49.89
956.6699,-49.21
956.6709,-48.84
956.6719,-48.47
956.6729,-48.52
956.6738,-48.57
956.6748,-49.29
956.6758,-50.01
956.6768,-50.52
956.6777,-51.04
956.6787,-50.39
956.6797,-49.73
956.6807,-48.37
956.6816,-47.00
956.6826,-48.18
956.6836,-49.36
956.6846,-50.48
956.6855,-51.60
956.6865,-51.57
956.6875,-51.54
956.6885,-51.02
956.6895,-50.50
956.6904,-50.40
956.6914,-50.31
956.6924,-50.57
956.6934,-50.83
956.6943,-51.04
956.6953,-51.24
956.6963,-51.63
956.6973,-52.01
956.6982,-52.08
956.6992,-52.15
956.7002,-52.06
956.7012,-51.96
956.7021,-52.13
956.7031,-52.29
956.7041,-52.93
956.7051,-53.58
956.7061,-53.76
956.7070,-53.94
956.7080,-53.69
956.7090,-53.44
956.7100,-52.87
956.7109,-52.29
956.7119,-52.56
956.7129,-52.82
956.7139,-52.87
956.7148,-52.91
956.7158,-52.88
956.7168,-52.86
956.7178,-52.55
956.7188,-52.24
956.7197,-52.23
956.7207,-52.21
956.7217,-52.51
956.7227,-52.81
956.7236,-52.63
956.7246,-52.45
956.7256,-51.28
956.7266,-50.12
956.7275,-49.38
956.7285,-48.64
956.7295,-48.73
956.7305,-48.81
956.7314,-48.94
956.7324,-49.07
956.7334,-47.39
956.7344,-45.71
956.7354,-44.21
956.7363,-42.72
956.7373,-43.01
956.7383,-43.29
956.7393,-44.41
956.7402,-45.52
956.7412,-46.14
956.7422,-46.75
956.7432,-46.00
956.7441,-45.25
956.7451,-43.90
956.7461,-42.54
956.7471,-43.18
956.7480,-43.81
956.7490,-44.61
956.7500,-45.40
956.7510,-45.01
956.7520,-44.61
956.7529,-43.04
956.7539,-41.48
956.7549,-40.34
956.7559,-39.21
956.7568,-39.84
956.7578,-40.48
956.7588,-41.80
956.7598,-43.12
956.7607,-43.96
956.7617,-44.80
956.7627,-44.43
956.7637,-44.05
956.7646,-43.48
956.7656,-42.91
956.7666,-43.80
956.7676,-44.69
956.7686,-45.15
956.7695,-45.61
956.7705,-45.27
956.7715,-44.93
956.7725,-44.71
956.7734,-44.49
956.7744,-44.53
956.7754,-44.58
956.7764,-44.45
956.7773,-44.31
956.7783,-44.62
956.7793,-44.93
956.7803,-44.91
956.7812,-44.89
956.7822,-44.75
956.7832,-44.61
956.7842,-44.62
956.7852,-44.63
956.7861,-45.24
956.7871,-45.85
956.7881,-45.33
956.7891,-44.81
956.7900,-43.93
956.7910,-43.04
956.7920,-42.88
956.7930,-42.73
956.7939,-42.78
956.7949,-42.83
956.7959,-42.76
956.7969,-42.70
956.7979,-43.33
956.7988,-43.96
956.7998,-44.17
956.8008,-44.39
956.8018,-44.88
956.8027,-45.38
956.8037,-45.45
956.8047,-45.51
956.8057,-45.35
956.8066,-45.18
956.8076,-45.21
956.8086,-45.23
956.8096,-45.02
956.8105,-44.80
956.8115,-44.73
956.8125,-44.65
956.8135,-44.28
956.8145,-43.90
956.8154,-44.13
956.8164,-44.37
956.8174,-44.67
956.8184,-44.97
956.8193,-45.43
956.8203,-45.88
956.8213,-45.99
956.8223,-46.10
956.8232,-45.33
956.8242,-44.56
956.8252,-44.67
956.8262,-44.77
956.8271,-44.58
956.8281,-44.39
956.8291,-43.82
956.8301,-43.25
956.8311,-43.07
956.8320,-42.90
956.8330,-43.09
956.8340,-43.28
956.8350,-43.20
956.8359,-43.11
956.8369,-43.26
956.8379,-43.42
956.8389,-44.00
956.8398,-44.59
956.8408,-45.12
956.8418,-45.64
956.8428,-45.25
956.8438,-44.85
956.8447,-45.11
956.8457,-45.36
956.8467,-44.95
956.8477,-44.55
956.8486,-44.64
956.8496,-44.74
956.8506,-44.32
956.8516,-43.89
956.8525,-44.03
956.8535,-44.17
956.8545,-44.62
956.8555,-45.06
956.8564,-44.73
956.8574,-44.41
956.8584,-44.24
956.8594,-44.07
956.8604,-42.84
956.8613,-41.61
956.8623,-41.04
956.8633,-40.46
956.8643,-41.21
956.8652,-41.95
956.8662,-42.26
956.8672,-42.56
956.8682,-41.77
956.8691,-40.98
956.8701,-39.63
956.8711,-38.28
956.8721,-38.18
956.8730,-38.08
956.8740,-39.99
956.8750,-41.89
956.8760,-43.33
956.8770,-44.77
956.8779,-44.03
956.8789,-43.29
956.8799,-41.65
956.8809,-40.00
956.8818,-39.94
956.8828,-39.87
956.8838,-42.05
956.8848,-44.22
956.8857,-45.08
956.8867,-45.95
956.8877,-44.87
956.8887,-43.79
956.8896,-42.07
956.8906,-40.36
956.8916,-40.37
956.8926,-40.39
956.8936,-41.81
956.8945,-43.24
956.8955,-44.50
956.8965,-45.76
956.8975,-45.80
956.8984,-45.85
956.8994,-45.17
956.9004,-44.48
956.9014,-44.93
956.9023,-45.38
956.9033,-46.84
956.9043,-48.30
956.9053,-48.86
956.9062,-49.41
956.9072,-49.63
956.9082,-49.85
956.9092,-49.71
956.9102,-49.57
956.9111,-49.42
956.9121,-49.27
956.9131,-50.07
956.9141,-50.87
956.9150,-50.92
956.9160,-50.96
956.9170,-50.13
956.9180,-49.31
956.9189,-48.64
956.9199,-47.97
956.9209,-49.48
956.9219,-50.99
956.9229,-51.65
956.9238,-52.30
956.9248,-51.02
956.9258,-49.74
956.9268,-49.29
956.9277,-48.85
956.9287,-50.30
956.9297,-51.75
956.9307,-52.19
956.9316,-52.63
956.9326,-52.47
956.9336,-52.31
956.9346,-52.03
956.9355,-51.75
956.9365,-51.68
956.9375,-51.61
956.9385,-52.41
956.9395,-53.21
956.9404,-53.48
956.9414,-53.76
956.9424,-53.16
956.9434,-52.56
956.9443,-52.56
956.9453,-52.55
956.9463,-52.44
956.9473,-52.33
956.9482,-52.22
956.9492,-52.11
956.9502,-51.71
956.9512,-51.32
956.9521,-51.27
956.9531,-51.22
956.9541,-50.44
956.9551,-49.66
956.9561,-49.30
956.9570,-48.93
956.9580,-49.07
956.9590,-49.21
956.9600,-49.91
956.9609,-50.61
956.9619,-50.77
956.9629,-50.92
956.9639,-50.67
956.9648,-50.41
956.9658,-48.77
956.9668,-47.13
956.9678,-48.27
956.9688,-49.41
956.9697,-51.16
956.9707,-52.91
956.9717,-53.02
956.9727,-53.13
956.9736,-51.85
956.9746,-50.56
956.9756,-51.31
956.9766,-52.05
956.9775,-53.36
956.9785,-54.67
956.9795,-54.25
956.9805,-53.83
956.9814,-53.23
956.9824,-52.63
956.9834,-53.00
956.9844,-53.37
956.9854,-53.93
956.9863,-54.49
956.9873,-54.42
956.9883,-54.35
956.9893,-53.67
956.9902,-52.99
956.9912,-52.76
956.9922,-52.53
956.9932,-52.65
956.9941,-52.76
956.9951,-52.37
956.9961,-51.98
956.9971,-51.74
956.9980,-51.49
956.9990,-53.74
957.0000,-55.99
957.0010,-54.28
957.0020,-52.56
957.0029,-52.71
957.0039,-52.86
957.0049,-52.15
957.0059,-51.44
957.0068,-51.14
957.0078,-50.84
957.0088,-52.23
957.0098,-53.62
957.0107,-53.90
957.0117,-54.19
957.0127,-51.94
957.0137,-49.69
957.0146,-48.72
957.0156,-47.75
957.0166,-50.15
957.0176,-52.54
957.0186,-53.38
957.0195,-54.21
957.0205,-53.90
957.0215,-53.59
957.0225,-52.97
957.0234,-52.34
957.0244,-53.14
957.0254,-53.93
957.0264,-54.05
957.0273,-54.17
957.0283,-53.21
957.0293,-52.25
957.0303,-51.51
957.0312,-50.78
957.0322,-51.69
957.0332,-52.60
957.0342,-53.17
957.0352,-53.73
957.0361,-53.79
957.0371,-53.86
957.0381,-53.52
957.0391,-53.18
957.0400,-53.37
957.0410,-53.56
957.0420,-53.28
957.0430,-53.01
957.0439,-52.52
957.0449,-52.04
957.0459,-51.23
957.0469,-50.43
957.0479,-50.76
957.0488,-51.09
957.0498,-51.11
957.0508,-51.14
957.0518,-50.75
957.0527,-50.36
957.0537,-49.40
957.0547,-48.44
957.0557,-49.32
957.0566,-50.20
957.0576,-51.20
957.0586,-52.19
957.0596,-51.76
957.0605,-51.32
957.0615,-49.49
957.0625,-47.66
957.0635,-48.33
957.0645,-48.99
957.0654,-50.08
957.0664,-51.18
957.0674,-51.34
957.0684,-51.49
957.0693,-50.99
957.0703,-50.48
957.0713,-49.94
957.0723,-49.40
957.0732,-50.15
957.0742,-50.91
957.0752,-51.66
957.0762,-52.42
957.0771,-51.77
957.0781,-51.11
957.0791,-50.67
957.0801,-50.23
957.0811,-50.63
957.0820,-51.04
957.0830,-51.41
957.0840,-51.77
957.0850,-51.79
957.0859,-51.81
957.0869,-51.79
957.0879,-51.78
957.0889,-52.05
957.0898,-52.31
957.0908,-51.75
957.0918,-51.20
957.0928,-51.32
957.0938,-51.44
957.0947,-51.56
957.0957,-51.68
957.0967,-52.52
957.0977,-53.36
957.0986,-53.81
957.0996,-54.26
957.1006,-53.32
957.1016,-52.39
957.1025,-51.69
957.1035,-50.98
957.1045,-53.06
957.1055,-55.15
957.1064,-55.29
957.1074,-55.43
957.1084,-52.86
957.1094,-50.29
957.1104,-49.46
957.1113,-48.62
957.1123,-50.65
957.1133,-52.69
957.1143,-53.97
957.1152,-55.25
957.1162,-55.29
957.1172,-55.34
957.1182,-55.13
957.1191,-54.93
957.1201,-55.42
957.1211,-55.91
957.1221,-55.73
957.1230,-55.54
957.1240,-55.29
957.1250,-55.04
957.1260,-54.28
957.1270,-53.51
957.1279,-53.79
957.1289,-54.06
957.1299,-54.33
957.1309,-54.60
957.1318,-53.44
957.1328,-52.29
957.1338,-51.32
957.1348,-50.35
957.1357,-50.98
957.1367,-51.62
957.1377,-51.91
957.1387,-52.21
957.1396,-52.21
957.1406,-52.22
957.1416,-50.89
957.1426,-49.57
957.1436,-49.18
957.1445,-48.78
957.1455,-49.34
957.1465,-49.89
957.1475,-49.33
957.1484,-48.76
957.1494,-48.98
957.1504,-49.20
957.1514,-49.69
957.1523,-50.18
957.1533,-50.40
957.1543,-50.63
957.1553,-50.16
957.1562,-49.69
957.1572,-48.67
957.1582,-47.65
957.1592,-48.18
957.1602,-48.71
957.1611,-50.23
957.1621,-51.75
957.1631,-51.73
957.1641,-51.71
957.1650,-51.13
957.1660,-50.54
957.1670,-50.52
957.1680,-50.50
957.1689,-50.91
957.1699,-51.32
957.1709,-51.91
957.1719,-52.50
957.1729,-52.43
957.1738,-52.36
957.1748,-51.74
957.1758,-51.12
957.1768,-51.25
957.1777,-51.39
957.1787,-50.23
957.1797,-49.06
957.1807,-47.98
957.1816,-46.89
957.1826,-47.67
957.1836,-48.45
957.1846,-50.35
957.1855,-52.26
957.1865,-53.02
957.1875,-53.78
957.1885,-52.86
957.1895,-51.94
957.1904,-51.21
957.1914,-50.49
957.1924,-50.82
957.1934,-51.16
957.1943,-50.77
957.1953,-50.38
957.1963,-50.00
957.1973,-49.62
957.1982,-49.08
957.1992,-48.53
957.2002,-49.18
957.2012,-49.82
957.2021,-50.66
957.2031,-51.50
957.2041,-50.23
957.2051,-48.97
957.2061,-48.12
957.2070,-47.27
957.2080,-48.02
957.2090,-48.77
957.2100,-50.62
957.2109,-52.48
957.2119,-52.30
957.2129,-52.11
957.2139,-51.49
957.2148,-50.86
957.2158,-49.52
957.2168,-48.18
957.2178,-47.72
957.2188,-47.26
957.2197,-48.53
957.2207,-49.80
957.2217,-49.99
957.2227,-50.18
957.2236,-50.43
957.2246,-50.69
957.2256,-50.73
957.2266,-50.77
957.2275,-51.19
957.2285,-51.62
957.2295,-50.90
957.2305,-50.17
957.2314,-50.89
957.2324,-51.60
957.2334,-51.81
957.2344,-52.03
957.2354,-52.40
957.2363,-52.78
957.2373,-52.21
957.2383,-51.65
957.2393,-50.04
957.2402,-48.42
957.2412,-48.69
957.2422,-48.95
957.2432,-49.15
957.2441,-49.34
957.2451,-47.73
957.2461,-46.11
957.2471,-46.30
957.2480,-46.49
957.2490,-47.65
957.2500,-48.81
957.2510,-48.39
957.2520,-47.97
957.2529,-48.04
957.2539,-48.11
957.2549,-49.12
957.2559,-50.13
957.2568,-49.71
957.2578,-49.28
957.2588,-49.06
957.2598,-48.84
957.2607,-48.89
957.2617,-48.94
957.2627,-48.71
957.2637,-48.48
957.2646,-48.14
957.2656,-47.81
957.2666,-48.09
957.2676,-48.36
957.2686,-48.09
957.2695,-47.82
957.2705,-47.08
957.2715,-46.34
957.2725,-46.12
957.2734,-45.91
957.2744,-45.72
957.2754,-45.53
957.2764,-46.82
957.2773,-48.11
957.2783,-48.44
957.2793,-48.77
957.2803,-48.54
957.2812,-48.31
957.2822,-47.54
957.2832,-46.78
957.2842,-45.22
957.2852,-43.67
957.2861,-44.48
957.2871,-45.30
957.2881,-47.08
957.2891,-48.87
957.2900,-47.71
957.2910,-46.55
957.2920,-45.39
957.2930,-44.23
957.2939,-44.67
957.2949,-45.11
957.2959,-45.09
957.2969,-45.08
957.2979,-44.83
957.2988,-44.58
957.2998,-44.83
957.3008,-45.09
957.3018,-45.28
957.3027,-45.48
957.3037,-45.87
957.3047,-46.26
957.3057,-46.70
957.3066,-47.13
957.3076,-44.63
957.3086,-42.13
957.3096,-40.22
957.3105,-38.30
957.3115,-38.34
957.3125,-38.37
957.3135,-40.46
957.3145,-42.55
957.3154,-42.78
957.3164,-43.02
957.3174,-44.24
957.3184,-45.46
957.3193,-45.89
957.3203,-46.32
957.3213,-44.22
957.3223,-42.12
957.3232,-41.45
957.3242,-40.79
957.3252,-41.28
957.3262,-41.77
957.3271,-40.65
957.3281,-39.53
957.3291,-40.00
957.3301,-40.46
957.3311,-38.75
957.3320,-37.04
957.3330,-36.53
957.3340,-36.03
957.3350,-36.70
957.3359,-37.37
957.3369,-37.42
957.3379,-37.46
957.3389,-37.27
957.3398,-37.09
957.3408,-37.76
957.3418,-38.43
957.3428,-36.47
957.3438,-34.51
957.3447,-34.63
957.3457,-34.76
957.3467,-34.49
957.3477,-34.22
957.3486,-34.44
957.3496,-34.66
957.3506,-36.33
957.3516,-38.00
957.3525,-37.15
957.3535,-36.30
957.3545,-36.58
957.3555,-36.86
957.3564,-36.67
957.3574,-36.47
957.3584,-35.73
957.3594,-34.99
957.3604,-35.73
957.3613,-36.47
957.3623,-37.79
957.3633,-39.10
957.3643,-38.64
957.3652,-38.17
957.3662,-39.31
957.3672,-40.44
957.3682,-39.71
957.3691,-38.99
957.3701,-39.89
957.3711,-40.80
957.3721,-42.82
957.3730,-44.83
957.3740,-43.83
957.3750,-42.82
957.3760,-41.65
957.3770,-40.48
957.3779,-39.70
957.3789,-38.92
957.3799,-36.74
957.3809,-34.55
957.3818,-34.77
957.3828,-35.00
957.3838,-36.72
957.3848,-38.43
957.3857,-40.47
957.3867,-42.51
957.3877,-41.87
957.3887,-41.24
957.3896,-40.79
957.3906,-40.35
957.3916,-39.84
957.3926,-39.34
957.3936,-38.43
957.3945,-37.52
957.3955,-37.21
957.3965,-36.90
957.3975,-36.77
957.3984,-36.64
957.3994,-36.03
957.4004,-35.41
957.4014,-36.59
957.4023,-37.78
957.4033,-38.04
957.4043,-38.29
957.4053,-35.82
957.4062,-33.34
957.4072,-32.66
957.4082,-31.98
957.4092,-34.09
957.4102,-36.19
957.4111,-36.85
957.4121,-37.51
957.4131,-37.66
957.4141,-37.81
957.4150,-35.77
957.4160,-33.72
957.4170,-31.61
957.4180,-29.50
957.4189,-30.33
957.4199,-31.17
957.4209,-32.52
957.4219,-33.86
957.4229,-34.19
957.4238,-34.53
957.4248,-33.34
957.4258,-32.15
957.4268,-32.68
957.4277,-33.21
957.4287,-33.64
957.4297,-34.07
957.4307,-33.86
957.4316,-33.66
957.4326,-34.02
957.4336,-34.38
957.4346,-33.34
957.4355,-32.30
957.4365,-33.21
957.4375,-34.12
957.4385,-32.03
957.4395,-29.95
957.4404,-29.78
957.4414,-29.62
957.4424,-31.21
957.4434,-32.79
957.4443,-30.68
957.4453,-28.56
957.4463,-27.75
957.4473,-26.93
957.4482,-28.06
957.4492,-29.18
957.4502,-29.96
957.4512,-30.73
957.4521,-30.80
957.4531,-30.87
957.4541,-32.61
957.4551,-34.36
957.4561,-33.79
957.4570,-33.23
957.4580,-31.42
957.4590,-29.61
957.4600,-30.20
957.4609,-30.79
957.4619,-31.08
957.4629,-31.37
957.4639,-30.55
957.4648,-29.73
957.4658,-32.30
957.4668,-34.87
957.4678,-35.20
957.4688,-35.54
957.4697,-33.56
957.4707,-31.58
957.4717,-31.60
957.4727,-31.61
957.4736,-33.88
957.4746,-36.14
957.4756,-34.82
957.4766,-33.49
957.4775,-33.42
957.4785,-33.35
957.4795,-32.38
957.4805,-31.42
957.4814,-31.14
957.4824,-30.86
957.4834,-31.90
957.4844,-32.94
957.4854,-33.67
957.4863,-34.40
957.4873,-35.33
957.4883,-36.27
957.4893,-36.26
957.4902,-36.26
957.4912,-34.56
957.4922,-32.87
957.4932,-34.32
957.4941,-35.78
957.4951,-37.89
957.4961,-40.00
957.4971,-38.01
957.4980,-36.03
957.4990,-35.22
957.5000,-34.41
957.5010,-35.60
957.5020,-36.80
957.5029,-35.89
957.5039,-34.98
957.5049,-35.61
957.5059,-36.25
957.5068,-38.01
957.5078,-39.77
957.5088,-39.46
957.5098,-39.15
957.5107,-38.01
957.5117,-36.87
957.5127,-37.07
957.5137,-37.28
957.5146,-35.91
957.5156,-34.55
957.5166,-34.52
957.5176,-34.49
957.5186,-36.41
957.5195,-38.32
957.5205,-39.14
957.5215,-39.97
957.5225,-38.29
957.5234,-36.61
957.5244,-38.12
957.5254,-39.62
957.5264,-39.77
957.5273,-39.91
957.5283,-40.00
957.5293,-40.09
957.5303,-40.89
957.5312,-41.68
957.5322,-40.64
957.5332,-39.59
957.5342,-39.94
957.5352,-40.29
957.5361,-39.93
957.5371,-39.57
957.5381,-39.71
957.5391,-39.86
957.5400,-40.38
957.5410,-40.91
957.5420,-40.14
957.5430,-39.37
957.5439,-38.27
957.5449,-37.16
957.5459,-37.48
957.5469,-37.79
957.5479,-37.96
957.5488,-38.13
957.5498,-39.65
957.5508,-41.17
957.5518,-40.73
957.5527,-40.29
957.5537,-39.69
957.5547,-39.09
957.5557,-38.78
957.5566,-38.47
957.5576,-38.30
957.5586,-38.12
957.5596,-38.44
957.5605,-38.76
957.5615,-40.18
957.5625,-41.59
957.5635,-40.94
957.5645,-40.29
957.5654,-40.71
957.5664,-41.13
957.5674,-41.18
957.5684,-41.24
957.5693,-41.20
957.5703,-41.16
957.5713,-42.67
957.5723,-44.18
957.5732,-44.49
957.5742,-44.80
957.5752,-43.26
957.5762,-41.72
957.5771,-41.54
957.5781,-41.36
957.5791,-39.24
957.5801,-37.13
957.5811,-36.16
957.5820,-35.19
957.5830,-36.66
957.5840,-38.13
957.5850,-39.94
957.5859,-41.76
957.5869,-42.14
957.5879,-42.52
957.5889,-42.28
957.5898,-42.05
957.5908,-41.65
957.5918,-41.25
957.5928,-40.33
957.5938,-39.40
957.5947,-39.30
957.5957,-39.20
957.5967,-38.88
957.5977,-38.56
957.5986,-38.24
957.5996,-37.92
957.6006,-38.39
957.6016,-38.85
957.6025,-40.13
957.6035,-41.42
957.6045,-40.44
957.6055,-39.46
957.6064,-37.69
957.6074,-35.92
957.6084,-36.91
957.6094,-37.91
957.6104,-39.40
957.6113,-40.88
957.6123,-40.71
957.6133,-40.55
957.6143,-40.76
957.6152,-40.98
957.6162,-38.21
957.6172,-35.45
957.6182,-35.37
957.6191,-35.29
957.6201,-36.76
957.6211,-38.23
957.6221,-38.78
957.6230,-39.32
957.6240,-39.58
957.6250,-39.84
957.6260,-39.41
957.6270,-38.99
957.6279,-39.79
957.6289,-40.58
957.6299,-40.43
957.6309,-40.28
957.6318,-41.25
957.6328,-42.22
957.6338,-41.67
957.6348,-41.12
957.6357,-42.35
957.6367,-43.57
957.6377,-42.83
957.6387,-42.09
957.6396,-40.12
957.6406,-38.16
957.6416,-38.93
957.6426,-39.70
957.6436,-38.97
957.6445,-38.23
957.6455,-37.01
957.6465,-35.79
957.6475,-36.36
957.6484,-36.92
957.6494,-37.75
957.6504,-38.59
957.6514,-38.40
957.6523,-38.21
957.6533,-39.41
957.6543,-40.62
957.6553,-41.09
957.6562,-41.57
957.6572,-40.47
957.6582,-39.36
957.6592,-39.14
957.6602,-38.92
957.6611,-40.15
957.6621,-41.39
957.6631,-40.64
957.6641,-39.90
957.6650,-40.53
957.6660,-41.17
957.6670,-42.06
957.6680,-42.96
957.6689,-40.90
957.6699,-38.83
957.6709,-38.16
957.6719,-37.49
957.6729,-39.27
957.6738,-41.04
957.6748,-40.95
957.6758,-40.85
957.6768,-41.13
957.6777,-41.40
957.6787,-41.07
957.6797,-40.74
957.6807,-39.63
957.6816,-38.51
957.6826,-39.37
957.6836,-40.24
957.6846,-41.28
957.6855,-42.32
957.6865,-42.11
957.6875,-41.90
957.6885,-43.09
957.6895,-44.29
957.6904,-43.04
957.6914,-41.79
957.6924,-41.41
957.6934,-41.04
957.6943,-42.08
957.6953,-43.12
957.6963,-43.56
957.6973,-43.99
957.6982,-43.01
957.6992,-42.62
957.7002,-43.41
957.7012,-43.72
957.7021,-42.96
957.7031,-42.37
957.7041,-42.50
957.7051,-42.62
957.7061,-44.12
957.7070,-45.42
957.7080,-44.58
957.7090,-43.80
957.7100,-42.40
957.7109,-41.13
957.7119,-41.34
957.7129,-41.34
957.7139,-42.28
957.7148,-43.36
957.7158,-43.06
957.7168,-42.86
957.7178,-43.42
957.7188,-43.86
957.7197,-45.22
957.7207,-46.37
957.7217,-45.52
957.7227,-44.05
957.7236,-44.12
957.7246,-45.28
957.7256,-45.45
957.7266,-44.68
957.7275,-44.11
957.7285,-43.94
957.7295,-44.41
957.7305,-44.75
957.7314,-43.94
957.7324,-43.39
957.7334,-42.76
957.7344,-42.44
957.7354,-42.10
957.7363,-41.75
957.7373,-41.85
957.7383,-41.80
957.7393,-42.31
957.7402,-42.87
957.7412,-42.32
957.7422,-41.39
957.7432,-39.73
957.7441,-38.81
957.7451,-39.27
957.7461,-39.22
957.7471,-39.03
957.7480,-37.62
957.7490,-38.18
957.7500,-39.60
957.7510,-40.66
957.7520,-41.32
957.7529,-40.40
957.7539,-39.94
957.7549,-39.74
957.7559,-39.78
957.7568,-39.70
957.7578,-39.60
957.7588,-39.29
957.7598,-39.57
957.7607,-40.61
957.7617,-41.41
957.7627,-41.58
957.7637,-41.75
957.7646,-41.45
957.7656,-41.04
957.7666,-41.38
957.7676,-42.29
957.7686,-42.11
957.7695,-41.55
957.7705,-42.87
957.7715,-43.97
957.7725,-45.02
957.7734,-46.26
957.7744,-44.77
957.7754,-42.82
957.7764,-41.49
957.7773,-41.09
957.7783,-39.83
957.7793,-37.82
957.7803,-36.29
957.7812,-35.69
957.7822,-35.94
957.7832,-35.48
957.7842,-37.64
957.7852,-39.60
957.7861,-41.86
957.7871,-43.60
957.7881,-42.92
957.7891,-42.35
957.7900,-41.72
957.7910,-41.10
957.7920,-40.93
957.7930,-41.03
957.7939,-40.29
957.7949,-39.63
957.7959,-39.37
957.7969,-38.88
957.7979,-39.16
957.7988,-39.45
957.7998,-39.17
957.8008,-38.89
957.8018,-39.32
957.8027,-39.74
957.8037,-40.21
957.8047,-40.68
957.8057,-39.20
957.8066,-37.72
957.8076,-37.24
957.8086,-36.75
957.8096,-38.47
957.8105,-40.19
957.8115,-40.51
957.8125,-40.83
957.8135,-40.78
957.8145,-40.72
957.8154,-38.85
957.8164,-36.98
957.8174,-35.90
957.8184,-34.82
957.8193,-35.82
957.8203,-36.82
957.8213,-38.13
957.8223,-39.44
957.8232,-39.13
957.8242,-38.83
957.8252,-38.75
957.8262,-38.67
957.8271,-39.29
957.8281,-39.91
957.8291,-39.54
957.8301,-39.18
957.8311,-39.77
957.8320,-40.36
957.8330,-40.84
957.8340,-41.33
957.8350,-41.53
957.8359,-41.73
957.8369,-41.96
957.8379,-42.19
957.8389,-39.77
957.8398,-37.34
957.8408,-37.00
957.8418,-36.65
957.8428,-37.93
957.8438,-39.20
957.8447,-37.26
957.8457,-35.31
957.8467,-35.18
957.8477,-35.06
957.8486,-36.22
957.8496,-37.39
957.8506,-38.17
957.8516,-38.95
957.8525,-38.73
957.8535,-38.50
957.8545,-39.41
957.8555,-40.32
957.8564,-40.51
957.8574,-40.69
957.8584,-39.45
957.8594,-38.21
957.8604,-38.14
957.8613,-38.07
957.8623,-38.64
957.8633,-39.20
957.8643,-38.52
957.8652,-37.83
957.8662,-39.18
957.8672,-40.53
957.8682,-40.23
957.8691,-39.93
957.8701,-38.99
957.8711,-38.04
957.8721,-38.83
957.8730,-39.61
957.8740,-41.35
957.8750,-43.08
957.8760,-42.03
957.8770,-40.99
957.8779,-40.78
957.8789,-40.58
957.8799,-40.03
957.8809,-39.48
957.8818,-39.36
957.8828,-39.23
957.8838,-40.55
957.8848,-41.86
957.8857,-42.44
957.8867,-43.03
957.8877,-43.38
957.8887,-43.72
957.8896,-43.09
957.8906,-42.46
957.8916,-41.14
957.8926,-39.83
957.8936,-40.48
957.8945,-41.13
957.8955,-42.39
957.8965,-43.65
957.8975,-43.09
957.8984,-42.52
957.8994,-42.94
957.9004,-43.36
957.9014,-43.48
957.9023,-43.59
957.9033,-43.54
957.9043,-43.48
957.9053,-44.40
957.9062,-45.32
957.9072,-45.64
957.9082,-45.95
957.9092,-45.21
957.9102,-44.46
957.9111,-44.23
957.9121,-43.99
957.9131,-44.08
957.9141,-44.17
957.9150,-44.10
957.9160,-44.02
957.9170,-44.05
957.9180,-44.08
957.9189,-44.76
957.9199,-45.44
957.9209,-45.29
957.9219,-45.14
957.9229,-45.90
957.9238,-46.66
957.9248,-46.99
957.9258,-47.31
957.9268,-46.29
957.9277,-45.27
957.9287,-46.49
957.9297,-47.70
957.9307,-47.65
957.9316,-47.61
957.9326,-47.07
957.9336,-46.53
957.9346,-46.24
957.9355,-45.95
957.9365,-45.56
957.9375,-45.18
957.9385,-45.83
957.9395,-46.48
957.9404,-46.85
957.9414,-47.21
957.9424,-45.18
957.9434,-43.14
957.9443,-43.01
957.9453,-42.87
957.9463,-43.21
957.9473,-43.55
957.9482,-43.63
957.9492,-43.72
957.9502,-45.11
957.9512,-46.50
957.9521,-46.48
957.9531,-46.46
957.9541,-45.39
957.9551,-44.32
957.9561,-44.16
957.9570,-43.99
957.9580,-44.52
957.9590,-45.04
957.9600,-45.25
957.9609,-45.45
957.9619,-45.85
957.9629,-46.24
957.9639,-45.15
957.9648,-44.07
957.9658,-44.37
957.9668,-44.67
957.9678,-45.10
957.9688,-45.53
957.9697,-46.94
957.9707,-48.34
957.9717,-49.57
957.9727,-50.79
957.9736,-49.68
957.9746,-48.56
957.9756,-47.83
957.9766,-47.10
957.9775,-46.53
957.9785,-45.96
957.9795,-44.24
957.9805,-42.53
957.9814,-42.47
957.9824,-42.41
957.9834,-42.88
957.9844,-43.35
957.9854,-46.08
957.9863,-48.81
957.9873,-48.76
957.9883,-48.71
957.9893,-48.28
957.9902,-47.86
957.9912,-47.62
957.9922,-47.39
957.9932,-46.86
957.9941,-46.33
957.9951,-45.33
957.9961,-44.33
957.9971,-44.75
957.9980,-45.18
957.9990,-45.46
958.0000,-45.74
958.0010,-46.01
958.0020,-46.29
958.0029,-46.16
958.0039,-46.04
958.0049,-45.64
958.0059,-45.25
958.0068,-44.29
958.0078,-43.33
958.0088,-44.13
958.0098,-44.92
958.0107,-46.28
958.0117,-47.63
958.0127,-46.81
958.0137,-45.99
958.0146,-44.59
958.0156,-43.20
958.0166,-42.51
958.0176,-41.82
958.0186,-42.58
958.0195,-43.33
958.0205,-44.80
958.0215,-46.26
958.0225,-46.52
958.0234,-46.78
958.0244,-45.94
958.0254,-45.10
958.0264,-45.73
958.0273,-46.36
958.0283,-45.96
958.0293,-45.57
958.0303,-45.94
958.0312,-46.32
958.0322,-47.05
958.0332,-47.78
958.0342,-48.19
958.0352,-48.59
958.0361,-49.17
958.0371,-49.75
958.0381,-48.19
958.0391,-46.64
958.0400,-44.40
958.0410,-42.17
958.0420,-43.67
958.0430,-45.17
958.0439,-44.52
958.0449,-43.88
958.0459,-42.77
958.0469,-41.67
958.0479,-42.29
958.0488,-42.90
958.0498,-43.64
958.0508,-44.39
958.0518,-44.73
958.0527,-45.07
958.0537,-45.45
958.0547,-45.83
958.0557,-46.53
958.0566,-47.23
958.0576,-46.65
958.0586,-46.08
958.0596,-45.63
958.0605,-45.19
958.0615,-44.34
958.0625,-43.49
958.0635,-43.45
958.0645,-43.41
958.0654,-43.93
958.0664,-44.46
958.0674,-45.28
958.0684,-46.10
958.0693,-45.41
958.0703,-44.72
958.0713,-44.74
958.0723,-44.76
958.0732,-46.29
958.0742,-47.82
958.0752,-47.82
958.0762,-47.83
958.0771,-47.17
958.0781,-46.50
958.0791,-46.26
958.0801,-46.02
958.0811,-45.10
958.0820,-44.18
958.0830,-45.08
958.0840,-45.98
958.0850,-46.33
958.0859,-46.67
958.0869,-47.57
958.0879,-48.46
958.0889,-48.65
958.0898,-48.83
958.0908,-47.56
958.0918,-46.29
958.0928,-46.27
958.0938,-46.26
958.0947,-46.80
958.0957,-47.33
958.0967,-46.86
958.0977,-46.38
958.0986,-46.33
958.0996,-46.29
958.1006,-46.67
958.1016,-47.05
958.1025,-47.49
958.1035,-47.92
958.1045,-48.85
958.1055,-49.78
958.1064,-49.88
958.1074,-49.98
958.1084,-48.23
958.1094,-46.49
958.1104,-45.62
958.1113,-44.74
958.1123,-45.65
958.1133,-46.55
958.1143,-47.23
958.1152,-47.92
958.1162,-47.85
958.1172,-47.78
958.1182,-48.63
958.1191,-49.47
958.1201,-49.60
958.1211,-49.72
958.1221,-48.36
958.1230,-47.00
958.1240,-47.96
958.1250,-48.91
958.1260,-48.61
958.1270,-48.32
958.1279,-48.16
958.1289,-48.00
958.1299,-48.19
958.1309,-48.38
958.1318,-46.99
958.1328,-45.61
958.1338,-45.38
958.1348,-45.14
958.1357,-45.25
958.1367,-45.35
958.1377,-45.30
958.1387,-45.25
958.1396,-45.70
958.1406,-46.15
958.1416,-45.73
958.1426,-45.32
958.1436,-43.92
958.1445,-42.52
958.1455,-42.88
958.1465,-43.25
958.1475,-42.65
958.1484,-42.05
958.1494,-43.16
958.1504,-44.28
958.1514,-44.50
958.1523,-44.72
958.1533,-44.03
958.1543,-43.33
958.1553,-43.11
958.1562,-42.89
958.1572,-42.57
958.1582,-42.25
958.1592,-42.23
958.1602,-42.22
958.1611,-43.43
958.1621,-44.64
958.1631,-44.35
958.1641,-44.06
958.1650,-44.18
958.1660,-44.30
958.1670,-44.63
958.1680,-44.96
958.1689,-44.59
958.1699,-44.23
958.1709,-45.69
958.1719,-47.16
958.1729,-48.08
958.1738,-49.00
958.1748,-47.16
958.1758,-45.32
958.1768,-45.04
958.1777,-44.77
958.1787,-43.11
958.1797,-41.46
958.1807,-39.88
958.1816,-38.30
958.1826,-39.46
958.1836,-40.63
958.1846,-42.61
958.1855,-44.59
958.1865,-45.35
958.1875,-46.10
958.1885,-45.87
958.1895,-45.64
958.1904,-45.48
958.1914,-45.31
958.1924,-44.10
958.1934,-42.90
958.1943,-42.77
958.1953,-42.65
958.1963,-42.43
958.1973,-42.21
958.1982,-41.58
958.1992,-40.96
958.2002,-41.11
958.2012,-41.26
958.2021,-42.55
958.2031,-43.83
958.2041,-43.21
958.2051,-42.60
958.2061,-40.82
958.2070,-39.04
958.2080,-39.54
958.2090,-40.04
958.2100,-41.88
958.2109,-43.73
958.2119,-43.54
958.2129,-43.36
958.2139,-43.86
958.2148,-44.36
958.2158,-41.66
958.2168,-38.96
958.2178,-38.25
958.2188,-37.55
958.2197,-38.94
958.2207,-40.34
958.2217,-41.11
958.2227,-41.88
958.2236,-42.31
958.2246,-42.74
958.2256,-41.86
958.2266,-40.99
958.2275,-41.76
958.2285,-42.53
958.2295,-42.18
958.2305,-41.83
958.2314,-42.91
958.2324,-43.99
958.2334,-43.75
958.2344,-43.51
958.2354,-44.18
958.2363,-44.86
958.2373,-44.92
958.2383,-44.97
958.2393,-42.76
958.2402,-40.55
958.2412,-40.79
958.2422,-41.03
958.2432,-40.84
958.2441,-40.65
958.2451,-39.16
958.2461,-37.68
958.2471,-37.98
958.2480,-38.29
958.2490,-39.25
958.2500,-40.22
958.2510,-39.92
958.2520,-39.63
958.2529,-40.54
958.2539,-41.44
958.2549,-42.42
958.2559,-43.40
958.2568,-42.47
958.2578,-41.55
958.2588,-40.80
958.2598,-40.06
958.2607,-40.89
958.2617,-41.71
958.2627,-41.20
958.2637,-40.69
958.2646,-40.76
958.2656,-40.83
958.2666,-41.23
958.2676,-41.63
958.2686,-40.67
958.2695,-39.71
958.2705,-38.78
958.2715,-37.85
958.2725,-37.62
958.2734,-37.38
958.2744,-37.22
958.2754,-37.06
958.2764,-38.04
958.2773,-39.01
958.2783,-39.70
958.2793,-40.39
958.2803,-39.45
958.2812,-38.52
958.2822,-37.88
958.2832,-37.24
958.2842,-36.50
958.2852,-35.75
958.2861,-36.60
958.2871,-37.44
958.2881,-37.64
958.2891,-37.84
958.2900,-37.18
958.2910,-36.52
958.2920,-36.29
958.2930,-36.06
958.2939,-36.00
958.2949,-35.95
958.2959,-35.25
958.2969,-34.54
958.2979,-34.79
958.2988,-35.04
958.2998,-35.42
958.3008,-35.80
958.3018,-35.94
958.3027,-36.08
958.3037,-36.22
958.3047,-36.35
958.3057,-36.64
958.3066,-36.92
958.3076,-34.19
958.3086,-31.46
958.3096,-30.54
958.3105,-29.63
958.3115,-29.70
958.3125,-29.77
958.3135,-30.37
958.3145,-30.97
958.3154,-32.00
958.3164,-33.02
958.3174,-34.49
958.3184,-35.96
958.3193,-35.89
958.3203,-35.83
958.3213,-34.11
958.3223,-32.39
958.3232,-31.70
958.3242,-31.01
958.3252,-31.17
958.3262,-31.32
958.3271,-30.37
958.3281,-29.42
958.3291,-29.71
958.3301,-30.01
958.3311,-29.27
958.3320,-28.52
958.3330,-27.97
958.3340,-27.42
958.3350,-26.87
958.3359,-26.31
958.3369,-25.91
958.3379,-25.51
958.3389,-26.29
958.3398,-27.07
958.3408,-27.76
958.3418,-28.44
958.3428,-26.35
958.3438,-24.27
958.3447,-24.33
958.3457,-24.39
958.3467,-24.21
958.3477,-24.03
958.3486,-24.03
958.3496,-24.03
958.3506,-25.52
958.3516,-27.02
958.3525,-26.21
958.3535,-25.41
958.3545,-24.41
958.3555,-23.40
958.3564,-23.39
958.3574,-23.38
958.3584,-23.74
958.3594,-24.11
958.3604,-24.93
958.3613,-25.75
958.3623,-25.86
958.3633,-25.96
958.3643,-25.39
958.3652,-24.81
958.3662,-25.56
958.3672,-26.30
958.3682,-25.78
958.3691,-25.25
958.3701,-26.09
958.3711,-26.93
958.3721,-28.42
958.3730,-29.91
958.3740,-29.29
958.3750,-28.67
958.3760,-27.41
958.3770,-26.14
958.3779,-24.57
958.3789,-23.00
958.3799,-21.92
958.3809,-20.84
958.3818,-21.19
958.3828,-21.54
958.3838,-22.20
958.3848,-22.85
958.3857,-25.11
958.3867,-27.37
958.3877,-27.12
958.3887,-26.88
958.3896,-26.22
958.3906,-25.57
958.3916,-25.17
958.3926,-24.78
958.3936,-24.35
958.3945,-23.92
958.3955,-23.14
958.3965,-22.36
958.3975,-22.79
958.3984,-23.21
958.3994,-23.73
958.4004,-24.25
958.4014,-24.50
958.4023,-24.75
958.4033,-24.52
958.4043,-24.28
958.4053,-23.60
958.4062,-22.91
958.4072,-22.23
958.4082,-21.55
958.4092,-22.73
958.4102,-23.91
958.4111,-24.72
958.4121,-25.53
958.4131,-25.81
958.4141,-26.08
958.4150,-24.26
958.4160,-22.43
958.4170,-21.06
958.4180,-19.69
958.4189,-20.29
958.4199,-20.89
958.4209,-22.39
958.4219,-23.89
958.4229,-24.07
958.4238,-24.25
958.4248,-23.64
958.4258,-23.03
958.4268,-23.82
958.4277,-24.61
958.4287,-24.21
958.4297,-23.80
958.4307,-24.45
958.4316,-25.10
958.4326,-25.24
958.4336,-25.38
958.4346,-25.88
958.4355,-26.38
958.4365,-27.46
958.4375,-28.54
958.4385,-26.47
958.4395,-24.41
958.4404,-22.64
958.4414,-20.88
958.4424,-21.93
958.4434,-22.98
958.4443,-22.16
958.4453,-21.34
958.4463,-20.58
958.4473,-19.82
958.4482,-20.50
958.4492,-21.17
958.4502,-22.13
958.4512,-23.08
958.4521,-23.91
958.4531,-24.73
958.4541,-24.82
958.4551,-24.91
958.4561,-24.96
958.4570,-25.01
958.4580,-24.75
958.4590,-24.50
958.4600,-24.71
958.4609,-24.91
958.4619,-24.64
958.4629,-24.38
958.4639,-24.13
958.4648,-23.89
958.4658,-23.90
958.4668,-23.91
958.4678,-23.72
958.4688,-23.54
958.4697,-22.89
958.4707,-22.24
958.4717,-22.78
958.4727,-23.33
958.4736,-25.21
958.4746,-27.10
958.4756,-27.17
958.4766,-27.24
958.4775,-26.44
958.4785,-25.65
958.4795,-24.89
958.4805,-24.13
958.4814,-24.08
958.4824,-24.03
958.4834,-24.89
958.4844,-25.75
958.4854,-26.34
958.4863,-26.93
958.4873,-28.57
958.4883,-30.21
958.4893,-29.40
958.4902,-28.59
958.4912,-27.27
958.4922,-25.95
958.4932,-26.21
958.4941,-26.47
958.4951,-26.99
958.4961,-27.52
958.4971,-27.50
958.4980,-27.48
958.4990,-29.47
958.5000,-31.47
958.5010,-29.78
958.5020,-28.10
958.5029,-28.41
958.5039,-28.73
958.5049,-30.04
958.5059,-31.35
958.5068,-31.65
958.5078,-31.95
958.5088,-31.48
958.5098,-31.01
958.5107,-31.42
958.5117,-31.83
958.5127,-31.56
958.5137,-31.28
958.5146,-30.26
958.5156,-29.23
958.5166,-29.21
958.5176,-29.18
958.5186,-31.02
958.5195,-32.86
958.5205,-32.42
958.5215,-31.99
958.5225,-31.40
958.5234,-30.81
958.5244,-33.29
958.5254,-35.76
958.5264,-35.93
958.5273,-36.10
958.5283,-36.24
958.5293,-36.38
958.5303,-36.36
958.5312,-36.33
958.5322,-35.49
958.5332,-34.66
958.5342,-34.63
958.5352,-34.59
958.5361,-34.83
958.5371,-35.06
958.5381,-35.21
958.5391,-35.37
958.5400,-36.05
958.5410,-36.74
958.5420,-35.59
958.5430,-34.45
958.5439,-33.56
958.5449,-32.67
958.5459,-33.14
958.5469,-33.62
958.5479,-33.55
958.5488,-33.49
958.5498,-35.11
958.5508,-36.73
958.5518,-36.59
958.5527,-36.44
958.5537,-35.86
958.5547,-35.28
958.5557,-35.26
958.5566,-35.25
958.5576,-34.87
958.5586,-34.49
958.5596,-34.36
958.5605,-34.22
958.5615,-35.44
958.5625,-36.65
958.5635,-36.31
958.5645,-35.97
958.5654,-36.48
958.5664,-36.99
958.5674,-36.90
958.5684,-36.82
958.5693,-36.81
958.5703,-36.80
958.5713,-38.48
958.5723,-40.15
958.5732,-40.66
958.5742,-41.17
958.5752,-39.45
958.5762,-37.72
958.5771,-37.31
958.5781,-36.90
958.5791,-34.88
958.5801,-32.86
958.5811,-31.96
958.5820,-31.07
958.5830,-32.36
958.5840,-33.64
958.5850,-35.90
958.5859,-38.15
958.5869,-38.59
958.5879,-39.03
958.5889,-38.70
958.5898,-38.36
958.5908,-38.37
958.5918,-38.38
958.5928,-37.38
958.5938,-36.38
958.5947,-36.01
958.5957,-35.63
958.5967,-35.77
958.5977,-35.91
958.5986,-35.20
958.5996,-34.49
958.6006,-34.87
958.6016,-35.24
958.6025,-36.43
958.6035,-37.61
958.6045,-36.51
958.6055,-35.41
958.6064,-33.63
958.6074,-31.85
958.6084,-32.96
958.6094,-34.07
958.6104,-36.07
958.6113,-38.08
958.6123,-37.88
958.6133,-37.69
958.6143,-37.45
958.6152,-37.21
958.6162,-34.23
958.6172,-31.26
958.6182,-31.04
958.6191,-30.83
958.6201,-32.44
958.6211,-34.05
958.6221,-34.74
958.6230,-35.44
958.6240,-35.19
958.6250,-34.93
958.6260,-34.32
958.6270,-33.71
958.6279,-34.70
958.6289,-35.69
958.6299,-35.38
958.6309,-35.07
958.6318,-35.91
958.6328,-36.75
958.6338,-35.95
958.6348,-35.16
958.6357,-35.88
958.6367,-36.61
958.6377,-36.13
958.6387,-35.65
958.6396,-33.77
958.6406,-31.89
958.6416,-33.31
958.6426,-34.72
958.6436,-34.09
958.6445,-33.45
958.6455,-31.88
958.6465,-30.30
958.6475,-30.75
958.6484,-31.20
958.6494,-32.53
958.6504,-33.87
958.6514,-33.77
958.6523,-33.68
958.6533,-34.93
958.6543,-36.18
958.6553,-36.77
958.6562,-37.36
958.6572,-35.86
958.6582,-34.36
958.6592,-33.90
958.6602,-33.45
958.6611,-34.72
958.6621,-35.99
958.6631,-34.94
958.6641,-33.89
958.6650,-34.76
958.6660,-35.64
958.6670,-37.55
958.6680,-39.46
958.6689,-37.82
958.6699,-36.18
958.6709,-35.31
958.6719,-34.43
958.6729,-36.44
958.6738,-38.44
958.6748,-38.44
958.6758,-38.43
958.6768,-37.89
958.6777,-37.35
958.6787,-36.88
958.6797,-36.42
958.6807,-35.49
958.6816,-34.56
958.6826,-35.14
958.6836,-35.73
958.6846,-36.93
958.6855,-38.13
958.6865,-38.30
958.6875,-38.47
958.6885,-39.94
958.6895,-41.40
958.6904,-39.49
958.6914,-37.58
958.6924,-37.52
958.6934,-37.47
958.6943,-39.15
958.6953,-40.82
958.6963,-41.14
958.6973,-41.45
958.6982,-39.77
958.6992,-38.09
958.7002,-39.17
958.7012,-40.24
958.7021,-39.90
958.7031,-39.57
958.7041,-39.28
958.7051,-39.00
958.7061,-40.77
958.7070,-42.55
958.7080,-43.28
958.7090,-44.01
958.7100,-42.77
958.7109,-41.53
958.7119,-41.67
958.7129,-41.80
958.7139,-40.99
958.7148,-40.18
958.7158,-39.43
958.7168,-38.67
958.7178,-39.77
958.7188,-40.86
958.7197,-42.89
958.7207,-44.91
958.7217,-43.55
958.7227,-42.18
958.7236,-42.66
958.7246,-43.15
958.7256,-44.77
958.7266,-46.40
958.7275,-45.42
958.7285,-44.45
958.7295,-45.25
958.7305,-46.06
958.7314,-46.53
958.7324,-47.01
958.7334,-47.05
958.7344,-47.09
958.7354,-47.08
958.7363,-47.08
958.7373,-46.89
958.7383,-46.70
958.7393,-47.63
958.7402,-48.56
958.7412,-47.82
958.7422,-47.07
958.7432,-46.19
958.7441,-45.31
958.7451,-45.31
958.7461,-45.32
958.7471,-46.64
958.7480,-47.96
958.7490,-49.19
958.7500,-50.42
958.7510,-50.94
958.7520,-51.46
958.7529,-50.70
958.7539,-49.94
958.7549,-48.79
958.7559,-47.65
958.7568,-48.11
958.7578,-48.57
958.7588,-49.24
958.7598,-49.91
958.7607,-50.66
958.7617,-51.40
958.7627,-51.17
958.7637,-50.94
958.7646,-51.05
958.7656,-51.17
958.7666,-51.62
958.7676,-52.07
958.7686,-52.03
958.7695,-52.00
958.7705,-52.64
958.7715,-53.27
958.7725,-53.68
958.7734,-54.10
958.7744,-52.28
958.7754,-50.47
958.7764,-49.75
958.7773,-49.03
958.7783,-49.60
958.7793,-50.17
958.7803,-49.51
958.7812,-48.85
958.7822,-49.01
958.7832,-49.16
958.7842,-50.64
958.7852,-52.12
958.7861,-53.46
958.7871,-54.79
958.7881,-54.13
958.7891,-53.48
958.7900,-52.49
958.7910,-51.51
958.7920,-51.68
958.7930,-51.85
958.7939,-51.55
958.7949,-51.24
958.7959,-50.87
958.7969,-50.50
958.7979,-50.21
958.7988,-49.93
958.7998,-49.83
958.8008,-49.73
958.8018,-50.38
958.8027,-51.02
958.8037,-50.98
958.8047,-50.93
958.8057,-49.49
958.8066,-48.05
958.8076,-47.97
958.8086,-47.90
958.8096,-49.70
958.8105,-51.50
958.8115,-51.80
958.8125,-52.09
958.8135,-52.14
958.8145,-52.20
958.8154,-50.59
958.8164,-48.99
958.8174,-47.91
958.8184,-46.84
958.8193,-47.82
958.8203,-48.81
958.8213,-49.54
958.8223,-50.26
958.8232,-49.01
958.8242,-47.75
958.8252,-48.35
958.8262,-48.95
958.8271,-50.30
958.8281,-51.66
958.8291,-51.30
958.8301,-50.93
958.8311,-51.39
958.8320,-51.85
958.8330,-52.28
958.8340,-52.72
958.8350,-52.92
958.8359,-53.13
958.8369,-53.46
958.8379,-53.79
958.8389,-51.97
958.8398,-50.16
958.8408,-49.98
958.8418,-49.81
958.8428,-50.82
958.8438,-51.82
958.8447,-50.22
958.8457,-48.61
958.8467,-48.47
958.8477,-48.33
958.8486,-49.43
958.8496,-50.52
958.8506,-51.04
958.8516,-51.55
958.8525,-51.77
958.8535,-51.98
958.8545,-52.69
958.8555,-53.40
958.8564,-53.21
958.8574,-53.03
958.8584,-52.30
958.8594,-51.56
958.8604,-51.60
958.8613,-51.65
958.8623,-51.45
958.8633,-51.25
958.8643,-50.95
958.8652,-50.65
958.8662,-51.07
958.8672,-51.48
958.8682,-51.25
958.8691,-51.02
958.8701,-49.20
958.8711,-47.38
958.8721,-46.75
958.8730,-46.12
958.8740,-46.49
958.8750,-46.86
958.8760,-47.86
958.8770,-48.86
958.8779,-50.06
958.8789,-51.26
958.8799,-50.59
958.8809,-49.92
958.8818,-49.33
958.8828,-48.74
958.8838,-47.23
958.8848,-45.71
958.8857,-45.93
958.8867,-46.15
958.8877,-47.58
958.8887,-49.00
958.8896,-48.20
958.8906,-47.40
958.8916,-46.03
958.8926,-44.67
958.8936,-44.65
958.8945,-44.62
958.8955,-44.56
958.8965,-44.49
958.8975,-44.35
958.8984,-44.20
958.8994,-44.05
958.9004,-43.90
958.9014,-44.11
958.9023,-44.33
958.9033,-44.26
958.9043,-44.18
958.9053,-44.22
958.9062,-44.27
958.9072,-42.12
958.9082,-39.96
958.9092,-38.12
958.9102,-36.27
958.9111,-35.62
958.9121,-34.97
958.9131,-36.92
958.9141,-38.86
958.9150,-39.77
958.9160,-40.67
958.9170,-41.38
958.9180,-42.10
958.9189,-42.72
958.9199,-43.34
958.9209,-41.97
958.9219,-40.60
958.9229,-39.76
958.9238,-38.92
958.9248,-39.70
958.9258,-40.48
958.9268,-39.74
958.9277,-38.99
958.9287,-39.57
958.9297,-40.14
958.9307,-39.75
958.9316,-39.36
958.9326,-38.37
958.9336,-37.38
958.9346,-38.10
958.9355,-38.81
958.9365,-39.41
958.9375,-40.01
958.9385,-40.16
958.9395,-40.32
958.9404,-41.08
958.9414,-41.85
958.9424,-40.10
958.9434,-38.35
958.9443,-37.72
958.9453,-37.08
958.9463,-36.93
958.9473,-36.78
958.9482,-36.29
958.9492,-35.80
958.9502,-37.41
958.9512,-39.02
958.9521,-38.16
958.9531,-37.30
958.9541,-37.30
958.9551,-37.30
958.9561,-37.48
958.9570,-37.67
958.9580,-37.33
958.9590,-37.00
958.9600,-37.56
958.9609,-38.13
958.9619,-39.80
958.9629,-41.48
958.9639,-41.05
958.9648,-40.62
958.9658,-41.34
958.9668,-42.07
958.9678,-42.06
958.9688,-42.04
958.9697,-42.71
958.9707,-43.37
958.9717,-45.48
958.9727,-47.58
958.9736,-47.36
958.9746,-47.14
958.9756,-45.47
958.9766,-43.81
958.9775,-43.09
958.9785,-42.37
958.9795,-39.40
958.9805,-36.42
958.9814,-35.87
958.9824,-35.32
958.9834,-36.68
958.9844,-38.05
958.9854,-39.70
958.9863,-41.36
958.9873,-41.14
958.9883,-40.91
958.9893,-40.44
958.9902,-39.96
958.9912,-39.29
958.9922,-38.63
958.9932,-38.00
958.9941,-37.37
958.9951,-37.16
958.9961,-36.95
958.9971,-36.45
958.9980,-35.95
958.9990,-35.30
959.0000,-34.64
959.0010,-35.25
959.0020,-35.85
959.0029,-36.92
959.0039,-37.99
959.0049,-36.04
959.0059,-34.10
959.0068,-32.69
959.0078,-31.28
959.0088,-32.58
959.0098,-33.89
959.0107,-34.66
959.0117,-35.43
959.0127,-35.32
959.0137,-35.21
959.0146,-34.33
959.0156,-33.44
959.0166,-30.85
959.0176,-28.26
959.0186,-28.56
959.0195,-28.85
959.0205,-30.08
959.0215,-31.31
959.0225,-31.73
959.0234,-32.15
959.0244,-31.71
959.0254,-31.26
959.0264,-31.20
959.0273,-31.14
959.0283,-31.22
959.0293,-31.30
959.0303,-31.24
959.0312,-31.18
959.0322,-32.07
959.0332,-32.96
959.0342,-32.70
959.0352,-32.44
959.0361,-33.64
959.0371,-34.85
959.0381,-33.00
959.0391,-31.15
959.0400,-29.66
959.0410,-28.17
959.0420,-28.92
959.0430,-29.66
959.0439,-28.18
959.0449,-26.69
959.0459,-25.84
959.0469,-24.99
959.0479,-25.77
959.0488,-26.54
959.0498,-27.04
959.0508,-27.54
959.0518,-27.48
959.0527,-27.42
959.0537,-29.03
959.0547,-30.64
959.0557,-30.64
959.0566,-30.65
959.0576,-29.01
959.0586,-27.37
959.0596,-27.61
959.0605,-27.86
959.0615,-28.72
959.0625,-29.58
959.0635,-28.61
959.0645,-27.64
959.0654,-28.60
959.0664,-29.55
959.0674,-29.68
959.0684,-29.80
959.0693,-27.76
959.0703,-25.71
959.0713,-25.57
959.0723,-25.43
959.0732,-27.44
959.0742,-29.45
959.0752,-28.79
959.0762,-28.14
959.0771,-28.66
959.0781,-29.18
959.0791,-28.18
959.0801,-27.18
959.0811,-26.53
959.0820,-25.88
959.0830,-26.78
959.0840,-27.68
959.0850,-28.46
959.0859,-29.23
959.0869,-29.25
959.0879,-29.27
959.0889,-30.22
959.0898,-31.17
959.0908,-29.38
959.0918,-27.59
959.0928,-27.88
959.0938,-28.17
959.0947,-29.88
959.0957,-31.59
959.0967,-31.04
959.0977,-30.50
959.0986,-29.74
959.0996,-28.98
959.1006,-30.21
959.1016,-31.43
959.1025,-30.51
959.1035,-29.58
959.1045,-29.97
959.1055,-30.37
959.1064,-31.97
959.1074,-33.57
959.1084,-33.21
959.1094,-32.84
959.1104,-31.79
959.1113,-30.74
959.1123,-31.15
959.1133,-31.56
959.1143,-31.31
959.1152,-31.06
959.1162,-30.54
959.1172,-30.02
959.1182,-30.87
959.1191,-31.72
959.1201,-33.19
959.1211,-34.66
959.1221,-34.13
959.1230,-33.61
959.1240,-35.65
959.1250,-37.69
959.1260,-39.20
959.1270,-40.71
959.1279,-40.06
959.1289,-39.41
959.1299,-39.70
959.1309,-39.98
959.1318,-39.36
959.1328,-38.73
959.1338,-38.93
959.1348,-39.13
959.1357,-39.28
959.1367,-39.44
959.1377,-39.88
959.1387,-40.33
959.1396,-41.28
959.1406,-42.24
959.1416,-41.60
959.1426,-40.97
959.1436,-39.81
959.1445,-38.64
959.1455,-38.82
959.1465,-38.99
959.1475,-40.99
959.1484,-42.99
959.1494,-43.31
959.1504,-43.62
959.1514,-44.03
959.1523,-44.44
959.1533,-44.77
959.1543,-45.09
959.1553,-44.23
959.1562,-43.36
959.1572,-44.22
959.1582,-45.08
959.1592,-46.62
959.1602,-48.16
959.1611,-48.35
959.1621,-48.54
959.1631,-48.38
959.1641,-48.21
959.1650,-48.44
959.1660,-48.67
959.1670,-49.25
959.1680,-49.84
959.1689,-50.27
959.1699,-50.70
959.1709,-51.20
959.1719,-51.71
959.1729,-52.21
959.1738,-52.71
959.1748,-52.12
959.1758,-51.53
959.1768,-51.34
959.1777,-51.15
959.1787,-50.04
959.1797,-48.93
959.1807,-48.02
959.1816,-47.12
959.1826,-47.68
959.1836,-48.23
959.1846,-49.86
959.1855,-51.50
959.1865,-52.44
959.1875,-53.38
959.1885,-52.52
959.1895,-51.67
959.1904,-50.89
959.1914,-50.12
959.1924,-50.73
959.1934,-51.33
959.1943,-51.00
959.1953,-50.66
959.1963,-49.46
959.1973,-48.26
959.1982,-46.81
959.1992,-45.70
959.2002,-47.52
959.2012,-48.11
959.2021,-48.92
959.2031,-51.82
959.2041,-49.46
959.2051,-48.46
959.2061,-47.95
959.2070,-45.94
959.2080,-46.36
959.2090,-48.13
959.2100,-48.22
959.2109,-48.47
959.2119,-48.96
959.2129,-48.51
959.2139,-48.78
959.2148,-49.63
959.2158,-48.04
959.2168,-47.16
959.2178,-46.66
959.2188,-45.35
959.2197,-46.51
959.2207,-48.47
959.2217,-49.21
959.2227,-49.15
959.2236,-49.21
959.2246,-50.15
959.2256,-50.22
959.2266,-49.26
959.2275,-49.93
959.2285,-51.54
959.2295,-50.72
959.2305,-50.85
959.2314,-51.62
959.2324,-51.71
959.2334,-52.34
959.2344,-51.95
959.2354,-52.25
959.2363,-53.49
959.2373,-51.08
959.2383,-48.33
959.2393,-47.77
959.2402,-46.78
959.2412,-48.14
959.2422,-48.96
959.2432,-49.40
959.2441,-50.37
959.2451,-47.98
959.2461,-45.27
959.2471,-45.32
959.2480,-45.60
959.2490,-47.33
959.2500,-49.68
959.2510,-49.29
959.2520,-48.35
959.2529,-48.20
959.2539,-47.83
959.2549,-49.03
959.2559,-49.97
959.2568,-50.65
959.2578,-50.53
959.2588,-50.24
959.2598,-50.45
959.2607,-50.23
959.2617,-50.53
959.2627,-50.19
959.2637,-50.59
959.2646,-50.19
959.2656,-49.08
959.2666,-49.95
959.2676,-49.72
959.2686,-49.34
959.2695,-49.88
959.2705,-49.13
959.2715,-47.64
959.2725,-47.63
959.2734,-46.62
959.2744,-46.14
959.2754,-46.95
959.2764,-47.99
959.2773,-48.58
959.2783,-49.26
959.2793,-50.63
959.2803,-50.42
959.2812,-49.28
959.2822,-48.43
959.2832,-48.96
959.2842,-47.22
959.2852,-43.93
959.2861,-43.73
959.2871,-44.20
959.2881,-45.70
959.2891,-48.22
959.2900,-47.33
959.2910,-48.36
959.2920,-46.16
959.2930,-45.98
959.2939,-44.81
959.2949,-45.48
959.2959,-44.61
959.2969,-45.87
959.2979,-45.49
959.2988,-45.11
959.2998,-44.82
959.3008,-44.53
959.3018,-44.80
959.3027,-45.06
959.3037,-45.31
959.3047,-45.55
959.3057,-45.58
959.3066,-45.60
959.3076,-43.65
959.3086,-41.71
959.3096,-40.01
959.3105,-38.32
959.3115,-38.19
959.3125,-38.06
959.3135,-40.35
959.3145,-42.64
959.3154,-43.13
959.3164,-43.62
959.3174,-44.84
959.3184,-46.07
959.3193,-46.92
959.3203,-47.77
959.3213,-45.60
959.3223,-43.43
959.3232,-42.66
959.3242,-41.90
959.3252,-42.13
959.3262,-42.37
959.3271,-41.29
959.3281,-40.20
959.3291,-40.78
959.3301,-41.36
959.3311,-39.87
959.3320,-38.39
959.3330,-37.54
959.3340,-36.70
959.3350,-37.54
959.3359,-38.38
959.3369,-38.70
959.3379,-39.01
959.3389,-38.31
959.3398,-37.62
959.3408,-38.03
959.3418,-38.44
959.3428,-36.44
959.3438,-34.44
959.3447,-34.44
959.3457,-34.43
959.3467,-34.06
959.3477,-33.68
959.3486,-33.76
959.3496,-33.83
959.3506,-35.46
959.3516,-37.08
959.3525,-36.23
959.3535,-35.38
959.3545,-36.11
959.3555,-36.84
959.3564,-36.77
959.3574,-36.69
959.3584,-35.62
959.3594,-34.54
959.3604,-35.30
959.3613,-36.06
959.3623,-37.39
959.3633,-38.71
959.3643,-38.28
959.3652,-37.86
959.3662,-39.16
959.3672,-40.47
959.3682,-39.98
959.3691,-39.49
959.3701,-40.42
959.3711,-41.34
959.3721,-43.40
959.3730,-45.45
959.3740,-43.82
959.3750,-42.18
959.3760,-41.10
959.3770,-40.03
959.3779,-39.31
959.3789,-38.60
959.3799,-35.75
959.3809,-32.90
959.3818,-32.96
959.3828,-33.01
959.3838,-34.90
959.3848,-36.79
959.3857,-38.67
959.3867,-40.55
959.3877,-40.36
959.3887,-40.18
959.3896,-40.08
959.3906,-39.98
959.3916,-39.33
959.3926,-38.69
959.3936,-38.33
959.3945,-37.98
959.3955,-38.00
959.3965,-38.03
959.3975,-37.90
959.3984,-37.77
959.3994,-37.70
959.4004,-37.63
959.4014,-38.83
959.4023,-40.03
959.4033,-41.04
959.4043,-42.06
959.4053,-39.91
959.4062,-37.76
959.4072,-36.88
959.4082,-36.00
959.4092,-37.61
959.4102,-39.22
959.4111,-39.13
959.4121,-39.03
959.4131,-39.29
959.4141,-39.55
959.4150,-37.60
959.4160,-35.65
959.4170,-33.44
959.4180,-31.23
959.4189,-31.99
959.4199,-32.74
959.4209,-33.91
959.4219,-35.07
959.4229,-35.65
959.4238,-36.23
959.4248,-35.79
959.4258,-35.35
959.4268,-36.01
959.4277,-36.68
959.4287,-36.74
959.4297,-36.79
959.4307,-37.28
959.4316,-37.76
959.4326,-38.77
959.4336,-39.77
959.4346,-39.70
959.4355,-39.63
959.4365,-41.30
959.4375,-42.97
959.4385,-40.68
959.4395,-38.39
959.4404,-37.56
959.4414,-36.73
959.4424,-37.74
959.4434,-38.75
959.4443,-37.19
959.4453,-35.62
959.4463,-35.10
959.4473,-34.58
959.4482,-35.36
959.4492,-36.15
959.4502,-36.28
959.4512,-36.41
959.4521,-36.45
959.4531,-36.49
959.4541,-37.94
959.4551,-39.38
959.4561,-38.76
959.4570,-38.14
959.4580,-36.43
959.4590,-34.71
959.4600,-35.38
959.4609,-36.04
959.4619,-36.51
959.4629,-36.98
959.4639,-36.15
959.4648,-35.33
959.4658,-37.07
959.4668,-38.82
959.4678,-38.38
959.4688,-37.95
959.4697,-35.67
959.4707,-33.39
959.4717,-33.92
959.4727,-34.45
959.4736,-36.72
959.4746,-38.99
959.4756,-37.96
959.4766,-36.93
959.4775,-37.96
959.4785,-38.99
959.4795,-37.98
959.4805,-36.97
959.4814,-36.73
959.4824,-36.49
959.4834,-37.90
959.4844,-39.31
959.4854,-39.81
959.4863,-40.32
959.4873,-40.99
959.4883,-41.65
959.4893,-42.54
959.4902,-43.42
959.4912,-41.80
959.4922,-40.18
959.4932,-41.17
959.4941,-42.16
959.4951,-43.81
959.4961,-45.46
959.4971,-44.51
959.4980,-43.56
959.4990,-43.34
959.5000,-43.11
959.5010,-43.97
959.5020,-44.84
959.5029,-44.00
959.5039,-43.16
959.5049,-44.12
959.5059,-45.08
959.5068,-45.95
959.5078,-46.81
959.5088,-45.58
959.5098,-44.34
959.5107,-43.42
959.5117,-42.51
959.5127,-43.20
959.5137,-43.90
959.5146,-43.51
959.5156,-43.12
959.5166,-42.52
959.5176,-41.91
959.5186,-42.41
959.5195,-42.91
959.5205,-43.49
959.5215,-44.07
959.5225,-43.68
959.5234,-43.30
959.5244,-45.05
959.5254,-46.81
959.5264,-46.82
959.5273,-46.84
959.5283,-46.92
959.5293,-47.01
959.5303,-47.13
959.5312,-47.25
959.5322,-46.09
959.5332,-44.93
959.5342,-45.08
959.5352,-45.22
959.5361,-45.07
959.5371,-44.91
959.5381,-44.65
959.5391,-44.39
959.5400,-45.50
959.5410,-46.61
959.5420,-45.84
959.5430,-45.06
959.5439,-44.01
959.5449,-42.97
959.5459,-43.35
959.5469,-43.74
959.5479,-43.38
959.5488,-43.02
959.5498,-44.28
959.5508,-45.53
959.5518,-45.29
959.5527,-45.04
959.5537,-44.43
959.5547,-43.82
959.5557,-43.59
959.5566,-43.35
959.5576,-42.89
959.5586,-42.43
959.5596,-42.59
959.5605,-42.74
959.5615,-44.19
959.5625,-45.63
959.5635,-45.04
959.5645,-44.46
959.5654,-44.83
959.5664,-45.20
959.5674,-45.06
959.5684,-44.92
959.5693,-44.94
959.5703,-44.96
959.5713,-46.61
959.5723,-48.27
959.5732,-48.77
959.5742,-49.28
959.5752,-47.63
959.5762,-45.99
959.5771,-45.46
959.5781,-44.93
959.5791,-42.99
959.5801,-41.06
959.5811,-40.23
959.5820,-39.39
959.5830,-40.36
959.5840,-41.32
959.5850,-43.03
959.5859,-44.73
959.5869,-45.08
959.5879,-45.44
959.5889,-45.12
959.5898,-44.81
959.5908,-44.64
959.5918,-44.46
959.5928,-43.52
959.5938,-42.57
959.5947,-41.99
959.5957,-41.41
959.5967,-41.34
959.5977,-41.28
959.5986,-40.79
959.5996,-40.29
959.6006,-40.70
959.6016,-41.10
959.6025,-42.30
959.6035,-43.49
959.6045,-42.14
959.6055,-40.78
959.6064,-38.98
959.6074,-37.19
959.6084,-38.22
959.6094,-39.26
959.6104,-40.94
959.6113,-42.62
959.6123,-42.39
959.6133,-42.16
959.6143,-41.92
959.6152,-41.68
959.6162,-39.05
959.6172,-36.41
959.6182,-36.21
959.6191,-36.02
959.6201,-37.63
959.6211,-39.23
959.6221,-39.70
959.6230,-40.16
959.6240,-39.91
959.6250,-39.66
959.6260,-39.14
959.6270,-38.62
959.6279,-39.72
959.6289,-40.82
959.6299,-40.40
959.6309,-39.98
959.6318,-40.59
959.6328,-41.19
959.6338,-40.27
959.6348,-39.34
959.6357,-39.92
959.6367,-40.49
959.6377,-40.04
959.6387,-39.59
959.6396,-37.84
959.6406,-36.09
959.6416,-37.67
959.6426,-39.25
959.6436,-38.55
959.6445,-37.84
959.6455,-36.11
959.6465,-34.39
959.6475,-34.76
959.6484,-35.14
959.6494,-36.56
959.6504,-37.98
959.6514,-37.79
959.6523,-37.60
959.6533,-38.80
959.6543,-39.99
959.6553,-40.55
959.6562,-41.10
959.6572,-39.75
959.6582,-38.40
959.6592,-37.86
959.6602,-37.33
959.6611,-38.45
959.6621,-39.57
959.6631,-38.70
959.6641,-37.84
959.6650,-38.54
959.6660,-39.24
959.6670,-40.97
959.6680,-42.69
959.6689,-41.32
959.6699,-39.94
959.6709,-39.41
959.6719,-38.88
959.6729,-40.55
959.6738,-42.21
959.6748,-42.50
959.6758,-42.78
959.6768,-42.34
959.6777,-41.89
959.6787,-41.68
959.6797,-41.47
959.6807,-40.32
959.6816,-39.17
959.6826,-39.89
959.6836,-40.60
959.6846,-42.03
959.6855,-43.46
959.6865,-43.66
959.6875,-43.86
959.6885,-44.87
959.6895,-45.88
959.6904,-44.34
959.6914,-42.79
959.6924,-42.58
959.6934,-42.36
959.6943,-43.77
959.6953,-45.19
959.6963,-45.63
959.6973,-46.08
959.6982,-44.77
959.6992,-43.47
959.7002,-44.29
959.7012,-45.12
959.7021,-44.71
959.7031,-44.31
959.7041,-44.07
959.7051,-43.84
959.7061,-45.26
959.7070,-46.68
959.7080,-47.43
959.7090,-48.18
959.7100,-47.43
959.7109,-46.67
959.7119,-46.72
959.7129,-46.76
959.7139,-46.19
959.7148,-45.62
959.7158,-45.01
959.7168,-44.39
959.7178,-45.43
959.7188,-46.46
959.7197,-48.19
959.7207,-49.92
959.7217,-48.89
959.7227,-47.86
959.7236,-48.39
959.7246,-48.92
959.7256,-50.13
959.7266,-51.34
959.7275,-49.84
959.7285,-48.34
959.7295,-48.41
959.7305,-48.48
959.7314,-48.96
959.7324,-49.44
959.7334,-48.82
959.7344,-48.21
959.7354,-48.47
959.7363,-48.73
959.7373,-49.19
959.7383,-49.64
959.7393,-50.09
959.7402,-50.53
959.7412,-49.67
959.7422,-48.82
959.7432,-48.15
959.7441,-47.48
959.7451,-48.31
959.7461,-49.15
959.7471,-49.29
959.7480,-49.44
959.7490,-49.87
959.7500,-50.30
959.7510,-51.19
959.7520,-52.08
959.7529,-51.71
959.7539,-51.35
959.7549,-51.22
959.7559,-51.10
959.7568,-50.77
959.7578,-50.44
959.7588,-50.09
959.7598,-49.74
959.7607,-50.72
959.7617,-51.69
959.7627,-51.71
959.7637,-51.72
959.7646,-51.25
959.7656,-50.78
959.7666,-51.06
959.7676,-51.34
959.7686,-51.35
959.7695,-51.36
959.7705,-52.33
959.7715,-53.30
959.7725,-53.99
959.7734,-54.68
959.7744,-52.46
959.7754,-50.24
959.7764,-49.41
959.7773,-48.58
959.7783,-48.51
959.7793,-48.43
959.7803,-47.45
959.7812,-46.46
959.7822,-46.58
959.7832,-46.70
959.7842,-48.06
959.7852,-49.42
959.7861,-51.40
959.7871,-53.38
959.7881,-52.15
959.7891,-50.91
959.7900,-49.18
959.7910,-47.45
959.7920,-48.23
959.7930,-49.02
959.7939,-49.41
959.7949,-49.79
959.7959,-49.30
959.7969,-48.81
959.7979,-48.68
959.7988,-48.54
959.7998,-48.43
959.8008,-48.32
959.8018,-48.92
959.8027,-49.51
959.8037,-49.46
959.8047,-49.42
959.8057,-48.22
959.8066,-47.01
959.8076,-46.81
959.8086,-46.61
959.8096,-48.25
959.8105,-49.89
959.8115,-50.32
959.8125,-50.75
959.8135,-50.85
959.8145,-50.95
959.8154,-48.82
959.8164,-46.68
959.8174,-45.60
959.8184,-44.52
959.8193,-45.37
959.8203,-46.23
959.8213,-47.04
959.8223,-47.85
959.8232,-46.89
959.8242,-45.93
959.8252,-46.04
959.8262,-46.14
959.8271,-46.32
959.8281,-46.50
959.8291,-45.11
959.8301,-43.72
959.8311,-44.05
959.8320,-44.39
959.8330,-46.39
959.8340,-48.39
959.8350,-49.39
959.8359,-50.40
959.8369,-50.21
959.8379,-50.02
959.8389,-48.26
959.8398,-46.50
959.8408,-46.28
959.8418,-46.07
959.8428,-47.26
959.8438,-48.46
959.8447,-46.89
959.8457,-45.32
959.8467,-44.96
959.8477,-44.59
959.8486,-45.54
959.8496,-46.49
959.8506,-47.27
959.8516,-48.06
959.8525,-48.58
959.8535,-49.10
959.8545,-49.17
959.8555,-49.23
959.8564,-49.27
959.8574,-49.30
959.8584,-48.76
959.8594,-48.23
959.8604,-48.58
959.8613,-48.93
959.8623,-48.99
959.8633,-49.06
959.8643,-48.61
959.8652,-48.17
959.8662,-48.76
959.8672,-49.35
959.8682,-48.68
959.8691,-48.00
959.8701,-46.95
959.8711,-45.90
959.8721,-46.53
959.8730,-47.17
959.8740,-49.42
959.8750,-51.67
959.8760,-50.27
959.8770,-48.86
959.8779,-46.57
959.8789,-44.28
959.8799,-45.24
959.8809,-46.20
959.8818,-47.39
959.8828,-48.58
959.8838,-49.49
959.8848,-50.41
959.8857,-50.16
959.8867,-49.91
959.8877,-51.22
959.8887,-52.53
959.8896,-52.59
959.8906,-52.66
959.8916,-51.62
959.8926,-50.58
959.8936,-50.23
959.8945,-49.89
959.8955,-50.41
959.8965,-50.93
959.8975,-50.48
959.8984,-50.03
959.8994,-50.74
959.9004,-51.45
959.9014,-50.60
959.9023,-49.76
959.9033,-49.83
959.9043,-49.91
959.9053,-51.42
959.9062,-52.92
959.9072,-52.91
959.9082,-52.89
959.9092,-51.62
959.9102,-50.34
959.9111,-50.35
959.9121,-50.35
959.9131,-50.83
959.9141,-51.32
959.9150,-50.28
959.9160,-49.24
959.9170,-47.12
959.9180,-45.01
959.9189,-44.56
959.9199,-44.12
959.9209,-46.14
959.9219,-48.16
959.9229,-48.80
959.9238,-49.44
959.9248,-47.14
959.9258,-44.84
959.9268,-43.92
959.9277,-43.01
959.9287,-46.23
959.9297,-49.45
959.9307,-51.45
959.9316,-53.45
959.9326,-52.85
959.9336,-52.25
959.9346,-51.49
959.9355,-50.73
959.9365,-51.93
959.9375,-53.12
959.9385,-53.75
959.9395,-54.37
959.9404,-54.17
959.9414,-53.96
959.9424,-53.28
959.9434,-52.59
959.9443,-52.74
959.9453,-52.88
959.9463,-52.99
959.9473,-53.11
959.9482,-52.83
959.9492,-52.55
959.9502,-52.06
959.9512,-51.57
959.9521,-52.17
959.9531,-52.77
959.9541,-52.33
959.9551,-51.89
959.9561,-52.28
959.9570,-52.68
959.9580,-52.21
959.9590,-51.75
959.9600,-52.46
959.9609,-53.17
959.9619,-53.59
959.9629,-54.01
959.9639,-52.18
959.9648,-50.35
959.9658,-47.02
959.9668,-43.68
959.9678,-45.09
959.9688,-46.49
959.9697,-49.77
959.9707,-53.04
959.9717,-52.93
959.9727,-52.82
959.9736,-50.59
959.9746,-48.36
959.9756,-49.09
959.9766,-49.83
959.9775,-51.53
959.9785,-53.24
959.9795,-53.21
959.9805,-53.18
959.9814,-51.89
959.9824,-50.59
959.9834,-50.73
959.9844,-50.88
959.9854,-51.58
959.9863,-52.28
959.9873,-52.32
959.9883,-52.35
959.9893,-51.70
959.9902,-51.04
959.9912,-50.98
959.9922,-50.92
959.9932,-51.36
959.9941,-51.79
959.9951,-49.54
959.9961,-47.29
959.9971,-46.40
959.9980,-45.50
959.9990,-48.28
